window,sentence_id,actor,concept,distance,actor_from_coref,sentence_rewritten
buildup_may,0001_002,IRAN,diplomacy,1,False,False
buildup_may,0001_002,USA,diplomacy,3,False,False
buildup_may,0001_003,IRAN,diplomacy,4,False,False
buildup_may,0001_003,USA,diplomacy,17,False,False
buildup_may,0001_006,USA,diplomacy,1,False,False
buildup_may,0001_006,IRAN,diplomacy,0,False,False
buildup_may,0001_007,SAUDI_ARABIA,diplomacy,5,False,False
buildup_may,0001_007,USA,diplomacy,1,False,False
buildup_may,0001_007,IRAN,diplomacy,0,False,False
buildup_may,0001_008,USA,diplomacy,2,False,False
buildup_may,0001_008,IRAN,diplomacy,1,False,False
buildup_may,0001_008,CHINA,diplomacy,19,False,False
buildup_may,0001_009,USA,diplomacy,6,False,False
buildup_may,0001_009,OMAN,diplomacy,10,False,False
buildup_may,0001_010,USA,diplomacy,1,False,False
buildup_apr,0002_001,IAEA,military_action,26,False,False
buildup_apr,0002_001,IAEA,nuclear_program,0,False,False
buildup_apr,0002_001,IAEA,deterrence,24,False,False
buildup_apr,0002_001,IRAN,military_action,0,False,False
buildup_apr,0002_001,IRAN,nuclear_program,8,False,False
buildup_apr,0002_001,IRAN,deterrence,2,False,False
buildup_apr,0002_001,ARAGHCHI,military_action,10,False,False
buildup_apr,0002_001,ARAGHCHI,nuclear_program,14,False,False
buildup_apr,0002_001,ARAGHCHI,deterrence,8,False,False
buildup_apr,0002_001,USA,military_action,5,False,False
buildup_apr,0002_001,USA,nuclear_program,20,False,False
buildup_apr,0002_001,USA,deterrence,3,False,False
buildup_apr,0002_001,TRUMP,military_action,2,False,False
buildup_apr,0002_001,TRUMP,nuclear_program,22,False,False
buildup_apr,0002_001,TRUMP,deterrence,0,False,False
buildup_apr,0002_002,ARAGHCHI,nuclear_program,11,False,False
buildup_apr,0002_002,IAEA,nuclear_program,0,False,False
buildup_apr,0002_002,GROSSI,nuclear_program,0,False,False
buildup_apr,0002_003,ARAGHCHI,nuclear_program,19,True,True
buildup_apr,0002_003,ARAGHCHI,deterrence,7,True,True
buildup_apr,0002_003,IRAN,nuclear_program,0,True,True
buildup_apr,0002_003,IRAN,deterrence,0,True,True
buildup_apr,0002_008,TRUMP,military_action,2,False,True
buildup_apr,0002_008,TRUMP,nuclear_program,18,False,True
buildup_apr,0002_008,IRAN,military_action,1,False,True
buildup_apr,0002_008,IRAN,nuclear_program,0,False,True
buildup_apr,0002_008,USA,military_action,11,False,True
buildup_apr,0002_008,USA,nuclear_program,2,False,True
buildup_apr,0002_009,IRAN,military_action,8,True,True
buildup_apr,0002_009,TRUMP,military_action,0,True,True
buildup_apr,0002_011,TRUMP,military_action,46,False,False
buildup_apr,0002_011,TRUMP,nuclear_program,22,False,False
buildup_apr,0002_011,TRUMP,deterrence,0,False,False
buildup_apr,0002_011,IRAN,military_action,0,False,False
buildup_apr,0002_011,IRAN,nuclear_program,3,False,False
buildup_apr,0002_011,IRAN,deterrence,17,False,False
buildup_apr,0002_011,USA,military_action,2,False,False
buildup_apr,0002_011,USA,nuclear_program,6,False,False
buildup_apr,0002_011,USA,deterrence,29,False,False
buildup_apr,0002_011,ISRAEL,military_action,0,False,False
buildup_apr,0002_011,ISRAEL,nuclear_program,10,False,False
buildup_apr,0002_011,ISRAEL,deterrence,33,False,False
buildup_apr,0002_012,ARAGHCHI,military_action,39,False,False
buildup_apr,0002_012,ARAGHCHI,nuclear_program,26,False,False
buildup_apr,0002_012,IRAN,military_action,34,False,False
buildup_apr,0002_012,IRAN,nuclear_program,21,False,False
buildup_apr,0002_012,KHAMENEI,military_action,20,False,False
buildup_apr,0002_012,KHAMENEI,nuclear_program,7,False,False
buildup_apr,0002_014,TRUMP,deterrence,0,False,False
buildup_apr,0002_017,TRUMP,nuclear_program,7,False,True
buildup_apr,0002_017,TRUMP,diplomacy,6,False,True
buildup_apr,0002_017,IRAN,nuclear_program,3,False,True
buildup_apr,0002_017,IRAN,diplomacy,10,False,True
buildup_apr,0002_017,UAE,nuclear_program,17,False,True
buildup_apr,0002_017,UAE,diplomacy,2,False,True
buildup_apr,0002_018,TRUMP,diplomacy,5,True,True
buildup_apr,0002_018,IRAN,diplomacy,1,False,True
buildup_apr,0002_019,USA,diplomacy,15,False,True
buildup_apr,0002_019,TRUMP,diplomacy,3,True,True
buildup_apr,0002_019,IRAN,diplomacy,1,False,True
buildup_apr,0002_020,IRAN,deterrence,27,False,True
buildup_apr,0002_020,IRAN,diplomacy,21,False,True
buildup_apr,0002_020,USA,deterrence,10,False,True
buildup_apr,0002_020,USA,diplomacy,4,False,True
buildup_apr,0002_020,OMAN,deterrence,19,False,True
buildup_apr,0002_020,OMAN,diplomacy,13,False,True
buildup_apr,0002_021,ARAGHCHI,deterrence,5,False,True
buildup_apr,0002_023,TRUMP,military_action,2,False,True
buildup_apr,0002_023,TRUMP,nuclear_program,18,False,True
buildup_apr,0002_023,IRAN,military_action,1,False,True
buildup_apr,0002_023,IRAN,nuclear_program,0,False,True
buildup_apr,0002_023,USA,military_action,11,False,True
buildup_apr,0002_023,USA,nuclear_program,2,False,True
buildup_apr,0002_024,IRAN,military_action,5,False,False
buildup_apr,0002_024,IRAN,nuclear_program,2,False,False
buildup_apr,0002_024,IRAN,deterrence,6,False,False
buildup_apr,0002_024,IAEA,military_action,2,False,False
buildup_apr,0002_024,IAEA,nuclear_program,0,False,False
buildup_apr,0002_024,IAEA,deterrence,3,False,False
buildup_apr,0002_024,TRUMP,military_action,0,False,False
buildup_apr,0002_024,TRUMP,nuclear_program,1,False,False
buildup_apr,0002_024,TRUMP,deterrence,1,False,False
buildup_may,0003_000,IRAN,nuclear_program,5,False,False
buildup_may,0003_000,IRAN,deterrence,18,False,False
buildup_may,0003_001,ARAGHCHI,nuclear_program,17,False,False
buildup_may,0003_001,USA,nuclear_program,4,False,False
buildup_may,0003_001,IRAN,nuclear_program,1,False,False
buildup_may,0003_005,USA,nuclear_program,33,False,True
buildup_may,0003_005,IRAN,nuclear_program,5,False,True
buildup_may,0003_005,ARAGHCHI,nuclear_program,2,True,True
buildup_may,0003_006,IRAN,nuclear_program,5,True,True
buildup_may,0003_008,ARAGHCHI,nuclear_program,6,False,False
buildup_may,0003_008,IRAN,nuclear_program,3,False,False
buildup_may,0003_009,ARAGHCHI,nuclear_program,2,True,True
buildup_may,0003_009,IRAN,nuclear_program,4,False,True
buildup_may,0003_010,ISRAEL,military_action,2,False,False
buildup_may,0003_010,ISRAEL,deterrence,0,False,False
buildup_may,0003_010,IRAN,military_action,0,False,False
buildup_may,0003_010,IRAN,deterrence,2,False,False
buildup_may,0003_010,ARAGHCHI,military_action,3,False,False
buildup_may,0003_010,ARAGHCHI,deterrence,5,False,False
buildup_may,0003_011,ARAGHCHI,military_action,8,True,True
buildup_may,0003_011,USA,military_action,5,False,True
buildup_may,0003_011,ISRAEL,military_action,0,False,True
buildup_may,0003_012,ARAGHCHI,deterrence,10,False,False
buildup_may,0003_012,ARAGHCHI,diplomacy,7,False,False
buildup_may,0003_012,EU,deterrence,7,False,False
buildup_may,0003_012,EU,diplomacy,4,False,False
buildup_may,0003_012,IRAN,deterrence,10,False,False
buildup_may,0003_012,IRAN,diplomacy,12,False,False
buildup_may,0003_013,ARAGHCHI,nuclear_program,14,True,True
buildup_may,0003_013,IRAN,nuclear_program,5,False,True
buildup_may,0003_014,IRAN,diplomacy,8,False,False
buildup_may,0003_014,USA,diplomacy,1,False,False
buildup_may,0003_014,OMAN,diplomacy,27,False,False
buildup_may,0003_015,USA,nuclear_program,2,False,True
buildup_may,0003_015,IRAN,nuclear_program,0,False,True
buildup_may,0003_017,USA,nuclear_program,4,False,False
buildup_may,0003_017,IRAN,nuclear_program,0,False,False
buildup_may,0003_020,USA,nuclear_program,3,False,False
buildup_apr,0004_001,IRAN,military_action,33,False,False
buildup_apr,0004_001,IRAN,nuclear_program,5,False,False
buildup_apr,0004_001,USA,military_action,16,False,False
buildup_apr,0004_001,USA,nuclear_program,7,False,False
buildup_apr,0004_001,ISRAEL,military_action,14,False,False
buildup_apr,0004_001,ISRAEL,nuclear_program,11,False,False
buildup_apr,0004_002,USA,military_action,2,False,False
buildup_apr,0004_002,USA,nuclear_program,17,False,False
buildup_apr,0004_002,ISRAEL,military_action,0,False,False
buildup_apr,0004_002,ISRAEL,nuclear_program,15,False,False
buildup_apr,0004_002,IRAN,military_action,0,False,False
buildup_apr,0004_002,IRAN,nuclear_program,8,False,False
buildup_apr,0004_004,USA,military_action,10,False,True
buildup_apr,0004_004,USA,nuclear_program,2,False,True
buildup_apr,0004_004,TRUMP,military_action,2,False,True
buildup_apr,0004_004,TRUMP,nuclear_program,18,False,True
buildup_apr,0004_004,IRAN,military_action,1,False,True
buildup_apr,0004_004,IRAN,nuclear_program,0,False,True
buildup_apr,0004_005,IRAN,military_action,8,True,True
buildup_apr,0004_005,TRUMP,military_action,0,True,True
buildup_apr,0004_006,KHAMENEI,nuclear_program,13,False,False
buildup_apr,0004_008,IRAN,military_action,1,False,False
buildup_apr,0004_011,TRUMP,nuclear_program,7,False,True
buildup_apr,0004_011,TRUMP,diplomacy,6,False,True
buildup_apr,0004_011,IRAN,nuclear_program,3,False,True
buildup_apr,0004_011,IRAN,diplomacy,10,False,True
buildup_apr,0004_011,UAE,nuclear_program,20,False,True
buildup_apr,0004_011,UAE,diplomacy,5,False,True
buildup_apr,0004_012,TRUMP,diplomacy,5,True,True
buildup_apr,0004_012,IRAN,diplomacy,1,False,True
buildup_apr,0004_013,USA,diplomacy,15,False,True
buildup_apr,0004_013,TRUMP,diplomacy,3,True,True
buildup_apr,0004_013,IRAN,diplomacy,1,False,True
buildup_apr,0004_014,IRAN,deterrence,25,False,True
buildup_apr,0004_014,IRAN,diplomacy,19,False,True
buildup_apr,0004_014,TRUMP,deterrence,22,False,True
buildup_apr,0004_014,TRUMP,diplomacy,16,False,True
buildup_apr,0004_014,OMAN,deterrence,19,False,True
buildup_apr,0004_014,OMAN,diplomacy,13,False,True
buildup_apr,0004_014,USA,deterrence,10,False,True
buildup_apr,0004_014,USA,diplomacy,4,False,True
buildup_apr,0004_017,TRUMP,military_action,2,False,True
buildup_apr,0004_017,TRUMP,nuclear_program,18,False,True
buildup_apr,0004_017,IRAN,military_action,1,False,True
buildup_apr,0004_017,IRAN,nuclear_program,0,False,True
buildup_apr,0004_017,USA,military_action,11,False,True
buildup_apr,0004_017,USA,nuclear_program,2,False,True
buildup_apr,0004_018,IRAN,military_action,0,False,True
buildup_apr,0004_018,IRAN,nuclear_program,2,False,True
buildup_may,0005_002,IRAN,diplomacy,0,False,False
buildup_may,0005_002,IRAN,strike_claims,12,False,False
buildup_may,0005_003,IRAN,deterrence,11,False,True
buildup_may,0005_003,IRAN,diplomacy,3,False,True
buildup_may,0005_003,IRAN,strike_claims,5,False,True
buildup_may,0005_004,IRAN,diplomacy,3,False,True
buildup_may,0005_004,USA,diplomacy,26,False,True
buildup_may,0005_011,IRAN,nuclear_program,1,False,False
buildup_may,0005_011,IRAN,diplomacy,12,False,False
buildup_may,0005_011,USA,nuclear_program,8,False,False
buildup_may,0005_011,USA,diplomacy,1,False,False
buildup_may,0005_011,OMAN,nuclear_program,20,False,False
buildup_may,0005_011,OMAN,diplomacy,1,False,False
buildup_may,0005_012,IRAN,diplomacy,6,False,False
buildup_may,0005_012,USA,diplomacy,4,False,False
buildup_may,0006_001,IRAN,diplomacy,1,False,True
buildup_may,0006_001,USA,diplomacy,4,False,True
buildup_may,0006_001,OMAN,diplomacy,1,False,True
buildup_may,0006_002,IRAN,nuclear_program,12,False,False
buildup_may,0006_002,IRAN,diplomacy,4,False,False
buildup_may,0006_002,USA,nuclear_program,7,False,False
buildup_may,0006_002,USA,diplomacy,16,False,False
buildup_may,0006_002,IAEA,nuclear_program,0,False,False
buildup_may,0006_002,IAEA,diplomacy,19,False,False
buildup_may,0006_003,IRAN,nuclear_program,1,False,True
buildup_may,0006_003,IRAN,deterrence,1,False,True
buildup_may,0006_003,IRAN,diplomacy,1,False,True
buildup_may,0006_004,IRAN,military_action,16,False,True
buildup_may,0006_004,IRAN,nuclear_program,3,False,True
buildup_may,0006_005,IAEA,nuclear_program,0,False,False
buildup_may,0006_005,IRAN,nuclear_program,2,False,False
buildup_may,0006_006,IAEA,nuclear_program,12,False,False
buildup_may,0006_007,IRAN,nuclear_program,1,False,False
buildup_may,0006_010,IRAN,diplomacy,6,False,False
buildup_may,0006_010,USA,diplomacy,2,False,False
buildup_may,0007_000,IRAN,nuclear_program,1,False,True
buildup_may,0007_000,IRAN,diplomacy,7,False,True
buildup_may,0007_000,USA,nuclear_program,6,False,True
buildup_may,0007_000,USA,diplomacy,9,False,True
buildup_may,0007_003,IRAN,deterrence,9,False,False
buildup_may,0007_003,ARAGHCHI,deterrence,5,False,False
buildup_may,0007_005,ARAGHCHI,nuclear_program,4,False,False
buildup_may,0007_007,USA,nuclear_program,19,False,True
buildup_may,0007_007,IRAN,nuclear_program,0,False,True
buildup_may,0007_008,IRAN,nuclear_program,0,False,True
buildup_may,0007_010,ARAGHCHI,nuclear_program,15,False,True
buildup_may,0007_010,IRAN,nuclear_program,6,False,True
buildup_may,0007_012,USA,nuclear_program,0,True,True
buildup_may,0007_012,USA,deterrence,12,True,True
buildup_may,0007_012,USA,diplomacy,15,True,True
buildup_may,0007_012,IRAN,nuclear_program,1,False,True
buildup_may,0007_012,IRAN,deterrence,6,False,True
buildup_may,0007_012,IRAN,diplomacy,9,False,True
buildup_may,0007_014,IRAN,nuclear_program,1,False,False
buildup_may,0007_014,IRAN,diplomacy,24,False,False
buildup_may,0007_014,USA,nuclear_program,4,False,False
buildup_may,0007_014,USA,diplomacy,1,False,False
buildup_may,0007_017,USA,diplomacy,4,False,False
buildup_may,0007_019,IRAN,nuclear_program,17,False,False
buildup_may,0007_019,USA,nuclear_program,14,False,False
buildup_may,0007_019,ISRAEL,nuclear_program,8,False,False
buildup_may,0007_019,NETANYAHU,nuclear_program,4,False,False
buildup_may,0007_023,USA,diplomacy,2,False,False
buildup_may,0007_023,IRAN,diplomacy,4,False,False
buildup_apr,0008_001,USA,military_action,2,False,False
buildup_apr,0008_001,USA,nuclear_program,7,False,False
buildup_apr,0008_001,ISRAEL,military_action,4,False,False
buildup_apr,0008_001,ISRAEL,nuclear_program,5,False,False
buildup_apr,0008_001,IRAN,military_action,9,False,False
buildup_apr,0008_001,IRAN,nuclear_program,0,False,False
buildup_apr,0008_002,USA,military_action,2,False,False
buildup_apr,0008_002,USA,nuclear_program,17,False,False
buildup_apr,0008_002,ISRAEL,military_action,0,False,False
buildup_apr,0008_002,ISRAEL,nuclear_program,15,False,False
buildup_apr,0008_002,IRAN,military_action,0,False,False
buildup_apr,0008_002,IRAN,nuclear_program,8,False,False
buildup_apr,0008_004,USA,military_action,10,False,True
buildup_apr,0008_004,USA,nuclear_program,2,False,True
buildup_apr,0008_004,TRUMP,military_action,2,False,True
buildup_apr,0008_004,TRUMP,nuclear_program,18,False,True
buildup_apr,0008_004,IRAN,military_action,1,False,True
buildup_apr,0008_004,IRAN,nuclear_program,0,False,True
buildup_apr,0008_005,IRAN,military_action,8,True,True
buildup_apr,0008_007,IRAN,military_action,1,False,False
buildup_apr,0008_007,IRAN,nuclear_program,7,False,False
buildup_apr,0008_007,USA,military_action,28,False,False
buildup_apr,0008_007,USA,nuclear_program,3,False,False
buildup_apr,0008_010,TRUMP,diplomacy,19,False,False
buildup_apr,0008_010,IRAN,diplomacy,14,False,False
buildup_apr,0008_010,UAE,diplomacy,6,False,False
buildup_apr,0008_011,USA,diplomacy,16,False,True
buildup_apr,0008_011,TRUMP,diplomacy,3,True,True
buildup_apr,0008_011,IRAN,diplomacy,1,False,True
buildup_apr,0008_013,IRAN,military_action,1,False,True
buildup_apr,0008_013,IRAN,nuclear_program,0,False,True
buildup_apr,0008_013,IRAN,diplomacy,7,False,True
buildup_apr,0008_013,TRUMP,military_action,2,False,True
buildup_apr,0008_013,TRUMP,nuclear_program,18,False,True
buildup_apr,0008_013,TRUMP,diplomacy,7,False,True
buildup_apr,0008_013,OMAN,military_action,28,False,True
buildup_apr,0008_013,OMAN,nuclear_program,44,False,True
buildup_apr,0008_013,OMAN,diplomacy,4,False,True
buildup_apr,0008_013,USA,military_action,11,False,True
buildup_apr,0008_013,USA,nuclear_program,2,False,True
buildup_apr,0008_013,USA,diplomacy,1,False,True
buildup_apr,0008_015,IRAN,military_action,0,False,True
buildup_apr,0009_003,ARAGHCHI,diplomacy,2,False,False
buildup_apr,0009_005,ARAGHCHI,diplomacy,2,False,False
buildup_apr,0009_005,OMAN,diplomacy,8,False,False
buildup_apr,0009_009,IRAN,nuclear_program,0,False,False
buildup_apr,0009_009,IRAN,diplomacy,5,False,False
buildup_apr,0009_009,USA,nuclear_program,14,False,False
buildup_apr,0009_009,USA,diplomacy,4,False,False
buildup_apr,0009_009,OMAN,nuclear_program,24,False,False
buildup_apr,0009_009,OMAN,diplomacy,1,False,False
buildup_apr,0010_001,RUSSIA,deterrence,12,False,False
buildup_apr,0010_001,USA,deterrence,1,False,False
buildup_apr,0010_001,IRAN,deterrence,1,False,False
buildup_apr,0010_002,USA,military_action,10,False,False
buildup_apr,0010_002,USA,nuclear_program,14,False,False
buildup_apr,0010_002,USA,deterrence,0,False,False
buildup_apr,0010_002,IRAN,military_action,1,False,False
buildup_apr,0010_002,IRAN,nuclear_program,0,False,False
buildup_apr,0010_002,IRAN,deterrence,2,False,False
buildup_apr,0010_004,RUSSIA,nuclear_program,9,False,False
buildup_apr,0010_004,IRAN,nuclear_program,0,False,False
buildup_apr,0010_005,USA,nuclear_program,13,False,True
buildup_apr,0010_005,USA,diplomacy,18,False,True
buildup_apr,0010_005,IRAN,nuclear_program,0,False,True
buildup_apr,0010_005,IRAN,diplomacy,5,False,True
buildup_apr,0010_006,USA,diplomacy,16,False,True
buildup_apr,0010_006,TRUMP,diplomacy,13,False,True
buildup_apr,0010_006,IRAN,diplomacy,2,False,True
buildup_apr,0010_009,TRUMP,military_action,13,True,True
buildup_apr,0010_009,TRUMP,diplomacy,8,True,True
buildup_apr,0010_009,IRAN,military_action,1,False,True
buildup_apr,0010_009,IRAN,diplomacy,2,False,True
buildup_apr,0010_010,IRAN,deterrence,13,False,True
buildup_apr,0010_010,IRAN,diplomacy,9,False,True
buildup_apr,0010_011,IRAN,nuclear_program,0,False,False
buildup_apr,0010_011,RUSSIA,nuclear_program,14,False,False
buildup_apr,0010_012,TRUMP,diplomacy,0,False,True
buildup_apr,0010_012,IRAN,diplomacy,2,False,True
buildup_apr,0010_014,USA,deterrence,8,False,False
buildup_apr,0010_016,TRUMP,deterrence,16,False,False
buildup_apr,0010_016,IRAN,deterrence,8,False,False
buildup_apr,0010_016,RUSSIA,deterrence,5,False,False
buildup_apr,0010_017,IRAN,nuclear_program,0,False,False
buildup_apr,0010_017,IRAN,deterrence,4,False,False
buildup_apr,0010_017,IRAN,diplomacy,8,False,False
buildup_apr,0010_020,IRAN,nuclear_program,11,False,False
buildup_apr,0010_020,IAEA,nuclear_program,0,False,False
buildup_apr,0010_023,RUSSIA,military_action,7,False,True
buildup_apr,0010_023,RUSSIA,nuclear_program,12,False,True
buildup_apr,0010_023,RUSSIA,deterrence,10,False,True
buildup_apr,0010_023,IRAN,military_action,5,False,True
buildup_apr,0010_023,IRAN,nuclear_program,0,False,True
buildup_apr,0010_023,IRAN,deterrence,3,False,True
buildup_apr,0010_023,USA,military_action,1,False,True
buildup_apr,0010_023,USA,nuclear_program,6,False,True
buildup_apr,0010_023,USA,deterrence,4,False,True
buildup_apr,0010_023,TRUMP,military_action,3,False,True
buildup_apr,0010_023,TRUMP,nuclear_program,8,False,True
buildup_apr,0010_023,TRUMP,deterrence,6,False,True
buildup_mar,0011_004,TRUMP,diplomacy,9,False,True
buildup_mar,0011_004,KHAMENEI,diplomacy,2,False,True
buildup_mar,0011_005,TRUMP,diplomacy,1,True,True
buildup_mar,0011_005,IRAN,diplomacy,4,False,True
buildup_mar,0011_007,TRUMP,nuclear_program,10,True,True
buildup_mar,0011_007,USA,nuclear_program,7,False,True
buildup_mar,0011_007,IRAN,nuclear_program,0,False,True
buildup_mar,0011_008,TRUMP,diplomacy,3,True,True
buildup_mar,0011_008,USA,diplomacy,9,False,True
buildup_mar,0011_008,IRAN,diplomacy,4,False,True
buildup_mar,0011_009,IRAN,nuclear_program,1,False,True
buildup_mar,0011_009,IRAN,diplomacy,1,False,True
buildup_mar,0011_009,TRUMP,nuclear_program,1,True,True
buildup_mar,0011_009,TRUMP,diplomacy,7,True,True
buildup_mar,0011_010,USA,diplomacy,6,False,True
buildup_mar,0011_010,EU,diplomacy,3,False,True
buildup_mar,0011_010,TRUMP,diplomacy,6,True,True
buildup_mar,0011_012,IRAN,nuclear_program,0,False,False
buildup_mar,0011_012,ARAGHCHI,nuclear_program,2,False,False
buildup_mar,0011_013,IRAN,nuclear_program,3,False,True
buildup_mar,0011_013,ARAGHCHI,nuclear_program,3,True,True
buildup_mar,0011_013,EU,nuclear_program,6,False,True
buildup_mar,0011_013,USA,nuclear_program,19,False,True
buildup_may,0012_001,IRAN,nuclear_program,11,False,True
buildup_may,0012_002,IRAN,military_action,5,False,True
buildup_may,0012_002,IRAN,nuclear_program,0,False,True
buildup_may,0012_007,TRUMP,nuclear_program,28,False,True
buildup_may,0012_007,TRUMP,diplomacy,13,False,True
buildup_may,0012_007,WITKOFF,nuclear_program,24,False,True
buildup_may,0012_007,WITKOFF,diplomacy,9,False,True
buildup_may,0012_007,USA,nuclear_program,18,False,True
buildup_may,0012_007,USA,diplomacy,3,False,True
buildup_may,0012_007,IRAN,nuclear_program,0,False,True
buildup_may,0012_007,IRAN,diplomacy,11,False,True
buildup_may,0012_009,IRAN,nuclear_program,3,False,True
buildup_may,0012_011,IRAN,nuclear_program,1,False,True
buildup_may,0012_011,IAEA,nuclear_program,17,False,True
buildup_may,0012_013,IRAN,nuclear_program,14,False,False
buildup_may,0012_014,IAEA,military_action,32,False,True
buildup_may,0012_014,IAEA,nuclear_program,14,False,True
buildup_may,0012_014,IRAN,military_action,5,False,True
buildup_may,0012_014,IRAN,nuclear_program,0,False,True
buildup_mar,0013_000,IRAN,nuclear_program,0,False,True
buildup_mar,0013_000,RUSSIA,nuclear_program,2,False,True
buildup_mar,0013_000,USA,nuclear_program,5,False,True
buildup_mar,0013_001,RUSSIA,diplomacy,15,False,True
buildup_mar,0013_001,IRAN,diplomacy,0,False,True
buildup_mar,0013_003,RUSSIA,nuclear_program,6,False,True
buildup_mar,0013_003,IRAN,nuclear_program,0,False,True
buildup_mar,0013_003,ISRAEL,nuclear_program,3,False,True
buildup_mar,0013_006,USA,diplomacy,6,False,False
buildup_mar,0013_006,TRUMP,diplomacy,9,False,False
buildup_mar,0013_006,IRAN,diplomacy,2,False,False
buildup_mar,0013_007,IRAN,diplomacy,20,False,False
buildup_mar,0013_007,USA,diplomacy,0,False,False
buildup_mar,0013_007,EU,diplomacy,8,False,False
buildup_mar,0013_008,IRAN,diplomacy,9,True,True
buildup_mar,0013_009,TRUMP,diplomacy,0,False,True
buildup_mar,0013_009,IRAN,diplomacy,2,False,True
buildup_mar,0013_011,USA,diplomacy,21,False,True
buildup_mar,0013_011,TRUMP,diplomacy,17,True,True
buildup_mar,0013_011,IRAN,diplomacy,1,False,True
buildup_mar,0013_012,IRAN,diplomacy,3,False,True
buildup_mar,0013_012,USA,diplomacy,1,False,True
buildup_mar,0013_013,KHAMENEI,nuclear_program,29,False,True
buildup_mar,0013_013,KHAMENEI,diplomacy,7,False,True
buildup_mar,0013_013,USA,nuclear_program,6,False,True
buildup_mar,0013_013,USA,diplomacy,2,False,True
buildup_mar,0013_013,RUSSIA,nuclear_program,14,False,True
buildup_mar,0013_013,RUSSIA,diplomacy,4,False,True
buildup_mar,0013_013,IRAN,nuclear_program,0,False,True
buildup_mar,0013_013,IRAN,diplomacy,20,False,True
buildup_may,0014_001,IRAN,diplomacy,10,False,True
buildup_may,0014_001,OMAN,diplomacy,1,False,True
buildup_may,0014_001,USA,diplomacy,1,False,True
buildup_may,0014_003,IRAN,diplomacy,1,True,True
buildup_may,0014_003,EU,diplomacy,3,False,True
buildup_may,0014_003,ISRAEL,diplomacy,17,False,True
buildup_may,0014_005,IRAN,diplomacy,3,False,True
buildup_may,0014_005,IAEA,diplomacy,4,False,True
buildup_may,0014_008,IRAN,nuclear_program,0,True,True
buildup_may,0014_008,OMAN,nuclear_program,3,False,True
buildup_may,0014_010,IRAN,nuclear_program,1,True,True
buildup_may,0014_011,IRAN,deterrence,0,True,True
buildup_may,0014_011,OMAN,deterrence,4,False,True
buildup_may,0014_013,USA,nuclear_program,5,False,False
buildup_may,0014_013,IRAN,nuclear_program,0,False,False
buildup_may,0014_015,IRAN,nuclear_program,5,True,True
buildup_may,0014_018,IRAN,strike_claims,21,True,True
buildup_may,0014_018,ISRAEL,strike_claims,16,False,True
buildup_may,0014_025,IRAN,diplomacy,10,True,True
buildup_may,0014_025,OMAN,diplomacy,1,False,True
buildup_may,0014_025,USA,diplomacy,2,False,True
buildup_may,0014_026,IRAN,nuclear_program,1,True,True
buildup_may,0014_028,IRAN,nuclear_program,1,True,True
buildup_may,0014_029,IRAN,diplomacy,6,True,True
buildup_may,0014_034,IRAN,diplomacy,20,True,True
buildup_may,0014_034,PEZESHKIAN,diplomacy,14,False,True
buildup_may,0014_034,OMAN,diplomacy,11,False,True
buildup_may,0014_043,IRAN,diplomacy,6,False,False
buildup_apr,0015_001,IRAN,diplomacy,6,False,False
buildup_apr,0015_004,IRAN,nuclear_program,0,True,True
buildup_apr,0015_004,IRAN,diplomacy,47,True,True
buildup_apr,0015_004,OMAN,nuclear_program,27,False,True
buildup_apr,0015_004,OMAN,diplomacy,17,False,True
buildup_apr,0015_004,ARAGHCHI,nuclear_program,54,False,True
buildup_apr,0015_004,ARAGHCHI,diplomacy,8,False,True
buildup_apr,0015_006,USA,nuclear_program,10,False,False
buildup_apr,0015_006,IRAN,nuclear_program,0,False,False
buildup_apr,0015_011,IRAN,nuclear_program,2,False,False
buildup_apr,0015_011,IRAN,diplomacy,0,False,False
buildup_apr,0015_013,IAEA,nuclear_program,8,False,False
buildup_apr,0015_013,IRAN,nuclear_program,0,False,False
buildup_apr,0015_013,GROSSI,nuclear_program,18,False,False
buildup_apr,0015_016,IRAN,nuclear_program,0,False,False
buildup_apr,0015_017,IAEA,nuclear_program,0,False,False
buildup_apr,0015_019,USA,diplomacy,1,False,False
buildup_apr,0015_020,IRAN,diplomacy,0,False,False
buildup_may,0016_005,IRAN,diplomacy,16,False,True
buildup_may,0016_005,TRUMP,diplomacy,0,True,True
buildup_may,0016_007,TRUMP,nuclear_program,16,True,True
buildup_may,0016_007,IRAN,nuclear_program,1,False,True
buildup_may,0016_007,USA,nuclear_program,10,False,True
buildup_may,0016_008,TRUMP,diplomacy,4,False,True
buildup_may,0016_008,IRAN,diplomacy,16,False,True
buildup_may,0016_009,TRUMP,nuclear_program,0,False,True
buildup_may,0016_009,IRAN,nuclear_program,0,False,True
buildup_may,0016_010,USA,nuclear_program,13,False,True
buildup_may,0016_010,USA,deterrence,1,False,True
buildup_may,0016_010,IRAN,nuclear_program,2,False,True
buildup_may,0016_010,IRAN,deterrence,0,False,True
buildup_mar,0017_001,IRAN,military_action,9,False,False
buildup_mar,0017_001,IRAN,deterrence,6,False,False
buildup_mar,0017_001,USA,military_action,4,False,False
buildup_mar,0017_001,USA,deterrence,3,False,False
buildup_mar,0017_001,TRUMP,military_action,3,False,False
buildup_mar,0017_001,TRUMP,deterrence,0,False,False
buildup_mar,0017_003,TRUMP,military_action,2,False,True
buildup_mar,0017_003,TRUMP,nuclear_program,18,False,True
buildup_mar,0017_003,IRAN,military_action,1,False,True
buildup_mar,0017_003,IRAN,nuclear_program,0,False,True
buildup_mar,0017_003,USA,military_action,11,False,True
buildup_mar,0017_003,USA,nuclear_program,2,False,True
buildup_mar,0017_004,IRAN,military_action,8,True,True
buildup_mar,0017_004,TRUMP,military_action,0,True,True
buildup_mar,0017_008,IRAN,military_action,6,False,False
buildup_mar,0017_008,IRAN,nuclear_program,0,False,False
buildup_mar,0017_008,IRAN,deterrence,8,False,False
buildup_mar,0017_008,IAEA,military_action,19,False,False
buildup_mar,0017_008,IAEA,nuclear_program,0,False,False
buildup_mar,0017_008,IAEA,deterrence,21,False,False
buildup_mar,0017_014,TRUMP,diplomacy,19,False,False
buildup_mar,0017_014,IRAN,diplomacy,14,False,False
buildup_mar,0017_014,UAE,diplomacy,5,False,False
buildup_mar,0017_015,USA,diplomacy,16,False,True
buildup_mar,0017_015,TRUMP,diplomacy,3,True,True
buildup_mar,0017_015,IRAN,diplomacy,1,False,True
buildup_mar,0017_017,IRAN,diplomacy,7,False,True
buildup_mar,0017_017,TRUMP,diplomacy,7,False,True
buildup_mar,0017_017,OMAN,diplomacy,4,False,True
buildup_mar,0017_017,USA,diplomacy,1,False,True
buildup_mar,0017_019,TRUMP,military_action,2,False,True
buildup_mar,0017_019,TRUMP,nuclear_program,18,False,True
buildup_mar,0017_019,IRAN,military_action,1,False,True
buildup_mar,0017_019,IRAN,nuclear_program,0,False,True
buildup_mar,0017_019,USA,military_action,11,False,True
buildup_mar,0017_019,USA,nuclear_program,2,False,True
buildup_mar,0017_020,IRAN,military_action,4,False,False
buildup_mar,0017_020,IRAN,deterrence,5,False,False
buildup_mar,0017_020,USA,military_action,2,False,False
buildup_mar,0017_020,USA,deterrence,3,False,False
buildup_mar,0017_020,TRUMP,military_action,0,False,False
buildup_mar,0017_020,TRUMP,deterrence,1,False,False
buildup_may,0018_001,IRAN,nuclear_program,0,False,False
buildup_may,0018_001,IRAN,diplomacy,15,False,False
buildup_may,0018_001,USA,nuclear_program,16,False,False
buildup_may,0018_001,USA,diplomacy,1,False,False
buildup_may,0018_003,ARAGHCHI,diplomacy,18,False,False
buildup_may,0018_004,IRAN,diplomacy,2,False,True
buildup_may,0018_004,USA,diplomacy,1,False,True
buildup_may,0018_004,ARAGHCHI,diplomacy,4,True,True
buildup_may,0018_013,IRAN,nuclear_program,0,False,False
buildup_may,0018_014,IRAN,nuclear_program,3,False,False
buildup_may,0018_015,IRAN,nuclear_program,14,False,False
buildup_may,0018_015,USA,nuclear_program,10,False,False
buildup_may,0018_018,ARAGHCHI,nuclear_program,19,False,False
buildup_may,0018_018,ARAGHCHI,diplomacy,15,False,False
buildup_may,0018_018,IRAN,nuclear_program,0,False,False
buildup_may,0018_018,IRAN,diplomacy,1,False,False
buildup_apr,0019_001,IRAN,nuclear_program,6,False,False
buildup_apr,0019_001,FRANCE,nuclear_program,16,False,False
buildup_apr,0019_005,FRANCE,nuclear_program,15,False,False
buildup_apr,0019_005,IRAN,nuclear_program,1,False,False
buildup_apr,0019_006,IRAN,strike_claims,3,False,False
buildup_apr,0019_010,IRAN,nuclear_program,6,False,False
buildup_apr,0019_011,IRAN,nuclear_program,2,False,True
buildup_apr,0019_012,IRAN,strike_claims,6,False,False
buildup_apr,0019_013,IRAN,nuclear_program,1,True,True
buildup_apr,0019_014,IAEA,nuclear_program,10,False,False
buildup_apr,0019_014,IRAN,nuclear_program,0,False,False
buildup_apr,0019_017,UN_SECURITY_COUNCIL,diplomacy,8,False,False
buildup_apr,0019_019,IRAN,diplomacy,11,True,True
buildup_apr,0019_022,FRANCE,deterrence,21,False,False
buildup_apr,0019_022,FRANCE,diplomacy,6,False,False
buildup_apr,0019_022,IRAN,deterrence,9,False,False
buildup_apr,0019_022,IRAN,diplomacy,4,False,False
buildup_apr,0019_024,FRANCE,deterrence,0,False,True
buildup_apr,0019_024,FRANCE,strike_claims,8,False,True
buildup_apr,0019_026,IRAN,nuclear_program,1,False,True
buildup_apr,0019_026,FRANCE,nuclear_program,0,False,True
buildup_apr,0019_027,FRANCE,nuclear_program,24,True,True
buildup_apr,0019_027,ISRAEL,nuclear_program,2,False,True
buildup_apr,0019_028,FRANCE,nuclear_program,13,False,True
buildup_apr,0019_032,FRANCE,deterrence,11,False,True
buildup_apr,0019_032,FRANCE,strike_claims,20,False,True
buildup_apr,0019_034,IRAN,nuclear_program,6,False,False
buildup_apr,0019_034,FRANCE,nuclear_program,12,False,False
buildup_apr,0019_035,IRAN,nuclear_program,5,False,False
buildup_apr,0019_035,FRANCE,nuclear_program,2,False,False
buildup_apr,0020_001,ISRAEL,military_action,29,False,True
buildup_apr,0020_001,ISRAEL,diplomacy,13,False,True
buildup_apr,0020_001,NETANYAHU,military_action,3,False,True
buildup_apr,0020_001,NETANYAHU,diplomacy,9,False,True
buildup_apr,0020_001,IRAN,military_action,1,False,True
buildup_apr,0020_001,IRAN,diplomacy,1,False,True
buildup_apr,0020_001,USA,military_action,5,False,True
buildup_apr,0020_001,USA,diplomacy,7,False,True
buildup_apr,0020_002,IRAN,nuclear_program,3,False,False
buildup_apr,0020_002,ISRAEL,nuclear_program,1,False,False
buildup_apr,0020_002,USA,nuclear_program,15,False,False
buildup_apr,0020_003,USA,diplomacy,4,True,True
buildup_apr,0020_003,IRAN,diplomacy,1,False,True
buildup_apr,0020_003,NETANYAHU,diplomacy,6,True,True
buildup_apr,0020_004,NETANYAHU,deterrence,9,True,True
buildup_apr,0020_006,IRAN,diplomacy,3,False,False
buildup_apr,0020_006,USA,diplomacy,2,False,False
buildup_apr,0020_006,OMAN,diplomacy,4,False,False
buildup_apr,0020_007,IRAN,military_action,1,True,True
buildup_apr,0020_007,IRAN,nuclear_program,0,True,True
buildup_apr,0020_007,IRAN,diplomacy,3,True,True
buildup_apr,0020_010,ISRAEL,diplomacy,20,False,True
buildup_apr,0020_010,USA,diplomacy,4,True,True
buildup_apr,0020_010,IRAN,diplomacy,1,False,True
buildup_apr,0020_012,USA,diplomacy,0,False,False
buildup_apr,0020_012,NETANYAHU,diplomacy,4,False,False
buildup_apr,0020_012,IRAN,diplomacy,1,False,False
buildup_mar,0021_000,CHINA,nuclear_program,8,False,False
buildup_mar,0021_000,IRAN,nuclear_program,0,False,False
buildup_mar,0021_001,CHINA,nuclear_program,7,False,False
buildup_mar,0021_001,RUSSIA,nuclear_program,6,False,False
buildup_mar,0021_001,IRAN,nuclear_program,0,False,False
buildup_mar,0021_004,USA,military_action,14,False,False
buildup_mar,0021_004,TRUMP,military_action,11,False,False
buildup_mar,0021_004,IRAN,military_action,1,False,False
buildup_mar,0021_005,CHINA,deterrence,24,False,False
buildup_mar,0021_005,CHINA,diplomacy,21,False,False
buildup_mar,0021_005,RUSSIA,deterrence,23,False,False
buildup_mar,0021_005,RUSSIA,diplomacy,20,False,False
buildup_mar,0021_005,IRAN,deterrence,21,False,False
buildup_mar,0021_005,IRAN,diplomacy,18,False,False
buildup_mar,0021_008,CHINA,nuclear_program,8,False,True
buildup_mar,0021_008,RUSSIA,nuclear_program,6,False,True
buildup_mar,0021_008,IRAN,nuclear_program,0,False,True
buildup_mar,0021_009,IRAN,nuclear_program,4,False,True
buildup_mar,0021_011,IRAN,diplomacy,1,False,True
buildup_mar,0021_012,USA,diplomacy,8,False,False
buildup_mar,0021_012,IRAN,diplomacy,7,False,False
buildup_mar,0021_013,IRAN,diplomacy,3,False,False
buildup_mar,0021_013,ARAGHCHI,diplomacy,6,False,False
buildup_mar,0021_013,UAE,diplomacy,15,False,False
buildup_mar,0021_013,TRUMP,diplomacy,22,False,False
buildup_mar,0021_015,ARAGHCHI,deterrence,15,False,False
buildup_mar,0021_015,ARAGHCHI,diplomacy,11,False,False
buildup_mar,0021_015,IRAN,deterrence,12,False,False
buildup_mar,0021_015,IRAN,diplomacy,8,False,False
buildup_mar,0021_015,USA,deterrence,5,False,False
buildup_mar,0021_015,USA,diplomacy,1,False,False
buildup_mar,0021_017,IRAN,diplomacy,7,False,False
buildup_mar,0021_018,USA,diplomacy,9,False,False
buildup_mar,0021_019,CHINA,diplomacy,5,False,False
buildup_mar,0021_019,RUSSIA,diplomacy,4,False,False
buildup_mar,0021_019,IRAN,diplomacy,1,False,False
buildup_may,0022_000,IRAN,diplomacy,2,False,False
buildup_may,0022_001,USA,nuclear_program,13,False,False
buildup_may,0022_002,USA,diplomacy,16,False,False
buildup_may,0022_002,IRAN,diplomacy,4,False,False
buildup_may,0022_002,OMAN,diplomacy,4,False,False
buildup_may,0022_008,IRAN,diplomacy,8,False,False
buildup_may,0022_012,IRAN,diplomacy,4,False,False
buildup_may,0022_017,IRAN,diplomacy,3,False,False
buildup_may,0022_025,IRAN,diplomacy,8,False,False
buildup_may,0022_025,USA,diplomacy,2,False,False
buildup_mar,0023_000,IRAN,military_action,0,False,False
buildup_mar,0023_000,IRAN,nuclear_program,0,False,False
buildup_mar,0023_000,IRAN,strike_claims,5,False,False
buildup_mar,0023_000,ARAGHCHI,military_action,12,False,False
buildup_mar,0023_000,ARAGHCHI,nuclear_program,3,False,False
buildup_mar,0023_000,ARAGHCHI,strike_claims,8,False,False
buildup_mar,0023_000,ISRAEL,military_action,1,False,False
buildup_mar,0023_000,ISRAEL,nuclear_program,13,False,False
buildup_mar,0023_000,ISRAEL,strike_claims,9,False,False
buildup_mar,0023_001,IRAN,nuclear_program,0,False,True
buildup_mar,0023_001,IRAN,diplomacy,7,False,True
buildup_mar,0023_001,USA,nuclear_program,2,False,True
buildup_mar,0023_001,USA,diplomacy,9,False,True
buildup_mar,0023_001,TRUMP,nuclear_program,2,False,True
buildup_mar,0023_001,TRUMP,diplomacy,2,False,True
buildup_mar,0023_003,ARAGHCHI,military_action,14,False,False
buildup_mar,0023_003,ARAGHCHI,nuclear_program,20,False,False
buildup_mar,0023_003,ARAGHCHI,strike_claims,25,False,False
buildup_mar,0023_003,ISRAEL,military_action,3,False,False
buildup_mar,0023_003,ISRAEL,nuclear_program,9,False,False
buildup_mar,0023_003,ISRAEL,strike_claims,14,False,False
buildup_mar,0023_003,IRAN,military_action,0,False,False
buildup_mar,0023_003,IRAN,nuclear_program,0,False,False
buildup_mar,0023_003,IRAN,strike_claims,5,False,False
buildup_mar,0023_005,ARAGHCHI,military_action,5,False,False
buildup_mar,0023_005,ISRAEL,military_action,0,False,False
buildup_mar,0023_005,IRAN,military_action,0,False,False
buildup_mar,0023_010,IRAN,nuclear_program,0,False,True
buildup_mar,0023_010,IRAN,diplomacy,7,False,True
buildup_mar,0023_010,USA,nuclear_program,1,False,True
buildup_mar,0023_010,USA,diplomacy,1,False,True
buildup_mar,0023_011,IRAN,military_action,3,False,False
buildup_mar,0023_011,IRAN,nuclear_program,0,False,False
buildup_mar,0023_011,IRAN,strike_claims,0,False,False
buildup_may,0024_000,IAEA,deterrence,24,False,False
buildup_may,0024_000,IRAN,deterrence,6,False,False
buildup_may,0024_000,ARAGHCHI,deterrence,19,False,False
buildup_may,0024_000,ISRAEL,deterrence,0,False,False
buildup_may,0024_004,IAEA,nuclear_program,0,False,False
buildup_may,0024_006,ISRAEL,military_action,2,False,False
buildup_may,0024_006,ISRAEL,deterrence,3,False,False
buildup_may,0024_006,IRAN,military_action,5,False,False
buildup_may,0024_006,IRAN,deterrence,13,False,False
buildup_may,0024_007,USA,military_action,15,False,False
buildup_may,0024_007,ISRAEL,military_action,4,False,False
buildup_may,0024_007,IRAN,military_action,7,False,False
buildup_may,0024_010,IRAN,nuclear_program,1,False,False
buildup_may,0024_010,IAEA,nuclear_program,9,False,False
buildup_may,0024_020,ISRAEL,military_action,0,False,False
buildup_may,0024_020,ISRAEL,strike_claims,10,False,False
buildup_may,0024_020,IRAQ,military_action,1,False,False
buildup_may,0024_020,IRAQ,strike_claims,7,False,False
buildup_may,0024_021,ISRAEL,nuclear_program,4,True,True
buildup_may,0024_021,ISRAEL,deterrence,3,True,True
buildup_may,0024_021,IAEA,nuclear_program,0,False,True
buildup_may,0024_021,IAEA,deterrence,20,False,True
buildup_may,0024_024,ISRAEL,nuclear_program,3,True,True
buildup_may,0024_024,ISRAEL,deterrence,11,True,True
buildup_may,0024_025,ISRAEL,nuclear_program,1,True,True
buildup_may,0024_025,ISRAEL,diplomacy,1,True,True
buildup_may,0024_028,ISRAEL,deterrence,1,True,True
buildup_may,0024_029,ISRAEL,military_action,3,True,True
buildup_may,0024_029,ISRAEL,deterrence,1,True,True
buildup_may,0024_029,IRAN,military_action,0,False,True
buildup_may,0024_029,IRAN,deterrence,2,False,True
buildup_may,0024_031,IAEA,nuclear_program,0,True,True
buildup_may,0024_031,IAEA,deterrence,6,True,True
buildup_may,0024_034,IRAN,strike_claims,0,True,True
buildup_may,0024_035,IRAN,deterrence,18,False,True
buildup_may,0024_035,ISRAEL,deterrence,4,False,True
buildup_may,0024_036,IRAN,military_action,4,True,True
buildup_may,0024_036,USA,military_action,8,False,True
buildup_may,0024_037,IRAN,nuclear_program,13,True,True
buildup_may,0024_037,IRAN,deterrence,0,True,True
buildup_may,0024_037,IAEA,nuclear_program,0,False,True
buildup_may,0024_037,IAEA,deterrence,28,False,True
buildup_may,0024_038,UN_SECURITY_COUNCIL,nuclear_program,2,False,False
buildup_may,0024_038,IAEA,nuclear_program,0,False,False
buildup_may,0024_041,IRAN,nuclear_program,2,False,False
buildup_may,0024_041,IAEA,nuclear_program,0,False,False
buildup_may,0024_041,ISRAEL,nuclear_program,2,False,False
buildup_apr,0025_000,USA,military_action,2,False,False
buildup_apr,0025_000,USA,nuclear_program,7,False,False
buildup_apr,0025_000,ISRAEL,military_action,4,False,False
buildup_apr,0025_000,ISRAEL,nuclear_program,5,False,False
buildup_apr,0025_000,IRAN,military_action,9,False,False
buildup_apr,0025_000,IRAN,nuclear_program,0,False,False
buildup_apr,0025_002,IRAN,nuclear_program,4,False,False
buildup_apr,0025_002,USA,nuclear_program,1,False,False
buildup_apr,0025_003,USA,nuclear_program,4,False,False
buildup_apr,0025_003,IRAN,nuclear_program,7,False,False
buildup_apr,0025_004,USA,diplomacy,1,False,False
buildup_apr,0025_010,USA,diplomacy,0,False,True
buildup_apr,0025_010,TRUMP,diplomacy,1,False,True
buildup_apr,0025_010,IRAN,diplomacy,1,False,True
buildup_apr,0025_010,IAEA,diplomacy,24,False,True
buildup_apr,0025_013,TRUMP,nuclear_program,30,False,False
buildup_apr,0025_013,TRUMP,diplomacy,3,False,False
buildup_apr,0025_013,IRAN,nuclear_program,0,False,False
buildup_apr,0025_013,IRAN,diplomacy,6,False,False
buildup_apr,0025_016,IRAN,nuclear_program,1,False,False
buildup_apr,0025_018,TRUMP,nuclear_program,0,False,True
buildup_apr,0025_018,TRUMP,diplomacy,1,False,True
buildup_apr,0025_018,IRAN,nuclear_program,0,False,True
buildup_apr,0025_018,IRAN,diplomacy,13,False,True
buildup_apr,0025_021,USA,diplomacy,8,False,True
buildup_apr,0025_021,TRUMP,diplomacy,5,False,True
buildup_apr,0025_021,IRAN,diplomacy,1,False,True
buildup_apr,0025_027,IRAN,military_action,2,False,True
buildup_apr,0025_028,TRUMP,deterrence,0,False,True
buildup_apr,0025_030,USA,diplomacy,10,False,False
buildup_apr,0025_030,IRAN,diplomacy,2,False,False
buildup_apr,0025_031,TRUMP,diplomacy,15,False,True
buildup_apr,0025_031,IRAN,diplomacy,8,False,True
buildup_apr,0025_034,USA,military_action,2,False,False
buildup_apr,0025_034,USA,nuclear_program,7,False,False
buildup_apr,0025_034,ISRAEL,military_action,4,False,False
buildup_apr,0025_034,ISRAEL,nuclear_program,5,False,False
buildup_apr,0025_034,IRAN,military_action,9,False,False
buildup_apr,0025_034,IRAN,nuclear_program,0,False,False
buildup_apr,0026_000,FRANCE,strike_claims,13,False,False
buildup_apr,0026_000,IRAN,strike_claims,3,False,False
buildup_apr,0026_003,FRANCE,nuclear_program,15,False,False
buildup_apr,0026_003,IRAN,nuclear_program,1,False,False
buildup_apr,0026_004,IRAN,strike_claims,3,False,False
buildup_apr,0026_007,IRAN,nuclear_program,6,False,False
buildup_apr,0026_008,IRAN,nuclear_program,1,False,True
buildup_apr,0026_009,IRAN,strike_claims,6,False,False
buildup_apr,0026_010,IRAN,nuclear_program,1,False,True
buildup_apr,0026_011,IAEA,nuclear_program,10,False,False
buildup_apr,0026_011,IRAN,nuclear_program,0,False,False
buildup_apr,0026_015,UN_SECURITY_COUNCIL,diplomacy,8,False,False
buildup_apr,0026_017,IRAN,diplomacy,11,False,True
buildup_apr,0026_021,FRANCE,deterrence,21,False,False
buildup_apr,0026_021,FRANCE,diplomacy,6,False,False
buildup_apr,0026_021,IRAN,deterrence,9,False,False
buildup_apr,0026_021,IRAN,diplomacy,4,False,False
buildup_apr,0026_023,FRANCE,deterrence,0,False,False
buildup_apr,0026_023,FRANCE,strike_claims,18,False,False
buildup_apr,0026_027,IRAN,nuclear_program,1,False,True
buildup_apr,0026_027,FRANCE,nuclear_program,0,False,True
buildup_apr,0026_028,FRANCE,nuclear_program,24,True,True
buildup_apr,0026_028,ISRAEL,nuclear_program,2,False,True
buildup_apr,0026_029,FRANCE,nuclear_program,13,False,True
buildup_apr,0026_032,FRANCE,deterrence,11,False,True
buildup_apr,0026_032,FRANCE,strike_claims,20,False,True
buildup_may,0027_000,IRAN,nuclear_program,0,False,False
buildup_may,0027_000,USA,nuclear_program,12,False,False
buildup_may,0027_001,IRAN,diplomacy,3,True,True
buildup_may,0027_001,USA,diplomacy,2,False,True
buildup_may,0027_003,IRAN,nuclear_program,4,False,True
buildup_may,0027_003,IRAN,diplomacy,14,False,True
buildup_may,0027_003,USA,nuclear_program,9,False,True
buildup_may,0027_003,USA,diplomacy,9,False,True
buildup_may,0027_009,USA,military_action,12,False,True
buildup_may,0027_009,USA,nuclear_program,11,False,True
buildup_may,0027_009,IRAN,military_action,4,True,True
buildup_may,0027_009,IRAN,nuclear_program,3,True,True
buildup_may,0027_012,IRAN,nuclear_program,4,False,False
buildup_apr,0028_002,PEZESHKIAN,deterrence,8,False,False
buildup_apr,0028_002,IRAN,deterrence,6,False,False
buildup_apr,0028_003,PEZESHKIAN,deterrence,4,True,True
buildup_apr,0028_005,IRAN,military_action,1,False,True
buildup_apr,0028_005,IRAN,diplomacy,2,False,True
buildup_apr,0028_005,USA,military_action,8,False,True
buildup_apr,0028_005,USA,diplomacy,1,False,True
buildup_apr,0028_005,TRUMP,military_action,5,False,True
buildup_apr,0028_005,TRUMP,diplomacy,12,False,True
buildup_apr,0028_006,USA,deterrence,1,False,False
buildup_apr,0028_006,IRAN,deterrence,8,False,False
buildup_apr,0028_008,TRUMP,diplomacy,8,True,True
buildup_apr,0028_008,IRAN,diplomacy,2,False,True
buildup_apr,0028_009,IRAN,nuclear_program,1,True,True
buildup_apr,0028_009,IRAN,diplomacy,1,True,True
buildup_apr,0028_009,USA,nuclear_program,13,False,True
buildup_apr,0028_009,USA,diplomacy,9,False,True
buildup_apr,0028_010,IRAN,military_action,30,False,False
buildup_apr,0028_010,IRAN,nuclear_program,1,False,False
buildup_apr,0028_010,PEZESHKIAN,military_action,25,False,False
buildup_apr,0028_010,PEZESHKIAN,nuclear_program,1,False,False
buildup_apr,0028_011,PEZESHKIAN,diplomacy,6,True,True
buildup_apr,0028_011,USA,diplomacy,1,False,True
buildup_apr,0028_011,KHAMENEI,diplomacy,6,False,True
buildup_apr,0028_011,IRAN,diplomacy,20,False,True
buildup_apr,0028_017,IRAN,military_action,1,False,True
buildup_apr,0028_017,IRAN,diplomacy,2,False,True
buildup_apr,0028_017,USA,military_action,8,False,True
buildup_apr,0028_017,USA,diplomacy,1,False,True
buildup_apr,0028_017,TRUMP,military_action,5,False,True
buildup_apr,0028_017,TRUMP,diplomacy,12,False,True
buildup_may,0029_000,IRAN,nuclear_program,14,False,False
buildup_may,0029_002,IRAN,nuclear_program,6,False,True
buildup_may,0029_002,IAEA,nuclear_program,0,False,True
buildup_may,0029_013,IAEA,nuclear_program,0,False,False
buildup_may,0029_016,USA,nuclear_program,1,False,False
buildup_may,0029_018,NATO,nuclear_program,20,False,False
buildup_may,0029_028,USA,nuclear_program,24,False,False
buildup_may,0029_029,USA,nuclear_program,0,False,False
buildup_may,0029_029,NATO,nuclear_program,13,False,False
buildup_may,0029_038,IRAN,nuclear_program,3,False,False
buildup_may,0029_040,IRAN,military_action,2,False,False
buildup_may,0029_040,IRAN,deterrence,4,False,False
buildup_may,0029_040,ISRAEL,military_action,13,False,False
buildup_may,0029_040,ISRAEL,deterrence,11,False,False
buildup_may,0029_040,GAZA,military_action,4,False,False
buildup_may,0029_040,GAZA,deterrence,6,False,False
buildup_may,0029_043,IRAN,nuclear_program,15,False,False
buildup_may,0029_043,ISRAEL,nuclear_program,8,False,False
buildup_may,0029_046,IRAN,nuclear_program,7,False,True
buildup_may,0029_046,IAEA,nuclear_program,0,False,True
buildup_may,0029_047,IRAN,nuclear_program,2,False,False
buildup_may,0029_047,IAEA,nuclear_program,0,False,False
buildup_may,0029_048,IRAN,nuclear_program,5,False,False
buildup_may,0029_048,IAEA,nuclear_program,0,False,False
buildup_may,0029_050,IAEA,nuclear_program,0,False,True
buildup_may,0029_053,IRAN,strike_claims,16,False,False
buildup_may,0029_058,IRAN,nuclear_program,1,False,False
buildup_may,0029_058,IAEA,nuclear_program,0,False,False
buildup_may,0030_002,IRAN,nuclear_program,2,False,True
buildup_may,0030_002,PEZESHKIAN,nuclear_program,15,True,True
buildup_may,0030_004,IRAN,military_action,34,False,False
buildup_may,0030_004,IRAN,nuclear_program,5,False,False
buildup_may,0030_006,PEZESHKIAN,nuclear_program,1,False,True
buildup_may,0030_006,USA,nuclear_program,7,False,True
buildup_may,0030_006,IRAN,nuclear_program,3,False,True
buildup_may,0030_007,IRAN,nuclear_program,1,False,True
buildup_mar,0031_001,IRAN,nuclear_program,7,False,False
buildup_mar,0031_001,IRAN,diplomacy,7,False,False
buildup_mar,0031_001,IAEA,nuclear_program,0,False,False
buildup_mar,0031_001,IAEA,diplomacy,8,False,False
buildup_mar,0031_001,USA,nuclear_program,7,False,False
buildup_mar,0031_001,USA,diplomacy,0,False,False
buildup_mar,0031_002,IAEA,nuclear_program,11,False,False
buildup_mar,0031_004,IAEA,nuclear_program,0,False,False
buildup_mar,0031_007,IRAN,nuclear_program,13,False,False
buildup_mar,0031_008,IRAN,nuclear_program,13,False,True
buildup_mar,0031_008,IRAN,strike_claims,10,False,True
buildup_mar,0031_009,IRAN,diplomacy,3,False,False
buildup_mar,0031_009,USA,diplomacy,6,False,False
buildup_mar,0031_009,EU,diplomacy,4,False,False
buildup_mar,0031_010,IRAN,diplomacy,21,False,False
buildup_mar,0031_011,IRAN,nuclear_program,0,False,False
buildup_mar,0031_011,IRAN,diplomacy,9,False,False
buildup_mar,0031_011,USA,nuclear_program,11,False,False
buildup_mar,0031_011,USA,diplomacy,3,False,False
buildup_mar,0031_011,EU,nuclear_program,14,False,False
buildup_mar,0031_011,EU,diplomacy,6,False,False
buildup_mar,0031_012,USA,diplomacy,3,False,False
buildup_mar,0031_012,USA,strike_claims,9,False,False
buildup_mar,0031_013,USA,diplomacy,17,False,True
buildup_mar,0031_013,EU,diplomacy,13,False,True
buildup_mar,0031_013,IRAN,diplomacy,4,True,True
buildup_mar,0031_015,IRAN,diplomacy,15,True,True
buildup_mar,0031_017,IRAN,nuclear_program,6,False,False
buildup_mar,0031_017,IAEA,nuclear_program,0,False,False
buildup_may,0032_001,IRAN,nuclear_program,1,False,False
buildup_may,0032_001,IAEA,nuclear_program,7,False,False
buildup_may,0032_002,IRAN,nuclear_program,0,False,True
buildup_may,0032_004,IRAN,nuclear_program,9,True,True
buildup_may,0032_004,IRAN,strike_claims,3,True,True
buildup_may,0032_004,IAEA,nuclear_program,8,False,True
buildup_may,0032_004,IAEA,strike_claims,14,False,True
buildup_may,0032_006,IRAN,nuclear_program,0,False,True
buildup_may,0032_006,EU,nuclear_program,5,False,True
buildup_may,0032_006,ISRAEL,nuclear_program,41,False,True
buildup_may,0033_002,ARAGHCHI,diplomacy,16,False,False
buildup_may,0033_002,IRAN,diplomacy,13,False,False
buildup_may,0033_003,ARAGHCHI,nuclear_program,16,True,True
buildup_may,0033_003,IRAN,nuclear_program,0,True,True
buildup_may,0033_005,ARAGHCHI,nuclear_program,15,False,True
buildup_may,0033_005,ARAGHCHI,diplomacy,5,False,True
buildup_may,0033_005,IRAN,nuclear_program,1,True,True
buildup_may,0033_005,IRAN,diplomacy,2,True,True
buildup_may,0033_006,IRAN,nuclear_program,6,True,True
buildup_may,0033_007,IRAN,nuclear_program,0,False,False
buildup_may,0033_007,IRAN,diplomacy,1,False,False
buildup_may,0033_007,USA,nuclear_program,21,False,False
buildup_may,0033_007,USA,diplomacy,27,False,False
buildup_may,0033_007,OMAN,nuclear_program,9,False,False
buildup_may,0033_007,OMAN,diplomacy,15,False,False
buildup_may,0034_000,IRAN,nuclear_program,1,False,True
buildup_may,0034_000,USA,nuclear_program,1,False,True
buildup_may,0034_000,ARAGHCHI,nuclear_program,30,False,True
buildup_may,0034_001,IRAN,diplomacy,6,False,True
buildup_may,0034_001,USA,diplomacy,13,False,True
buildup_may,0034_001,ARAGHCHI,diplomacy,28,True,True
buildup_may,0034_006,USA,nuclear_program,9,False,False
buildup_may,0034_006,IRAN,nuclear_program,3,False,False
buildup_may,0034_007,IRAN,nuclear_program,1,False,False
buildup_may,0034_007,ARAGHCHI,nuclear_program,10,False,False
buildup_may,0034_009,ARAGHCHI,nuclear_program,24,True,True
buildup_may,0034_009,USA,nuclear_program,6,False,True
buildup_may,0034_009,WITKOFF,nuclear_program,16,False,True
buildup_may,0034_009,IRAN,nuclear_program,7,False,True
buildup_may,0034_011,WITKOFF,nuclear_program,1,False,False
buildup_may,0034_012,IRAN,nuclear_program,6,False,True
buildup_may,0034_013,IRAN,nuclear_program,0,False,False
buildup_may,0034_013,IRAN,diplomacy,1,False,False
buildup_may,0034_013,USA,nuclear_program,21,False,False
buildup_may,0034_013,USA,diplomacy,27,False,False
buildup_may,0034_013,OMAN,nuclear_program,9,False,False
buildup_may,0034_013,OMAN,diplomacy,15,False,False
buildup_may,0034_014,IRAN,nuclear_program,2,False,False
buildup_may,0034_014,ARAGHCHI,nuclear_program,4,False,False
buildup_mar,0035_001,IRAN,diplomacy,4,False,True
buildup_mar,0035_002,IRAN,diplomacy,5,True,True
buildup_mar,0035_002,USA,diplomacy,5,False,True
buildup_mar,0035_006,IRAN,nuclear_program,0,True,True
buildup_may,0036_002,IAEA,nuclear_program,8,False,False
buildup_may,0036_002,IAEA,diplomacy,4,False,False
buildup_may,0036_002,IRAN,nuclear_program,1,False,False
buildup_may,0036_002,IRAN,diplomacy,1,False,False
buildup_may,0036_005,IRAN,diplomacy,10,False,False
buildup_may,0036_007,IRAN,diplomacy,2,False,False
buildup_may,0036_007,USA,diplomacy,4,False,False
buildup_may,0036_008,USA,diplomacy,1,False,True
buildup_may,0036_008,IRAN,diplomacy,6,False,True
buildup_may,0036_011,IRAN,nuclear_program,14,False,False
buildup_may,0036_011,IRAN,diplomacy,22,False,False
buildup_may,0036_011,IAEA,nuclear_program,0,False,False
buildup_may,0036_011,IAEA,diplomacy,7,False,False
buildup_may,0036_013,IRAN,nuclear_program,0,False,False
buildup_may,0036_013,IRAN,diplomacy,1,False,False
buildup_may,0037_003,IRAN,diplomacy,22,False,False
buildup_may,0037_005,IRAN,nuclear_program,8,False,False
buildup_may,0037_007,IRAN,nuclear_program,2,False,False
buildup_may,0037_007,IRAN,diplomacy,1,False,False
buildup_may,0037_007,USA,nuclear_program,9,False,False
buildup_may,0037_007,USA,diplomacy,4,False,False
buildup_may,0037_007,KHAMENEI,nuclear_program,13,False,False
buildup_may,0037_007,KHAMENEI,diplomacy,5,False,False
buildup_may,0037_010,IRAN,nuclear_program,0,False,False
buildup_may,0037_010,IRAN,diplomacy,1,False,False
buildup_may,0037_010,USA,nuclear_program,21,False,False
buildup_may,0037_010,USA,diplomacy,27,False,False
buildup_may,0037_010,OMAN,nuclear_program,9,False,False
buildup_may,0037_010,OMAN,diplomacy,15,False,False
buildup_may,0038_004,ARAGHCHI,diplomacy,17,False,False
buildup_may,0038_005,ARAGHCHI,nuclear_program,9,True,True
buildup_may,0038_005,IRAN,nuclear_program,1,False,True
buildup_may,0038_007,USA,diplomacy,7,False,True
buildup_may,0038_007,ARAGHCHI,diplomacy,8,True,True
buildup_may,0038_007,IRAN,diplomacy,14,False,True
buildup_may,0038_008,ARAGHCHI,nuclear_program,4,True,True
buildup_may,0038_008,IRAN,nuclear_program,0,False,True
buildup_may,0038_008,IAEA,nuclear_program,15,False,True
buildup_may,0038_009,IRAN,nuclear_program,7,False,True
buildup_may,0038_009,ARAGHCHI,nuclear_program,26,True,True
buildup_may,0038_011,IRAN,nuclear_program,0,True,True
buildup_may,0038_011,ARAGHCHI,nuclear_program,0,True,True
buildup_may,0038_011,USA,nuclear_program,6,True,True
buildup_may,0038_012,IRAN,diplomacy,5,False,True
buildup_may,0038_013,ARAGHCHI,diplomacy,20,True,True
buildup_may,0038_014,IRAN,nuclear_program,3,False,True
buildup_may,0038_014,IRAN,diplomacy,25,False,True
buildup_may,0038_014,ARAGHCHI,nuclear_program,21,True,True
buildup_may,0038_014,ARAGHCHI,diplomacy,0,True,True
buildup_may,0038_016,ARAGHCHI,diplomacy,12,False,False
buildup_may,0038_016,IRAN,diplomacy,1,False,False
buildup_may,0038_016,OMAN,diplomacy,8,False,False
buildup_may,0038_016,USA,diplomacy,3,False,False
buildup_apr,0039_000,USA,nuclear_program,24,False,True
buildup_apr,0039_000,USA,diplomacy,6,False,True
buildup_apr,0039_000,IRAN,nuclear_program,0,False,True
buildup_apr,0039_000,IRAN,diplomacy,1,False,True
buildup_apr,0039_000,TRUMP,nuclear_program,8,False,True
buildup_apr,0039_000,TRUMP,diplomacy,7,False,True
buildup_apr,0039_002,IRAN,nuclear_program,0,False,False
buildup_apr,0039_004,IRAN,diplomacy,24,False,False
buildup_apr,0039_005,IRAN,diplomacy,4,False,False
buildup_apr,0039_005,USA,diplomacy,6,False,False
buildup_apr,0039_005,OMAN,diplomacy,19,False,False
buildup_apr,0039_006,ARAGHCHI,diplomacy,14,False,False
buildup_apr,0039_006,USA,diplomacy,2,False,False
buildup_apr,0039_007,TRUMP,military_action,8,True,True
buildup_apr,0039_007,TRUMP,deterrence,6,True,True
buildup_apr,0039_007,TRUMP,diplomacy,0,True,True
buildup_apr,0039_007,IRAN,military_action,3,False,True
buildup_apr,0039_007,IRAN,deterrence,1,False,True
buildup_apr,0039_007,IRAN,diplomacy,2,False,True
buildup_apr,0039_008,IRAN,military_action,8,False,False
buildup_apr,0039_008,IRAN,nuclear_program,0,False,False
buildup_apr,0039_008,IRAN,deterrence,6,False,False
buildup_apr,0039_008,IRAN,diplomacy,9,False,False
buildup_apr,0039_008,TRUMP,military_action,5,False,False
buildup_apr,0039_008,TRUMP,nuclear_program,21,False,False
buildup_apr,0039_008,TRUMP,deterrence,8,False,False
buildup_apr,0039_008,TRUMP,diplomacy,2,False,False
buildup_apr,0039_008,USA,military_action,10,False,False
buildup_apr,0039_008,USA,nuclear_program,14,False,False
buildup_apr,0039_008,USA,deterrence,13,False,False
buildup_apr,0039_008,USA,diplomacy,1,False,False
buildup_apr,0039_009,USA,diplomacy,2,False,False
buildup_apr,0039_009,IRAN,diplomacy,1,False,False
buildup_apr,0039_009,OMAN,diplomacy,6,False,False
buildup_may,0040_001,IRAN,nuclear_program,9,False,False
buildup_may,0040_001,IRAN,deterrence,5,False,False
buildup_may,0040_002,USA,nuclear_program,7,False,False
buildup_may,0040_002,USA,deterrence,12,False,False
buildup_may,0040_002,USA,diplomacy,3,False,False
buildup_may,0040_002,IRAN,nuclear_program,4,False,False
buildup_may,0040_002,IRAN,deterrence,8,False,False
buildup_may,0040_002,IRAN,diplomacy,18,False,False
buildup_may,0040_003,USA,nuclear_program,10,False,False
buildup_may,0040_003,USA,diplomacy,5,False,False
buildup_may,0040_003,IRAN,nuclear_program,3,False,False
buildup_may,0040_003,IRAN,diplomacy,12,False,False
buildup_may,0040_004,IRAN,nuclear_program,1,False,True
buildup_may,0040_005,USA,nuclear_program,7,True,True
buildup_may,0040_005,IRAN,nuclear_program,2,False,True
buildup_may,0040_006,USA,nuclear_program,5,False,False
buildup_may,0040_006,IRAN,nuclear_program,2,False,False
buildup_may,0040_011,USA,nuclear_program,3,False,True
buildup_may,0040_011,USA,diplomacy,32,False,True
buildup_may,0040_011,IRAN,nuclear_program,1,False,True
buildup_may,0040_011,IRAN,diplomacy,7,False,True
buildup_may,0040_014,IRAN,nuclear_program,3,False,False
buildup_may,0040_015,IRAN,nuclear_program,7,False,False
buildup_may,0040_015,IRAN,deterrence,1,False,False
buildup_may,0040_016,IRAN,nuclear_program,7,False,False
buildup_may,0040_016,IRAN,deterrence,1,False,False
buildup_may,0040_017,IRAN,nuclear_program,7,False,False
buildup_may,0040_017,IRAN,deterrence,1,False,False
buildup_mar,0041_001,IRAN,nuclear_program,7,False,False
buildup_mar,0041_001,IRAN,diplomacy,7,False,False
buildup_mar,0041_001,IAEA,nuclear_program,0,False,False
buildup_mar,0041_001,IAEA,diplomacy,8,False,False
buildup_mar,0041_001,USA,nuclear_program,7,False,False
buildup_mar,0041_001,USA,diplomacy,0,False,False
buildup_mar,0041_002,IAEA,nuclear_program,11,False,False
buildup_mar,0041_004,IAEA,nuclear_program,0,False,False
buildup_mar,0041_007,IRAN,nuclear_program,13,False,False
buildup_mar,0041_008,IRAN,nuclear_program,13,False,True
buildup_mar,0041_008,IRAN,strike_claims,10,False,True
buildup_mar,0041_009,IRAN,diplomacy,3,False,False
buildup_mar,0041_009,USA,diplomacy,6,False,False
buildup_mar,0041_009,EU,diplomacy,4,False,False
buildup_mar,0041_010,IRAN,diplomacy,21,False,False
buildup_mar,0041_011,IRAN,nuclear_program,0,False,False
buildup_mar,0041_011,IRAN,diplomacy,9,False,False
buildup_mar,0041_011,USA,nuclear_program,11,False,False
buildup_mar,0041_011,USA,diplomacy,3,False,False
buildup_mar,0041_011,EU,nuclear_program,14,False,False
buildup_mar,0041_011,EU,diplomacy,6,False,False
buildup_mar,0041_012,USA,diplomacy,3,False,False
buildup_mar,0041_012,USA,strike_claims,9,False,False
buildup_mar,0041_013,USA,diplomacy,17,False,True
buildup_mar,0041_013,EU,diplomacy,13,False,True
buildup_mar,0041_013,IRAN,diplomacy,4,True,True
buildup_mar,0041_015,IRAN,diplomacy,15,True,True
buildup_mar,0041_017,IRAN,nuclear_program,7,False,False
buildup_mar,0041_017,IAEA,nuclear_program,0,False,False
buildup_mar,0042_000,IRAN,nuclear_program,0,False,True
buildup_mar,0042_000,IRAN,diplomacy,3,False,True
buildup_mar,0042_001,IRAN,nuclear_program,0,False,False
buildup_mar,0042_001,IRAN,diplomacy,9,False,False
buildup_mar,0042_002,IRAN,diplomacy,1,False,True
buildup_mar,0042_002,USA,diplomacy,2,False,True
buildup_mar,0042_002,TRUMP,diplomacy,4,False,True
buildup_mar,0042_003,TRUMP,diplomacy,4,False,True
buildup_mar,0042_003,USA,diplomacy,3,False,True
buildup_mar,0042_003,IRAN,diplomacy,1,False,True
buildup_mar,0042_003,OBAMA,diplomacy,6,False,True
buildup_mar,0042_005,IRAN,nuclear_program,1,False,False
buildup_mar,0042_005,IRAN,diplomacy,4,False,False
buildup_mar,0042_005,OBAMA,nuclear_program,4,False,False
buildup_mar,0042_005,OBAMA,diplomacy,8,False,False
buildup_mar,0042_006,IRAN,diplomacy,8,False,False
buildup_mar,0042_007,IRAN,nuclear_program,0,False,False
buildup_mar,0042_009,IRAN,nuclear_program,20,False,False
buildup_mar,0042_009,IRAN,diplomacy,8,False,False
buildup_mar,0042_010,IRAN,diplomacy,2,True,True
buildup_may,0043_001,IRAN,nuclear_program,5,True,True
buildup_may,0043_002,USA,diplomacy,2,False,True
buildup_may,0043_002,ARAGHCHI,diplomacy,3,False,True
buildup_may,0043_002,IRAN,diplomacy,5,False,True
buildup_may,0043_003,IRAN,nuclear_program,0,False,True
buildup_may,0043_003,ARAGHCHI,nuclear_program,33,True,True
buildup_may,0043_005,ARAGHCHI,nuclear_program,52,False,True
buildup_may,0043_005,ARAGHCHI,diplomacy,60,False,True
buildup_may,0043_005,IRAN,nuclear_program,6,True,True
buildup_may,0043_005,IRAN,diplomacy,0,True,True
buildup_may,0043_006,IRAN,nuclear_program,26,False,True
buildup_may,0043_006,ARAGHCHI,nuclear_program,0,True,True
buildup_may,0043_007,ARAGHCHI,nuclear_program,39,False,True
buildup_may,0043_007,IRAN,nuclear_program,11,True,True
buildup_may,0043_007,IAEA,nuclear_program,0,False,True
buildup_may,0043_008,USA,diplomacy,4,False,False
buildup_may,0043_010,ARAGHCHI,diplomacy,17,False,True
buildup_may,0043_010,USA,diplomacy,5,False,True
buildup_may,0043_012,ARAGHCHI,diplomacy,42,True,True
buildup_may,0043_012,ISRAEL,diplomacy,29,False,True
buildup_may,0043_012,USA,diplomacy,7,False,True
buildup_may,0043_014,USA,diplomacy,22,False,False
buildup_may,0043_014,NETANYAHU,diplomacy,8,False,False
buildup_may,0044_002,IRAN,nuclear_program,0,True,True
buildup_may,0044_002,IAEA,nuclear_program,7,False,True
buildup_may,0044_003,IRAN,nuclear_program,11,True,True
buildup_may,0044_003,IAEA,nuclear_program,0,False,True
buildup_may,0044_004,IRAN,strike_claims,18,False,False
buildup_may,0044_004,EU,strike_claims,12,False,False
buildup_may,0044_004,ISRAEL,strike_claims,5,False,False
buildup_may,0044_006,IRAN,nuclear_program,5,False,False
buildup_may,0044_006,IRAN,strike_claims,0,False,False
buildup_may,0044_008,IRAN,strike_claims,15,False,False
buildup_may,0044_008,EU,strike_claims,7,False,False
buildup_may,0044_009,IRAN,nuclear_program,5,False,False
buildup_may,0045_000,ARAGHCHI,diplomacy,15,False,False
buildup_may,0045_000,IRAN,diplomacy,11,False,False
buildup_may,0045_000,USA,diplomacy,1,False,False
buildup_may,0045_002,ARAGHCHI,diplomacy,7,False,True
buildup_may,0045_007,IRAN,nuclear_program,3,False,True
buildup_may,0045_007,IRAN,diplomacy,2,False,True
buildup_may,0045_007,ARAGHCHI,nuclear_program,0,True,True
buildup_may,0045_007,ARAGHCHI,diplomacy,7,True,True
buildup_may,0045_008,ARAGHCHI,diplomacy,9,False,False
buildup_may,0045_009,IRAN,nuclear_program,4,False,False
buildup_may,0045_011,USA,nuclear_program,11,False,False
buildup_may,0045_011,IRAN,nuclear_program,4,False,False
buildup_may,0045_014,IRAN,military_action,1,False,True
buildup_may,0045_014,USA,military_action,0,False,True
buildup_may,0045_014,ISRAEL,military_action,6,False,True
buildup_may,0045_014,ARAGHCHI,military_action,7,True,True
buildup_may,0045_016,USA,diplomacy,7,False,False
buildup_may,0045_016,IRAN,diplomacy,5,False,False
buildup_mar,0046_001,IRAN,nuclear_program,6,False,False
buildup_mar,0046_001,IAEA,nuclear_program,10,False,False
buildup_mar,0046_001,UN_SECURITY_COUNCIL,nuclear_program,4,False,False
buildup_mar,0046_003,IRAN,diplomacy,1,False,False
buildup_mar,0046_005,IRAN,nuclear_program,24,False,False
buildup_mar,0046_005,UN_SECURITY_COUNCIL,nuclear_program,15,False,False
buildup_mar,0046_006,IAEA,nuclear_program,0,False,False
buildup_mar,0046_014,UN_SECURITY_COUNCIL,nuclear_program,10,False,False
buildup_mar,0046_017,IAEA,nuclear_program,0,False,False
buildup_mar,0046_021,IRAN,nuclear_program,2,False,False
buildup_mar,0046_021,IAEA,nuclear_program,0,False,False
buildup_mar,0046_022,IRAN,diplomacy,1,False,False
buildup_mar,0046_023,IAEA,nuclear_program,0,False,False
buildup_mar,0046_026,USA,diplomacy,10,False,False
buildup_mar,0046_026,USA,strike_claims,15,False,False
buildup_mar,0046_027,USA,diplomacy,3,False,False
buildup_mar,0046_027,USA,strike_claims,5,False,False
buildup_mar,0046_027,IRAN,diplomacy,6,False,False
buildup_mar,0046_027,IRAN,strike_claims,3,False,False
buildup_mar,0046_028,UK,diplomacy,7,False,False
buildup_mar,0046_028,FRANCE,diplomacy,6,False,False
buildup_mar,0046_028,GERMANY,diplomacy,4,False,False
buildup_mar,0046_028,EU,diplomacy,3,False,False
buildup_mar,0046_028,USA,diplomacy,9,False,False
buildup_mar,0046_033,USA,deterrence,7,True,True
buildup_mar,0046_034,EU,diplomacy,17,False,False
buildup_mar,0046_034,USA,diplomacy,0,False,False
buildup_mar,0046_035,UK,diplomacy,1,False,True
buildup_mar,0046_035,EU,diplomacy,0,False,True
buildup_mar,0046_040,USA,nuclear_program,6,False,True
buildup_mar,0046_040,IRAN,nuclear_program,2,False,True
buildup_mar,0046_040,IAEA,nuclear_program,0,False,True
buildup_mar,0046_043,IRAN,diplomacy,4,False,False
buildup_mar,0046_055,IRAN,nuclear_program,3,False,False
buildup_mar,0046_057,USA,diplomacy,3,False,False
buildup_mar,0046_059,IRAN,nuclear_program,0,False,False
buildup_mar,0046_059,IRAN,diplomacy,1,False,False
buildup_mar,0046_059,IAEA,nuclear_program,3,False,False
buildup_mar,0046_059,IAEA,diplomacy,7,False,False
buildup_mar,0046_060,IRAN,nuclear_program,0,False,False
buildup_mar,0046_074,IAEA,nuclear_program,0,False,False
buildup_mar,0046_077,IRAN,nuclear_program,0,False,False
buildup_mar,0046_085,IRAN,diplomacy,4,False,False
buildup_mar,0046_087,IRAN,deterrence,5,False,False
buildup_mar,0046_089,IRAN,diplomacy,3,False,False
buildup_mar,0046_089,EU,diplomacy,3,False,False
buildup_mar,0046_094,IRAN,diplomacy,9,False,False
buildup_mar,0046_094,RUSSIA,diplomacy,2,False,False
buildup_mar,0046_094,CHINA,diplomacy,4,False,False
buildup_mar,0046_097,IRAN,diplomacy,2,False,False
buildup_mar,0046_111,IRAN,nuclear_program,0,False,True
buildup_mar,0046_111,IAEA,nuclear_program,9,False,True
buildup_mar,0046_112,IRAN,nuclear_program,3,False,True
buildup_mar,0046_112,IAEA,nuclear_program,0,False,True
buildup_apr,0047_000,ARAGHCHI,diplomacy,16,False,False
buildup_apr,0047_000,USA,diplomacy,4,False,False
buildup_apr,0047_000,IRAN,diplomacy,2,False,False
buildup_apr,0047_001,ARAGHCHI,deterrence,15,False,False
buildup_apr,0047_001,ARAGHCHI,diplomacy,11,False,False
buildup_apr,0047_002,ARAGHCHI,deterrence,15,True,True
buildup_apr,0047_002,ARAGHCHI,diplomacy,17,True,True
buildup_apr,0047_003,ARAGHCHI,diplomacy,17,True,True
buildup_apr,0047_003,USA,diplomacy,2,False,True
buildup_apr,0047_004,ARAGHCHI,diplomacy,7,False,False
buildup_apr,0047_004,OMAN,diplomacy,6,False,False
buildup_apr,0047_004,IRAN,diplomacy,10,False,False
buildup_apr,0047_004,USA,diplomacy,12,False,False
buildup_apr,0047_006,USA,diplomacy,15,False,True
buildup_apr,0047_006,TRUMP,diplomacy,9,False,True
buildup_apr,0047_006,IRAN,diplomacy,3,False,True
buildup_apr,0047_007,IRAN,diplomacy,18,True,True
buildup_apr,0047_007,USA,diplomacy,9,True,True
buildup_apr,0047_008,TRUMP,military_action,5,False,True
buildup_apr,0047_008,TRUMP,diplomacy,12,False,True
buildup_apr,0047_008,IRAN,military_action,1,False,True
buildup_apr,0047_008,IRAN,diplomacy,2,False,True
buildup_apr,0047_008,USA,military_action,8,False,True
buildup_apr,0047_008,USA,diplomacy,1,False,True
buildup_apr,0047_009,USA,deterrence,1,False,False
buildup_apr,0047_009,IRAN,deterrence,8,False,False
buildup_apr,0047_013,ARAGHCHI,nuclear_program,8,True,True
buildup_apr,0047_013,IRAN,nuclear_program,3,False,True
buildup_apr,0047_016,ARAGHCHI,deterrence,15,False,False
buildup_apr,0047_016,ARAGHCHI,diplomacy,11,False,False
buildup_apr,0047_016,USA,deterrence,2,False,False
buildup_apr,0047_016,USA,diplomacy,5,False,False
buildup_apr,0047_016,IRAN,deterrence,10,False,False
buildup_apr,0047_016,IRAN,diplomacy,13,False,False
buildup_apr,0048_000,ARAGHCHI,diplomacy,26,False,False
buildup_apr,0048_000,IAEA,diplomacy,9,False,False
buildup_apr,0048_000,GROSSI,diplomacy,15,False,False
buildup_apr,0048_000,IRAN,diplomacy,1,False,False
buildup_apr,0048_000,USA,diplomacy,3,False,False
buildup_apr,0048_001,GROSSI,nuclear_program,29,False,True
buildup_apr,0048_001,IRAN,nuclear_program,0,False,True
buildup_apr,0048_001,IAEA,nuclear_program,2,False,True
buildup_apr,0048_001,ARAGHCHI,nuclear_program,15,False,True
buildup_apr,0048_003,ARAGHCHI,nuclear_program,23,False,False
buildup_apr,0048_003,IAEA,nuclear_program,15,False,False
buildup_apr,0048_003,IRAN,nuclear_program,0,False,False
buildup_apr,0048_005,ARAGHCHI,nuclear_program,7,False,True
buildup_apr,0048_005,IAEA,nuclear_program,0,False,True
buildup_apr,0048_005,GROSSI,nuclear_program,1,False,True
buildup_apr,0048_007,ARAGHCHI,diplomacy,10,True,True
buildup_apr,0048_011,ARAGHCHI,diplomacy,26,False,False
buildup_apr,0048_011,IAEA,diplomacy,9,False,False
buildup_apr,0048_011,GROSSI,diplomacy,15,False,False
buildup_apr,0048_011,IRAN,diplomacy,1,False,False
buildup_apr,0048_011,USA,diplomacy,3,False,False
buildup_mar,0049_029,IAEA,nuclear_program,0,False,False
buildup_mar,0049_030,GROSSI,nuclear_program,12,False,False
buildup_mar,0049_030,IAEA,nuclear_program,2,False,False
buildup_mar,0049_030,IRAN,nuclear_program,0,False,False
buildup_mar,0049_031,IRAN,nuclear_program,0,False,False
buildup_mar,0049_032,IAEA,nuclear_program,0,False,False
buildup_mar,0049_032,IRAN,nuclear_program,7,False,False
buildup_mar,0049_032,GROSSI,nuclear_program,14,False,False
buildup_mar,0049_034,USA,diplomacy,5,False,False
buildup_mar,0049_034,RUSSIA,diplomacy,3,False,False
buildup_mar,0049_034,IRAN,diplomacy,0,False,False
buildup_mar,0049_036,EU,diplomacy,8,False,False
buildup_mar,0049_036,UK,diplomacy,5,False,False
buildup_mar,0049_036,FRANCE,diplomacy,4,False,False
buildup_mar,0049_036,GERMANY,diplomacy,2,False,False
buildup_mar,0049_037,USA,diplomacy,0,False,False
buildup_mar,0049_039,USA,diplomacy,2,False,False
buildup_mar,0049_039,USA,strike_claims,17,False,False
buildup_mar,0049_039,IRAN,diplomacy,6,False,False
buildup_mar,0049_039,IRAN,strike_claims,15,False,False
buildup_mar,0049_045,LEBANON,strike_claims,0,False,False
buildup_mar,0049_045,ISRAEL,strike_claims,3,False,False
buildup_mar,0049_045,SYRIA,strike_claims,1,False,False
buildup_apr,0050_004,IRAN,diplomacy,4,False,False
buildup_apr,0050_009,USA,diplomacy,7,False,False
buildup_apr,0050_009,TRUMP,diplomacy,4,False,False
buildup_apr,0050_009,IRAN,diplomacy,1,False,False
buildup_apr,0050_010,IRAN,military_action,0,False,False
buildup_apr,0050_010,IRAN,deterrence,2,False,False
buildup_apr,0050_011,IRAN,deterrence,8,False,False
buildup_apr,0050_011,IRAN,diplomacy,19,False,False
buildup_apr,0050_011,USA,deterrence,1,False,False
buildup_apr,0050_011,USA,diplomacy,12,False,False
buildup_apr,0050_012,IRAN,nuclear_program,0,False,True
buildup_apr,0050_012,RUSSIA,nuclear_program,10,False,True
buildup_apr,0051_001,IRAN,nuclear_program,1,False,True
buildup_apr,0051_001,IRAN,diplomacy,1,False,True
buildup_apr,0051_001,USA,nuclear_program,3,False,True
buildup_apr,0051_001,USA,diplomacy,1,False,True
buildup_apr,0051_005,IRAN,diplomacy,18,True,True
buildup_apr,0051_009,IRAN,diplomacy,1,True,True
buildup_apr,0051_010,EU,diplomacy,2,False,False
buildup_apr,0051_010,IRAN,diplomacy,0,False,False
buildup_apr,0051_010,UK,diplomacy,11,False,False
buildup_apr,0051_010,FRANCE,diplomacy,12,False,False
buildup_apr,0051_010,GERMANY,diplomacy,14,False,False
buildup_apr,0051_010,USA,diplomacy,3,False,False
buildup_apr,0051_015,EU,deterrence,0,False,False
buildup_apr,0051_015,IRAN,deterrence,7,False,False
buildup_apr,0051_016,IRAN,diplomacy,2,True,True
buildup_apr,0051_017,IAEA,nuclear_program,3,False,False
buildup_apr,0051_017,IAEA,diplomacy,6,False,False
buildup_apr,0051_017,IRAN,nuclear_program,0,False,False
buildup_apr,0051_017,IRAN,diplomacy,1,False,False
buildup_apr,0051_021,IAEA,nuclear_program,0,False,False
buildup_apr,0051_021,IRAN,nuclear_program,2,False,False
buildup_apr,0051_023,IAEA,nuclear_program,0,False,False
buildup_apr,0051_027,IRAN,diplomacy,9,False,False
buildup_may,0052_006,ARAGHCHI,deterrence,4,False,False
buildup_may,0052_006,ARAGHCHI,diplomacy,14,False,False
buildup_may,0052_006,EU,deterrence,0,False,False
buildup_may,0052_006,EU,diplomacy,10,False,False
buildup_may,0052_007,ARAGHCHI,diplomacy,9,True,True
buildup_may,0052_007,IRAN,diplomacy,3,False,True
buildup_may,0052_007,USA,diplomacy,5,False,True
buildup_may,0052_008,EU,nuclear_program,14,False,False
buildup_may,0052_008,EU,deterrence,22,False,False
buildup_may,0052_013,ARAGHCHI,deterrence,13,False,True
buildup_may,0052_013,ISRAEL,deterrence,0,False,True
buildup_may,0052_013,IRAN,deterrence,2,False,True
buildup_apr,0053_001,RUSSIA,nuclear_program,22,False,False
buildup_apr,0053_001,IRAN,nuclear_program,0,False,False
buildup_apr,0053_001,USA,nuclear_program,6,False,False
buildup_apr,0053_005,USA,diplomacy,5,False,False
buildup_apr,0053_005,IRAN,diplomacy,5,False,False
buildup_apr,0053_005,RUSSIA,diplomacy,9,False,False
buildup_apr,0053_006,RUSSIA,nuclear_program,7,False,False
buildup_apr,0053_006,RUSSIA,diplomacy,21,False,False
buildup_apr,0053_006,IRAN,nuclear_program,0,False,False
buildup_apr,0053_006,IRAN,diplomacy,1,False,False
buildup_apr,0053_006,USA,nuclear_program,17,False,False
buildup_apr,0053_006,USA,diplomacy,4,False,False
buildup_apr,0053_008,RUSSIA,diplomacy,22,False,False
buildup_apr,0053_008,IRAN,diplomacy,1,False,False
buildup_apr,0053_008,USA,diplomacy,3,False,False
buildup_apr,0054_001,IRAN,nuclear_program,1,False,True
buildup_apr,0054_001,IRAN,diplomacy,1,False,True
buildup_apr,0054_001,USA,nuclear_program,3,False,True
buildup_apr,0054_001,USA,diplomacy,1,False,True
buildup_apr,0054_005,IRAN,diplomacy,18,True,True
buildup_apr,0054_009,IRAN,diplomacy,1,True,True
buildup_apr,0054_010,EU,diplomacy,2,False,False
buildup_apr,0054_010,IRAN,diplomacy,0,False,False
buildup_apr,0054_010,UK,diplomacy,11,False,False
buildup_apr,0054_010,FRANCE,diplomacy,12,False,False
buildup_apr,0054_010,GERMANY,diplomacy,14,False,False
buildup_apr,0054_010,USA,diplomacy,3,False,False
buildup_apr,0054_015,EU,deterrence,0,False,False
buildup_apr,0054_015,IRAN,deterrence,7,False,False
buildup_apr,0054_016,IRAN,diplomacy,2,True,True
buildup_apr,0054_017,IAEA,nuclear_program,3,False,False
buildup_apr,0054_017,IAEA,diplomacy,6,False,False
buildup_apr,0054_017,IRAN,nuclear_program,0,False,False
buildup_apr,0054_017,IRAN,diplomacy,1,False,False
buildup_apr,0054_021,IAEA,nuclear_program,0,False,False
buildup_apr,0054_021,IRAN,nuclear_program,2,False,False
buildup_apr,0054_023,IAEA,nuclear_program,0,False,False
buildup_apr,0054_027,IRAN,diplomacy,9,False,False
buildup_may,0055_000,PEZESHKIAN,nuclear_program,1,False,False
buildup_may,0055_000,IRAN,nuclear_program,4,False,False
buildup_may,0055_005,USA,nuclear_program,0,False,True
buildup_may,0055_005,IRAN,nuclear_program,3,False,True
buildup_may,0055_006,IRAN,nuclear_program,12,False,False
buildup_may,0055_006,PEZESHKIAN,nuclear_program,2,False,False
buildup_may,0055_007,PEZESHKIAN,nuclear_program,19,True,True
buildup_may,0055_007,IRAN,nuclear_program,3,True,True
buildup_may,0055_008,PEZESHKIAN,nuclear_program,8,False,True
buildup_may,0055_008,PEZESHKIAN,strike_claims,1,False,True
buildup_may,0055_008,IRAN,nuclear_program,2,True,True
buildup_may,0055_008,IRAN,strike_claims,8,True,True
buildup_may,0055_012,OMAN,diplomacy,4,False,True
buildup_may,0055_012,IRAN,diplomacy,1,False,True
buildup_may,0055_012,USA,diplomacy,3,False,True
buildup_may,0055_013,PEZESHKIAN,diplomacy,20,False,False
buildup_may,0055_013,KHAMENEI,diplomacy,15,False,False
buildup_may,0055_013,OMAN,diplomacy,7,False,False
buildup_may,0055_015,PEZESHKIAN,deterrence,4,False,True
buildup_may,0055_015,IRAN,deterrence,0,False,True
buildup_may,0055_015,ISRAEL,deterrence,4,False,True
buildup_may,0055_016,IRAN,military_action,13,False,False
buildup_may,0055_016,IRAN,deterrence,0,False,False
buildup_may,0055_016,PEZESHKIAN,military_action,16,False,False
buildup_may,0055_016,PEZESHKIAN,deterrence,18,False,False
buildup_may,0055_022,PEZESHKIAN,nuclear_program,8,False,False
buildup_may,0055_022,IRAN,nuclear_program,5,False,False
buildup_may,0055_023,IRAN,nuclear_program,4,False,False
buildup_may,0055_023,PEZESHKIAN,nuclear_program,7,False,False
buildup_may,0056_001,ARAGHCHI,diplomacy,16,False,False
buildup_may,0056_001,IRAN,diplomacy,1,False,False
buildup_may,0056_002,ARAGHCHI,diplomacy,49,False,True
buildup_may,0056_002,USA,diplomacy,27,False,True
buildup_may,0056_002,IRAN,diplomacy,17,False,True
buildup_may,0056_004,EU,diplomacy,35,False,False
buildup_may,0056_004,FRANCE,diplomacy,25,False,False
buildup_may,0056_004,GERMANY,diplomacy,23,False,False
buildup_may,0056_005,IRAN,nuclear_program,5,False,True
buildup_may,0056_005,IRAN,deterrence,14,False,True
buildup_may,0056_005,IRAN,diplomacy,5,False,True
buildup_may,0056_005,USA,nuclear_program,10,False,True
buildup_may,0056_005,USA,deterrence,17,False,True
buildup_may,0056_005,USA,diplomacy,30,False,True
buildup_may,0056_005,EU,nuclear_program,4,False,True
buildup_may,0056_005,EU,deterrence,33,False,True
buildup_may,0056_005,EU,diplomacy,14,False,True
buildup_may,0056_006,ARAGHCHI,diplomacy,20,False,False
buildup_may,0056_006,USA,diplomacy,5,False,False
buildup_may,0056_006,IRAN,diplomacy,2,False,False
buildup_may,0056_008,ARAGHCHI,nuclear_program,10,False,False
buildup_may,0056_008,ISRAEL,nuclear_program,7,False,False
buildup_may,0056_008,IRAN,nuclear_program,1,False,False
buildup_may,0056_009,IRAN,nuclear_program,1,False,False
buildup_may,0056_011,USA,diplomacy,1,False,False
buildup_may,0056_012,ARAGHCHI,diplomacy,5,False,False
buildup_may,0056_012,OMAN,diplomacy,2,False,False
buildup_may,0056_012,USA,diplomacy,8,False,False
buildup_may,0056_012,WITKOFF,diplomacy,11,False,False
buildup_may,0056_013,WITKOFF,nuclear_program,10,False,True
buildup_may,0056_013,WITKOFF,diplomacy,22,False,True
buildup_may,0056_013,USA,nuclear_program,7,False,True
buildup_may,0056_013,USA,diplomacy,4,False,True
buildup_may,0056_013,IRAN,nuclear_program,1,False,True
buildup_may,0056_013,IRAN,diplomacy,9,False,True
buildup_may,0056_013,TRUMP,nuclear_program,13,False,True
buildup_may,0056_013,TRUMP,diplomacy,1,False,True
buildup_may,0056_014,USA,diplomacy,2,False,False
buildup_may,0056_015,IRAN,nuclear_program,3,True,True
buildup_may,0056_015,IRAN,diplomacy,25,True,True
buildup_may,0056_015,ARAGHCHI,nuclear_program,7,False,True
buildup_may,0056_015,ARAGHCHI,diplomacy,13,False,True
buildup_may,0056_017,IRAN,diplomacy,9,False,False
buildup_mar,0057_001,TRUMP,diplomacy,5,True,True
buildup_mar,0057_001,USA,diplomacy,3,False,True
buildup_mar,0057_001,IRAN,diplomacy,3,False,True
buildup_mar,0057_003,TRUMP,diplomacy,6,True,True
buildup_mar,0057_003,IRAN,diplomacy,1,False,True
buildup_mar,0057_004,USA,diplomacy,10,False,True
buildup_mar,0057_004,TRUMP,diplomacy,5,False,True
buildup_mar,0057_004,IRAN,diplomacy,2,False,True
buildup_mar,0057_006,TRUMP,diplomacy,16,False,True
buildup_mar,0057_017,IRAN,diplomacy,9,False,True
buildup_mar,0057_017,TRUMP,diplomacy,17,True,True
buildup_mar,0057_019,KHAMENEI,diplomacy,3,False,False
buildup_mar,0057_019,USA,diplomacy,1,False,False
buildup_mar,0057_021,TRUMP,diplomacy,3,False,True
buildup_mar,0057_021,IRAN,diplomacy,1,False,True
buildup_mar,0057_022,TRUMP,diplomacy,3,True,True
buildup_mar,0057_022,IRAN,diplomacy,1,False,True
buildup_mar,0057_024,KHAMENEI,diplomacy,1,False,False
buildup_mar,0057_024,USA,diplomacy,12,False,False
buildup_mar,0057_025,PEZESHKIAN,diplomacy,5,False,True
buildup_mar,0057_025,USA,diplomacy,1,False,True
buildup_mar,0057_026,TRUMP,deterrence,4,False,True
buildup_mar,0057_026,IRAN,deterrence,1,False,True
buildup_mar,0057_028,IRAN,diplomacy,8,False,False
buildup_mar,0057_030,IRAN,nuclear_program,2,True,True
buildup_mar,0057_030,TRUMP,nuclear_program,0,True,True
buildup_mar,0057_032,KHAMENEI,nuclear_program,13,False,False
buildup_mar,0057_034,TRUMP,nuclear_program,15,False,True
buildup_mar,0057_034,IRAN,nuclear_program,0,False,True
buildup_mar,0057_034,IAEA,nuclear_program,4,False,True
buildup_mar,0057_036,TRUMP,diplomacy,16,False,True
buildup_mar,0057_038,USA,diplomacy,9,False,True
buildup_mar,0057_038,TRUMP,diplomacy,6,True,True
buildup_mar,0057_038,IRAN,diplomacy,3,False,True
buildup_may,0058_003,USA,military_action,9,False,False
buildup_may,0058_003,USA,nuclear_program,22,False,False
buildup_may,0058_003,ISRAEL,military_action,4,False,False
buildup_may,0058_003,ISRAEL,nuclear_program,3,False,False
buildup_may,0058_003,IRAN,military_action,1,False,False
buildup_may,0058_003,IRAN,nuclear_program,0,False,False
buildup_may,0058_003,ARAGHCHI,military_action,4,False,False
buildup_may,0058_003,ARAGHCHI,nuclear_program,7,False,False
buildup_may,0058_005,ARAGHCHI,nuclear_program,5,True,True
buildup_may,0058_005,IRAN,nuclear_program,0,False,True
buildup_may,0058_005,IAEA,nuclear_program,7,False,True
buildup_may,0058_006,ARAGHCHI,military_action,6,True,True
buildup_may,0058_006,ARAGHCHI,deterrence,8,True,True
buildup_may,0058_006,IAEA,military_action,3,False,True
buildup_may,0058_006,IAEA,deterrence,5,False,True
buildup_may,0058_007,ARAGHCHI,nuclear_program,4,False,True
buildup_may,0058_007,ARAGHCHI,deterrence,9,False,True
buildup_may,0058_007,ARAGHCHI,diplomacy,25,False,True
buildup_may,0058_007,ISRAEL,nuclear_program,0,False,True
buildup_may,0058_007,ISRAEL,deterrence,5,False,True
buildup_may,0058_007,ISRAEL,diplomacy,1,False,True
buildup_may,0058_010,ARAGHCHI,nuclear_program,19,False,True
buildup_may,0058_010,IAEA,nuclear_program,13,False,True
buildup_may,0058_010,IRAN,nuclear_program,3,False,True
buildup_apr,0059_000,IRAN,nuclear_program,2,False,False
buildup_apr,0059_000,ARAGHCHI,nuclear_program,16,False,False
buildup_apr,0059_000,GROSSI,nuclear_program,13,False,False
buildup_apr,0059_000,IAEA,nuclear_program,0,False,False
buildup_apr,0059_001,ARAGHCHI,nuclear_program,25,False,False
buildup_apr,0059_001,ARAGHCHI,diplomacy,7,False,False
buildup_apr,0059_001,GROSSI,nuclear_program,22,False,False
buildup_apr,0059_001,GROSSI,diplomacy,4,False,False
buildup_apr,0059_001,IRAN,nuclear_program,0,False,False
buildup_apr,0059_001,IRAN,diplomacy,1,False,False
buildup_apr,0059_001,USA,nuclear_program,7,False,False
buildup_apr,0059_001,USA,diplomacy,4,False,False
buildup_apr,0059_001,OMAN,nuclear_program,10,False,False
buildup_apr,0059_001,OMAN,diplomacy,6,False,False
buildup_apr,0059_002,IRAN,nuclear_program,26,False,True
buildup_apr,0059_002,IAEA,nuclear_program,0,False,True
buildup_apr,0059_003,GROSSI,deterrence,12,True,True
buildup_apr,0059_003,IRAN,deterrence,5,False,True
buildup_apr,0059_004,GROSSI,nuclear_program,8,True,True
buildup_apr,0059_004,IAEA,nuclear_program,0,False,True
buildup_apr,0059_004,IRAN,nuclear_program,1,False,True
buildup_apr,0059_005,IRAN,nuclear_program,5,False,False
buildup_apr,0059_005,IRAN,diplomacy,16,False,False
buildup_apr,0059_005,USA,nuclear_program,2,False,False
buildup_apr,0059_005,USA,diplomacy,13,False,False
buildup_apr,0059_005,IAEA,nuclear_program,0,False,False
buildup_apr,0059_005,IAEA,diplomacy,10,False,False
buildup_apr,0059_009,IRAN,nuclear_program,6,False,False
buildup_apr,0059_009,GROSSI,nuclear_program,4,False,False
buildup_apr,0059_009,USA,nuclear_program,2,False,False
buildup_apr,0059_009,IAEA,nuclear_program,0,False,False
buildup_mar,0060_000,IRAN,nuclear_program,22,False,False
buildup_mar,0060_000,IAEA,nuclear_program,24,False,False
buildup_mar,0060_005,UN_SECURITY_COUNCIL,nuclear_program,10,False,False
buildup_mar,0060_008,IAEA,nuclear_program,0,False,False
buildup_mar,0060_012,IRAN,nuclear_program,2,False,False
buildup_mar,0060_012,IAEA,nuclear_program,0,False,False
buildup_mar,0060_013,IRAN,diplomacy,1,False,False
buildup_mar,0060_014,IAEA,nuclear_program,0,False,False
buildup_mar,0060_018,USA,diplomacy,10,False,False
buildup_mar,0060_018,USA,strike_claims,15,False,False
buildup_mar,0060_019,USA,diplomacy,3,False,False
buildup_mar,0060_019,USA,strike_claims,5,False,False
buildup_mar,0060_019,IRAN,diplomacy,6,False,False
buildup_mar,0060_019,IRAN,strike_claims,3,False,False
buildup_mar,0060_020,UK,diplomacy,7,False,False
buildup_mar,0060_020,FRANCE,diplomacy,6,False,False
buildup_mar,0060_020,GERMANY,diplomacy,4,False,False
buildup_mar,0060_020,EU,diplomacy,3,False,False
buildup_mar,0060_020,USA,diplomacy,9,False,False
buildup_mar,0060_026,USA,deterrence,7,True,True
buildup_mar,0060_027,EU,diplomacy,17,False,False
buildup_mar,0060_027,USA,diplomacy,0,False,False
buildup_mar,0060_028,UK,diplomacy,1,False,True
buildup_mar,0060_028,EU,diplomacy,0,False,True
buildup_mar,0060_033,USA,nuclear_program,6,False,True
buildup_mar,0060_033,IRAN,nuclear_program,2,False,True
buildup_mar,0060_033,IAEA,nuclear_program,0,False,True
buildup_mar,0060_036,IRAN,diplomacy,4,False,False
buildup_mar,0060_048,IRAN,nuclear_program,3,False,False
buildup_mar,0060_050,USA,diplomacy,3,False,False
buildup_mar,0060_052,IRAN,nuclear_program,0,False,False
buildup_mar,0060_052,IRAN,diplomacy,1,False,False
buildup_mar,0060_052,IAEA,nuclear_program,3,False,False
buildup_mar,0060_052,IAEA,diplomacy,7,False,False
buildup_mar,0060_053,IRAN,nuclear_program,0,False,False
buildup_mar,0060_065,IAEA,nuclear_program,0,False,False
buildup_mar,0060_068,IRAN,nuclear_program,0,False,False
buildup_mar,0060_076,IRAN,diplomacy,4,False,False
buildup_mar,0060_078,IRAN,deterrence,5,False,False
buildup_mar,0060_080,IRAN,diplomacy,3,False,False
buildup_mar,0060_080,EU,diplomacy,3,False,False
buildup_mar,0060_085,IRAN,diplomacy,9,False,False
buildup_mar,0060_085,RUSSIA,diplomacy,2,False,False
buildup_mar,0060_085,CHINA,diplomacy,4,False,False
buildup_mar,0060_087,IRAN,diplomacy,2,False,False
buildup_apr,0061_000,IRAN,diplomacy,8,False,False
buildup_apr,0061_000,USA,diplomacy,2,False,False
buildup_apr,0061_001,IRAN,diplomacy,3,False,False
buildup_apr,0061_001,USA,diplomacy,1,False,False
buildup_apr,0061_004,USA,diplomacy,2,False,False
buildup_apr,0061_006,USA,diplomacy,15,False,False
buildup_apr,0061_006,TRUMP,diplomacy,12,False,False
buildup_apr,0061_006,IRAN,diplomacy,3,False,False
buildup_apr,0061_007,IRAN,diplomacy,18,True,True
buildup_apr,0061_007,USA,diplomacy,9,True,True
buildup_apr,0061_009,IRAN,nuclear_program,11,True,True
buildup_apr,0061_010,ARAGHCHI,nuclear_program,7,False,False
buildup_apr,0061_010,IRAN,nuclear_program,0,False,False
buildup_apr,0061_012,TRUMP,nuclear_program,20,False,True
buildup_apr,0061_012,TRUMP,deterrence,0,False,True
buildup_apr,0061_012,IRAN,nuclear_program,0,False,True
buildup_apr,0061_012,IRAN,deterrence,4,False,True
buildup_apr,0061_014,IRAN,military_action,8,False,True
buildup_apr,0061_016,IRAN,deterrence,7,False,False
buildup_apr,0061_016,IRAN,diplomacy,0,False,False
buildup_apr,0061_016,IRAN,strike_claims,3,False,False
buildup_apr,0061_016,EU,deterrence,12,False,False
buildup_apr,0061_016,EU,diplomacy,4,False,False
buildup_apr,0061_016,EU,strike_claims,17,False,False
buildup_apr,0061_016,UK,deterrence,4,False,False
buildup_apr,0061_016,UK,diplomacy,50,False,False
buildup_apr,0061_016,UK,strike_claims,25,False,False
buildup_apr,0061_016,FRANCE,deterrence,3,False,False
buildup_apr,0061_016,FRANCE,diplomacy,21,False,False
buildup_apr,0061_016,FRANCE,strike_claims,26,False,False
buildup_apr,0061_016,GERMANY,deterrence,1,False,False
buildup_apr,0061_016,GERMANY,diplomacy,47,False,False
buildup_apr,0061_016,GERMANY,strike_claims,28,False,False
buildup_apr,0061_019,USA,diplomacy,3,False,True
buildup_apr,0061_019,IRAN,diplomacy,0,True,True
buildup_apr,0061_021,IRAN,nuclear_program,27,False,False
buildup_apr,0061_021,IRAN,diplomacy,14,False,False
buildup_apr,0061_021,USA,nuclear_program,21,False,False
buildup_apr,0061_021,USA,diplomacy,8,False,False
buildup_apr,0061_021,RUSSIA,nuclear_program,20,False,False
buildup_apr,0061_021,RUSSIA,diplomacy,7,False,False
buildup_apr,0061_021,CHINA,nuclear_program,19,False,False
buildup_apr,0061_021,CHINA,diplomacy,6,False,False
buildup_apr,0061_021,FRANCE,nuclear_program,18,False,False
buildup_apr,0061_021,FRANCE,diplomacy,5,False,False
buildup_apr,0061_021,UK,nuclear_program,17,False,False
buildup_apr,0061_021,UK,diplomacy,4,False,False
buildup_apr,0061_021,GERMANY,nuclear_program,15,False,False
buildup_apr,0061_021,GERMANY,diplomacy,2,False,False
buildup_apr,0061_022,USA,diplomacy,6,False,False
buildup_apr,0061_022,TRUMP,diplomacy,18,False,False
buildup_apr,0061_022,IRAN,diplomacy,2,False,False
buildup_apr,0061_023,IRAN,diplomacy,20,False,False
buildup_apr,0061_023,USA,diplomacy,0,False,False
buildup_apr,0061_023,EU,diplomacy,8,False,False
buildup_apr,0061_024,IRAN,diplomacy,9,True,True
buildup_apr,0061_029,IRAN,diplomacy,3,False,False
buildup_apr,0061_029,USA,diplomacy,1,False,False
buildup_apr,0062_000,IRAN,diplomacy,6,False,False
buildup_apr,0062_000,ARAGHCHI,diplomacy,4,False,False
buildup_apr,0062_000,USA,diplomacy,8,False,False
buildup_apr,0062_004,ARAGHCHI,diplomacy,5,False,True
buildup_apr,0062_004,USA,diplomacy,32,False,True
buildup_apr,0062_006,USA,diplomacy,6,False,True
buildup_apr,0062_006,TRUMP,diplomacy,2,False,True
buildup_apr,0062_006,IRAN,diplomacy,2,False,True
buildup_apr,0062_007,TRUMP,nuclear_program,18,False,True
buildup_apr,0062_007,USA,nuclear_program,24,False,True
buildup_apr,0062_007,IRAN,nuclear_program,0,False,True
buildup_apr,0062_008,TRUMP,military_action,5,True,True
buildup_apr,0062_008,TRUMP,deterrence,2,True,True
buildup_apr,0062_008,IRAN,military_action,1,False,True
buildup_apr,0062_008,IRAN,deterrence,0,False,True
buildup_apr,0062_010,TRUMP,deterrence,0,False,False
buildup_apr,0062_010,IRAN,deterrence,1,False,False
buildup_apr,0062_010,USA,deterrence,19,False,False
buildup_apr,0062_013,FRANCE,nuclear_program,16,False,True
buildup_apr,0062_013,IRAN,nuclear_program,0,False,True
buildup_apr,0062_014,FRANCE,nuclear_program,18,False,False
buildup_apr,0062_014,IRAN,nuclear_program,0,False,False
buildup_apr,0062_015,FRANCE,military_action,5,False,True
buildup_apr,0062_015,IRAN,military_action,1,False,True
buildup_apr,0062_015,ARAGHCHI,military_action,14,False,True
buildup_apr,0062_016,ARAGHCHI,diplomacy,24,False,False
buildup_apr,0062_016,USA,diplomacy,7,False,False
buildup_apr,0062_016,IRAN,diplomacy,4,False,False
buildup_apr,0062_018,IRAN,diplomacy,4,False,False
buildup_apr,0062_018,USA,diplomacy,7,False,False
buildup_may,0063_000,IRAN,diplomacy,1,False,False
buildup_may,0063_000,USA,diplomacy,4,False,False
buildup_may,0063_000,OMAN,diplomacy,8,False,False
buildup_may,0063_005,ARAGHCHI,diplomacy,14,True,True
buildup_may,0063_005,USA,diplomacy,6,True,True
buildup_may,0063_006,ARAGHCHI,diplomacy,14,True,True
buildup_may,0063_011,IRAN,nuclear_program,0,False,False
buildup_may,0063_013,IAEA,nuclear_program,0,False,False
buildup_may,0063_014,ARAGHCHI,nuclear_program,7,False,False
buildup_may,0063_014,ARAGHCHI,diplomacy,13,False,False
buildup_may,0063_014,IRAN,nuclear_program,3,False,False
buildup_may,0063_014,IRAN,diplomacy,9,False,False
buildup_may,0063_016,ARAGHCHI,nuclear_program,16,True,True
buildup_may,0063_016,IRAN,nuclear_program,0,False,True
buildup_may,0063_017,IRAN,nuclear_program,2,False,False
buildup_may,0063_018,ARAGHCHI,diplomacy,23,True,True
buildup_may,0063_018,USA,diplomacy,1,False,True
buildup_may,0063_019,IRAN,nuclear_program,0,False,False
buildup_may,0063_019,IRAN,diplomacy,1,False,False
buildup_may,0063_019,USA,nuclear_program,20,False,False
buildup_may,0063_019,USA,diplomacy,26,False,False
buildup_may,0063_019,OMAN,nuclear_program,9,False,False
buildup_may,0063_019,OMAN,diplomacy,15,False,False
buildup_apr,0064_001,PEZESHKIAN,nuclear_program,6,True,True
buildup_apr,0064_001,IRAN,nuclear_program,0,False,True
buildup_apr,0064_002,IRAN,military_action,6,False,False
buildup_apr,0064_002,IRAN,nuclear_program,5,False,False
buildup_apr,0064_002,KHAMENEI,military_action,8,False,False
buildup_apr,0064_002,KHAMENEI,nuclear_program,8,False,False
buildup_apr,0064_003,IRAN,deterrence,3,False,False
buildup_apr,0064_003,PEZESHKIAN,deterrence,10,False,False
buildup_apr,0064_006,ARAGHCHI,nuclear_program,33,False,False
buildup_apr,0064_006,ARAGHCHI,diplomacy,15,False,False
buildup_apr,0064_006,USA,nuclear_program,14,False,False
buildup_apr,0064_006,USA,diplomacy,2,False,False
buildup_apr,0064_006,OMAN,nuclear_program,12,False,False
buildup_apr,0064_006,OMAN,diplomacy,4,False,False
buildup_apr,0064_006,IRAN,nuclear_program,0,False,False
buildup_apr,0064_006,IRAN,diplomacy,16,False,False
buildup_mar,0065_000,RUSSIA,nuclear_program,5,False,False
buildup_mar,0065_000,RUSSIA,strike_claims,17,False,False
buildup_mar,0065_000,IRAN,nuclear_program,0,False,False
buildup_mar,0065_000,IRAN,strike_claims,12,False,False
buildup_mar,0065_002,RUSSIA,nuclear_program,13,False,True
buildup_mar,0065_002,IRAN,nuclear_program,7,False,True
buildup_mar,0065_003,IRAN,military_action,0,False,False
buildup_mar,0065_003,RUSSIA,military_action,9,False,False
buildup_mar,0065_003,USA,military_action,4,False,False
buildup_mar,0065_003,ISRAEL,military_action,2,False,False
buildup_mar,0065_004,IRAN,nuclear_program,0,False,False
buildup_mar,0065_009,RUSSIA,diplomacy,10,False,False
buildup_mar,0065_009,IRAN,diplomacy,1,False,False
buildup_mar,0065_010,IRAN,diplomacy,9,False,False
buildup_mar,0065_012,USA,diplomacy,12,False,False
buildup_mar,0065_012,TRUMP,diplomacy,20,False,False
buildup_mar,0065_012,IRAN,diplomacy,1,False,False
buildup_mar,0066_000,ISRAEL,military_action,9,False,False
buildup_mar,0066_000,ISRAEL,deterrence,15,False,False
buildup_mar,0066_000,ISRAEL,strike_claims,20,False,False
buildup_mar,0066_000,IRAN,military_action,1,False,False
buildup_mar,0066_000,IRAN,deterrence,3,False,False
buildup_mar,0066_000,IRAN,strike_claims,0,False,False
buildup_mar,0066_004,ISRAEL,military_action,2,False,True
buildup_mar,0066_004,USA,military_action,6,False,True
buildup_mar,0066_004,IRAN,military_action,0,False,True
buildup_mar,0066_006,TRUMP,deterrence,1,True,True
buildup_mar,0066_006,IRAN,deterrence,1,False,True
buildup_mar,0066_010,TRUMP,deterrence,5,True,True
buildup_mar,0066_010,IRAN,deterrence,4,False,True
buildup_mar,0066_011,ISRAEL,military_action,9,False,False
buildup_mar,0066_011,ISRAEL,deterrence,14,False,False
buildup_mar,0066_011,ISRAEL,strike_claims,19,False,False
buildup_mar,0066_011,IRAN,military_action,1,False,False
buildup_mar,0066_011,IRAN,deterrence,2,False,False
buildup_mar,0066_011,IRAN,strike_claims,0,False,False
buildup_mar,0066_018,QATAR,military_action,17,False,False
buildup_mar,0066_018,IRAN,military_action,1,False,False
buildup_mar,0066_019,IRAN,military_action,1,False,False
buildup_mar,0066_019,USA,military_action,9,False,False
buildup_mar,0066_021,IAEA,nuclear_program,0,False,False
buildup_mar,0066_021,ISRAEL,nuclear_program,2,False,False
buildup_mar,0066_022,QATAR,nuclear_program,21,False,False
buildup_mar,0066_022,ISRAEL,nuclear_program,11,False,False
buildup_mar,0066_022,IAEA,nuclear_program,0,False,False
buildup_mar,0066_027,ISRAEL,military_action,8,False,False
buildup_mar,0066_027,ISRAEL,deterrence,13,False,False
buildup_mar,0066_027,ISRAEL,diplomacy,33,False,False
buildup_mar,0066_027,ISRAEL,strike_claims,15,False,False
buildup_mar,0066_027,IRAN,military_action,1,False,False
buildup_mar,0066_027,IRAN,deterrence,2,False,False
buildup_mar,0066_027,IRAN,diplomacy,1,False,False
buildup_mar,0066_027,IRAN,strike_claims,0,False,False
buildup_mar,0066_027,SAUDI_ARABIA,military_action,15,False,False
buildup_mar,0066_027,SAUDI_ARABIA,deterrence,10,False,False
buildup_mar,0066_027,SAUDI_ARABIA,diplomacy,7,False,False
buildup_mar,0066_027,SAUDI_ARABIA,strike_claims,8,False,False
buildup_mar,0066_027,UAE,military_action,18,False,False
buildup_mar,0066_027,UAE,deterrence,13,False,False
buildup_mar,0066_027,UAE,diplomacy,5,False,False
buildup_mar,0066_027,UAE,strike_claims,11,False,False
buildup_mar,0066_027,USA,military_action,23,False,False
buildup_mar,0066_027,USA,deterrence,18,False,False
buildup_mar,0066_027,USA,diplomacy,0,False,False
buildup_mar,0066_027,USA,strike_claims,16,False,False
buildup_apr,0067_000,ARAGHCHI,diplomacy,28,False,False
buildup_apr,0067_000,ISRAEL,diplomacy,23,False,False
buildup_apr,0067_000,IRAN,diplomacy,4,False,False
buildup_apr,0067_000,USA,diplomacy,0,False,False
buildup_apr,0067_003,ARAGHCHI,deterrence,11,True,True
buildup_apr,0067_003,IRAN,deterrence,9,False,True
buildup_apr,0067_006,ARAGHCHI,nuclear_program,3,False,True
buildup_apr,0067_006,IRAN,nuclear_program,0,False,True
buildup_apr,0067_006,IAEA,nuclear_program,7,False,True
buildup_apr,0067_006,ISRAEL,nuclear_program,38,False,True
buildup_apr,0068_001,GROSSI,deterrence,18,False,False
buildup_apr,0068_001,IAEA,deterrence,4,False,False
buildup_apr,0068_002,GROSSI,military_action,3,False,False
buildup_apr,0068_014,GROSSI,deterrence,8,False,False
buildup_apr,0068_015,IAEA,nuclear_program,0,False,False
buildup_apr,0068_015,IAEA,deterrence,2,False,False
buildup_apr,0068_015,IRAN,nuclear_program,5,False,False
buildup_apr,0068_015,IRAN,deterrence,2,False,False
buildup_apr,0069_007,IRAN,nuclear_program,17,False,False
buildup_apr,0069_010,IRAN,nuclear_program,12,False,False
buildup_apr,0069_010,IRAN,strike_claims,25,False,False
buildup_apr,0069_013,ISRAEL,nuclear_program,0,False,False
buildup_apr,0069_013,IAEA,nuclear_program,10,False,False
buildup_apr,0069_028,IRAN,diplomacy,3,False,False
buildup_apr,0069_030,USA,diplomacy,3,False,False
buildup_apr,0069_036,USA,nuclear_program,8,False,False
buildup_apr,0069_036,USA,diplomacy,13,False,False
buildup_apr,0069_037,USA,diplomacy,3,False,False
buildup_apr,0069_037,IRAN,diplomacy,0,False,False
buildup_apr,0069_043,IRAN,diplomacy,3,False,False
buildup_apr,0069_046,TRUMP,diplomacy,4,False,True
buildup_apr,0069_056,IRAN,nuclear_program,0,False,False
buildup_apr,0069_059,IRAN,diplomacy,3,False,True
buildup_apr,0069_061,IRAN,deterrence,5,False,False
buildup_apr,0069_063,IRAN,nuclear_program,10,False,False
buildup_apr,0069_068,IRAN,nuclear_program,11,False,True
buildup_apr,0069_068,IRAN,deterrence,9,False,True
buildup_apr,0069_070,IRAN,diplomacy,4,False,False
buildup_apr,0069_070,ARAGHCHI,diplomacy,6,False,False
buildup_mar,0070_003,KHAMENEI,diplomacy,11,False,False
buildup_mar,0070_003,USA,diplomacy,3,False,False
buildup_mar,0070_003,TRUMP,diplomacy,6,False,False
buildup_mar,0070_003,IRAN,diplomacy,1,False,False
buildup_mar,0070_004,USA,diplomacy,3,False,False
buildup_mar,0070_004,IRAN,diplomacy,1,False,False
buildup_mar,0070_005,IRAN,diplomacy,4,False,True
buildup_mar,0070_005,USA,diplomacy,2,True,True
buildup_mar,0070_005,KHAMENEI,diplomacy,7,False,True
buildup_mar,0070_006,TRUMP,diplomacy,13,False,False
buildup_mar,0070_007,KHAMENEI,diplomacy,6,False,False
buildup_mar,0070_009,USA,nuclear_program,10,False,False
buildup_mar,0070_009,IRAN,nuclear_program,1,False,False
buildup_mar,0070_010,IRAN,nuclear_program,3,False,True
buildup_mar,0070_011,TRUMP,diplomacy,11,False,True
buildup_mar,0070_011,KHAMENEI,diplomacy,4,False,True
buildup_mar,0070_011,IRAN,diplomacy,1,False,True
buildup_may,0071_000,IRAN,nuclear_program,1,True,True
buildup_may,0071_000,IRAN,diplomacy,9,True,True
buildup_may,0071_000,USA,nuclear_program,5,False,True
buildup_may,0071_000,USA,diplomacy,0,False,True
buildup_may,0071_001,IRAN,diplomacy,6,False,True
buildup_may,0071_001,USA,diplomacy,2,False,True
buildup_may,0071_003,IRAN,nuclear_program,24,False,False
buildup_may,0071_003,IRAN,diplomacy,37,False,False
buildup_may,0071_003,USA,nuclear_program,7,False,False
buildup_may,0071_003,USA,diplomacy,4,False,False
buildup_may,0071_006,IRAN,deterrence,8,False,False
buildup_may,0071_007,USA,diplomacy,3,False,False
buildup_may,0071_014,IRAN,nuclear_program,0,False,False
buildup_may,0071_014,IRAN,diplomacy,6,False,False
buildup_may,0071_014,USA,nuclear_program,17,False,False
buildup_may,0071_014,USA,diplomacy,12,False,False
buildup_may,0071_014,TRUMP,nuclear_program,22,False,False
buildup_may,0071_014,TRUMP,diplomacy,17,False,False
buildup_may,0071_015,IRAN,diplomacy,7,False,False
buildup_may,0071_015,USA,diplomacy,2,False,False
buildup_may,0071_016,IRAN,diplomacy,7,False,False
buildup_may,0071_016,USA,diplomacy,2,False,False
buildup_apr,0072_001,IRAN,nuclear_program,0,False,False
buildup_apr,0072_002,IRAN,diplomacy,1,False,False
buildup_apr,0072_002,USA,diplomacy,4,False,False
buildup_apr,0072_002,OMAN,diplomacy,6,False,False
buildup_apr,0072_002,CHINA,diplomacy,8,False,False
buildup_apr,0072_003,USA,diplomacy,2,False,True
buildup_apr,0072_003,IRAN,diplomacy,1,False,True
buildup_apr,0072_004,CHINA,nuclear_program,3,False,True
buildup_apr,0072_004,CHINA,diplomacy,4,False,True
buildup_apr,0073_014,IAEA,nuclear_program,0,False,False
buildup_apr,0073_014,GROSSI,nuclear_program,0,False,False
buildup_apr,0073_014,IRAN,nuclear_program,4,False,False
buildup_apr,0073_015,IAEA,nuclear_program,7,False,False
buildup_apr,0073_015,IRAN,nuclear_program,0,False,False
buildup_apr,0073_016,IAEA,nuclear_program,0,False,False
buildup_apr,0073_018,IRAN,nuclear_program,12,False,True
buildup_apr,0073_018,IRAN,diplomacy,1,False,True
buildup_apr,0073_018,USA,nuclear_program,15,False,True
buildup_apr,0073_018,USA,diplomacy,4,False,True
buildup_apr,0073_018,OMAN,nuclear_program,9,False,True
buildup_apr,0073_018,OMAN,diplomacy,10,False,True
buildup_apr,0074_003,IRAN,nuclear_program,1,True,True
buildup_apr,0074_003,IAEA,nuclear_program,5,False,True
buildup_apr,0074_004,IRAN,nuclear_program,1,False,False
buildup_apr,0074_004,IAEA,nuclear_program,7,False,False
buildup_apr,0074_004,ARAGHCHI,nuclear_program,11,False,False
buildup_apr,0074_005,IRAN,nuclear_program,1,False,False
buildup_apr,0074_005,IRAN,diplomacy,1,False,False
buildup_apr,0074_005,USA,nuclear_program,25,False,False
buildup_apr,0074_005,USA,diplomacy,31,False,False
buildup_apr,0074_005,OMAN,nuclear_program,17,False,False
buildup_apr,0074_005,OMAN,diplomacy,23,False,False
buildup_apr,0074_007,IRAN,diplomacy,7,False,False
buildup_apr,0074_007,USA,diplomacy,5,False,False
buildup_apr,0074_008,ARAGHCHI,diplomacy,11,False,False
buildup_apr,0074_008,USA,diplomacy,14,False,False
buildup_apr,0074_008,WITKOFF,diplomacy,18,False,False
buildup_apr,0075_002,IRAN,diplomacy,8,False,False
buildup_apr,0075_002,USA,diplomacy,6,False,False
buildup_apr,0075_002,OMAN,diplomacy,4,False,False
buildup_apr,0075_005,IRAN,nuclear_program,0,False,False
buildup_apr,0075_005,IRAN,deterrence,5,False,False
buildup_apr,0075_005,USA,nuclear_program,10,False,False
buildup_apr,0075_005,USA,deterrence,3,False,False
buildup_apr,0075_006,USA,deterrence,14,False,True
buildup_apr,0075_006,IRAN,deterrence,2,False,True
buildup_apr,0075_007,IRAN,military_action,38,False,True
buildup_apr,0075_007,IRAN,nuclear_program,0,False,True
buildup_apr,0075_007,IRAN,diplomacy,8,False,True
buildup_apr,0075_007,USA,military_action,6,False,True
buildup_apr,0075_007,USA,nuclear_program,5,False,True
buildup_apr,0075_007,USA,diplomacy,7,False,True
buildup_apr,0075_008,USA,diplomacy,9,True,True
buildup_apr,0075_009,ARAGHCHI,nuclear_program,28,False,False
buildup_apr,0075_009,OMAN,nuclear_program,12,False,False
buildup_apr,0075_009,IRAN,nuclear_program,0,False,False
buildup_mar,0076_001,USA,diplomacy,3,False,False
buildup_mar,0076_001,IRAN,diplomacy,5,False,False
buildup_mar,0076_001,RUSSIA,diplomacy,1,False,False
buildup_mar,0076_006,RUSSIA,diplomacy,20,False,False
buildup_mar,0076_006,USA,diplomacy,8,False,False
buildup_mar,0076_006,TRUMP,diplomacy,5,False,False
buildup_mar,0076_006,IRAN,diplomacy,5,False,False
buildup_mar,0076_008,USA,diplomacy,5,False,True
buildup_mar,0076_008,IRAN,diplomacy,1,False,True
buildup_mar,0076_012,GERMANY,military_action,9,False,True
buildup_mar,0076_012,GERMANY,nuclear_program,22,False,True
buildup_mar,0076_012,IRAN,military_action,3,False,True
buildup_mar,0076_012,IRAN,nuclear_program,0,False,True
buildup_mar,0076_013,TRUMP,diplomacy,9,False,True
buildup_mar,0076_013,IRAN,diplomacy,1,False,True
buildup_mar,0076_019,RUSSIA,diplomacy,4,False,False
buildup_mar,0076_019,USA,diplomacy,2,False,False
buildup_mar,0076_019,IRAN,diplomacy,6,False,False
buildup_may,0077_001,IRAN,nuclear_program,1,False,True
buildup_may,0077_003,IRAN,diplomacy,1,True,True
buildup_may,0077_003,USA,diplomacy,3,False,True
buildup_may,0077_003,OMAN,diplomacy,8,False,True
buildup_may,0077_005,IRAN,diplomacy,10,False,False
buildup_may,0077_006,IRAN,diplomacy,6,True,True
buildup_may,0077_006,IRAN,strike_claims,17,True,True
buildup_may,0077_007,USA,diplomacy,5,False,True
buildup_may,0077_007,IRAN,diplomacy,13,True,True
buildup_may,0077_008,IRAN,nuclear_program,5,True,True
buildup_may,0077_010,IRAN,nuclear_program,1,False,True
buildup_may,0077_010,IRAN,diplomacy,5,False,True
buildup_may,0077_010,USA,nuclear_program,15,False,True
buildup_may,0077_010,USA,diplomacy,6,False,True
buildup_may,0077_010,OMAN,nuclear_program,36,False,True
buildup_may,0077_010,OMAN,diplomacy,13,False,True
buildup_may,0078_000,USA,diplomacy,1,False,False
buildup_may,0078_000,TRUMP,diplomacy,6,False,False
buildup_may,0078_000,IRAN,diplomacy,3,False,False
buildup_may,0078_005,TRUMP,nuclear_program,7,False,True
buildup_may,0078_005,IRAN,nuclear_program,1,False,True
buildup_may,0078_007,IRAN,nuclear_program,3,True,True
buildup_may,0078_010,TRUMP,diplomacy,8,False,True
buildup_may,0078_010,USA,diplomacy,16,False,True
buildup_may,0078_010,IRAN,diplomacy,10,False,True
buildup_may,0078_020,USA,diplomacy,5,False,True
buildup_may,0078_020,IRAN,diplomacy,2,False,True
buildup_may,0078_020,TRUMP,diplomacy,5,True,True
buildup_mar,0079_000,USA,diplomacy,18,False,False
buildup_mar,0079_000,IRAQ,diplomacy,11,False,False
buildup_mar,0079_000,IRAN,diplomacy,2,False,False
buildup_mar,0079_000,TRUMP,diplomacy,0,False,False
buildup_mar,0079_002,USA,deterrence,10,False,True
buildup_mar,0079_002,USA,diplomacy,23,False,True
buildup_mar,0079_002,IRAN,deterrence,1,False,True
buildup_mar,0079_002,IRAN,diplomacy,2,False,True
buildup_mar,0079_002,TRUMP,deterrence,18,False,True
buildup_mar,0079_002,TRUMP,diplomacy,0,False,True
buildup_mar,0079_004,USA,diplomacy,21,False,True
buildup_mar,0079_004,TRUMP,diplomacy,17,True,True
buildup_mar,0079_004,IRAN,diplomacy,1,False,True
buildup_mar,0079_006,IRAN,diplomacy,3,False,True
buildup_mar,0079_006,USA,diplomacy,1,False,True
buildup_mar,0079_007,KHAMENEI,diplomacy,7,False,False
buildup_mar,0079_007,USA,diplomacy,2,False,False
buildup_mar,0079_009,USA,diplomacy,23,False,False
buildup_mar,0079_009,IRAQ,diplomacy,18,False,False
buildup_mar,0079_009,IRAN,diplomacy,1,False,False
buildup_mar,0079_009,TRUMP,diplomacy,11,False,False
buildup_apr,0080_000,ARAGHCHI,diplomacy,27,False,False
buildup_apr,0080_000,USA,diplomacy,17,False,False
buildup_apr,0080_000,OMAN,diplomacy,15,False,False
buildup_apr,0080_000,IRAN,diplomacy,3,False,False
buildup_apr,0080_002,OMAN,diplomacy,4,False,False
buildup_apr,0080_002,IRAN,diplomacy,2,False,False
buildup_apr,0080_002,ARAGHCHI,diplomacy,4,False,False
buildup_apr,0080_010,OMAN,diplomacy,4,False,False
buildup_apr,0080_021,USA,diplomacy,4,False,False
buildup_apr,0080_024,TRUMP,diplomacy,7,False,False
buildup_apr,0080_024,UKRAINE,diplomacy,9,False,False
buildup_apr,0080_027,IRAN,deterrence,9,False,False
buildup_apr,0080_031,TRUMP,nuclear_program,36,False,False
buildup_apr,0080_031,TRUMP,diplomacy,10,False,False
buildup_apr,0080_031,IRAN,nuclear_program,6,False,False
buildup_apr,0080_031,IRAN,diplomacy,10,False,False
buildup_apr,0080_033,USA,diplomacy,7,False,False
buildup_apr,0080_033,IRAN,diplomacy,20,False,False
buildup_apr,0080_035,IRAN,nuclear_program,4,False,False
buildup_apr,0080_037,USA,nuclear_program,16,False,False
buildup_apr,0080_040,USA,diplomacy,9,False,False
buildup_apr,0080_040,IRAN,diplomacy,4,False,False
buildup_apr,0080_047,USA,diplomacy,13,False,False
buildup_apr,0080_047,IRAN,diplomacy,0,False,False
buildup_apr,0080_063,IRAN,deterrence,9,False,True
buildup_apr,0080_068,ARAGHCHI,diplomacy,27,False,False
buildup_apr,0080_068,USA,diplomacy,4,False,False
buildup_apr,0080_068,OMAN,diplomacy,15,False,False
buildup_apr,0080_068,IRAN,diplomacy,3,False,False
buildup_apr,0081_000,PEZESHKIAN,deterrence,26,False,False
buildup_apr,0081_000,USA,deterrence,8,False,False
buildup_apr,0081_000,IRAN,deterrence,2,False,False
buildup_apr,0081_003,IRAN,nuclear_program,5,False,True
buildup_apr,0081_003,IRAN,diplomacy,12,False,True
buildup_apr,0081_003,PEZESHKIAN,nuclear_program,0,False,True
buildup_apr,0081_003,PEZESHKIAN,diplomacy,4,False,True
buildup_apr,0081_003,USA,nuclear_program,9,False,True
buildup_apr,0081_003,USA,diplomacy,1,False,True
buildup_apr,0081_005,ARAGHCHI,nuclear_program,16,False,True
buildup_apr,0081_005,ARAGHCHI,diplomacy,13,False,True
buildup_apr,0081_005,IRAN,nuclear_program,0,False,True
buildup_apr,0081_005,IRAN,diplomacy,1,False,True
buildup_apr,0081_006,ARAGHCHI,diplomacy,11,False,True
buildup_apr,0081_006,USA,diplomacy,5,False,True
buildup_apr,0081_006,IRAN,diplomacy,1,False,True
buildup_apr,0081_007,IRAN,nuclear_program,24,False,False
buildup_apr,0081_007,IRAN,diplomacy,28,False,False
buildup_apr,0081_008,ARAGHCHI,deterrence,5,False,True
buildup_apr,0081_008,ARAGHCHI,diplomacy,7,False,True
buildup_apr,0081_008,USA,deterrence,8,False,True
buildup_apr,0081_008,USA,diplomacy,6,False,True
buildup_apr,0081_008,IRAN,deterrence,17,False,True
buildup_apr,0081_008,IRAN,diplomacy,19,False,True
buildup_apr,0082_001,IRAN,nuclear_program,12,False,True
buildup_apr,0082_001,IRAN,diplomacy,28,False,True
buildup_apr,0082_001,USA,nuclear_program,8,False,True
buildup_apr,0082_001,USA,diplomacy,24,False,True
buildup_apr,0082_002,IRAN,diplomacy,9,False,False
buildup_apr,0082_002,USA,diplomacy,6,False,False
buildup_apr,0082_003,IRAN,diplomacy,16,False,False
buildup_apr,0082_006,IRAN,diplomacy,0,False,False
buildup_apr,0082_008,ISRAEL,diplomacy,6,False,False
buildup_apr,0082_009,ISRAEL,diplomacy,2,False,False
buildup_apr,0082_009,USA,diplomacy,2,False,False
buildup_apr,0082_009,TRUMP,diplomacy,5,False,False
buildup_apr,0082_013,IRAN,diplomacy,0,False,False
buildup_apr,0082_016,IRAN,diplomacy,1,False,True
buildup_apr,0083_001,IRAN,nuclear_program,6,False,False
buildup_apr,0083_001,IAEA,nuclear_program,0,False,False
buildup_apr,0083_011,USA,nuclear_program,5,False,False
buildup_apr,0083_013,NATO,nuclear_program,15,False,False
buildup_apr,0083_014,NATO,nuclear_program,4,False,False
buildup_apr,0083_014,USA,nuclear_program,0,False,False
buildup_apr,0083_015,USA,deterrence,2,False,False
buildup_apr,0083_018,IRAN,nuclear_program,1,False,False
buildup_apr,0083_019,IRAN,nuclear_program,10,False,False
buildup_apr,0083_019,IAEA,nuclear_program,0,False,False
buildup_apr,0083_020,IRAN,nuclear_program,3,False,False
buildup_apr,0083_020,IAEA,nuclear_program,0,False,False
buildup_apr,0083_022,IRAN,nuclear_program,33,False,False
buildup_apr,0083_022,IAEA,nuclear_program,0,False,False
buildup_apr,0083_024,ISRAEL,nuclear_program,10,False,False
buildup_apr,0083_024,ISRAEL,deterrence,6,False,False
buildup_apr,0083_024,ISRAEL,strike_claims,10,False,False
buildup_apr,0083_024,IAEA,nuclear_program,52,False,False
buildup_apr,0083_024,IAEA,deterrence,34,False,False
buildup_apr,0083_024,IAEA,strike_claims,30,False,False
buildup_apr,0083_028,IRAN,nuclear_program,6,False,False
buildup_apr,0083_028,IAEA,nuclear_program,0,False,False
buildup_apr,0083_030,IAEA,nuclear_program,0,False,False
buildup_apr,0083_030,IRAN,nuclear_program,11,False,False
buildup_apr,0084_001,IRAN,nuclear_program,12,False,True
buildup_apr,0084_001,IRAN,diplomacy,28,False,True
buildup_apr,0084_001,USA,nuclear_program,8,False,True
buildup_apr,0084_001,USA,diplomacy,24,False,True
buildup_apr,0084_002,IRAN,diplomacy,8,False,False
buildup_apr,0084_002,USA,diplomacy,5,False,False
buildup_apr,0084_003,IRAN,diplomacy,15,False,False
buildup_apr,0084_005,IRAN,diplomacy,0,False,False
buildup_apr,0084_008,ISRAEL,diplomacy,6,False,False
buildup_apr,0084_009,ISRAEL,diplomacy,2,False,False
buildup_apr,0084_009,USA,diplomacy,2,False,False
buildup_apr,0084_009,TRUMP,diplomacy,5,False,False
buildup_apr,0084_013,IRAN,diplomacy,0,False,False
buildup_apr,0084_016,IRAN,diplomacy,2,False,True
buildup_apr,0084_016,USA,diplomacy,1,False,True
buildup_apr,0085_004,IRAN,diplomacy,8,False,False
buildup_apr,0085_004,USA,diplomacy,2,False,False
buildup_apr,0085_005,IRAN,diplomacy,3,False,True
buildup_apr,0085_006,IRAN,diplomacy,2,False,False
buildup_apr,0085_007,IRAN,nuclear_program,0,False,False
buildup_apr,0085_007,IAEA,nuclear_program,18,False,False
buildup_apr,0085_007,GROSSI,nuclear_program,23,False,False
buildup_apr,0085_009,GROSSI,nuclear_program,18,False,False
buildup_apr,0085_009,IRAN,nuclear_program,10,False,False
buildup_apr,0085_009,USA,nuclear_program,7,False,False
buildup_apr,0085_009,IAEA,nuclear_program,0,False,False
buildup_apr,0085_010,IRAN,diplomacy,3,False,False
buildup_apr,0085_010,USA,diplomacy,2,False,False
buildup_apr,0086_017,NATO,nuclear_program,15,False,False
buildup_apr,0086_018,NATO,nuclear_program,4,False,False
buildup_apr,0086_018,USA,nuclear_program,0,False,False
buildup_apr,0086_019,USA,deterrence,2,False,False
buildup_apr,0086_022,IRAN,nuclear_program,1,False,False
buildup_apr,0086_023,IRAN,nuclear_program,10,False,False
buildup_apr,0086_023,IAEA,nuclear_program,0,False,False
buildup_apr,0086_024,IRAN,nuclear_program,3,False,False
buildup_apr,0086_024,IAEA,nuclear_program,0,False,False
buildup_apr,0086_026,IRAN,nuclear_program,33,False,False
buildup_apr,0086_026,IAEA,nuclear_program,0,False,False
buildup_apr,0086_030,ISRAEL,nuclear_program,10,False,False
buildup_apr,0086_030,ISRAEL,deterrence,6,False,False
buildup_apr,0086_030,ISRAEL,strike_claims,10,False,False
buildup_apr,0086_030,IAEA,nuclear_program,52,False,False
buildup_apr,0086_030,IAEA,deterrence,34,False,False
buildup_apr,0086_030,IAEA,strike_claims,30,False,False
buildup_may,0087_001,ARAGHCHI,deterrence,1,False,False
buildup_may,0087_001,IRAN,deterrence,0,False,False
buildup_may,0087_003,ARAGHCHI,nuclear_program,2,False,False
buildup_may,0087_003,IRAN,nuclear_program,14,False,False
buildup_may,0087_004,ARAGHCHI,nuclear_program,3,True,True
buildup_may,0087_004,IRAN,nuclear_program,15,False,True
buildup_may,0087_009,USA,diplomacy,9,False,False
buildup_may,0087_009,EU,diplomacy,5,False,False
buildup_may,0087_020,IRAN,nuclear_program,11,False,False
buildup_may,0087_020,IRAN,deterrence,0,False,False
buildup_mar,0088_000,UK,deterrence,1,False,False
buildup_mar,0088_000,UK,diplomacy,8,False,False
buildup_mar,0088_000,RUSSIA,deterrence,3,False,False
buildup_mar,0088_000,RUSSIA,diplomacy,14,False,False
buildup_mar,0088_000,FRANCE,deterrence,2,False,False
buildup_mar,0088_000,FRANCE,diplomacy,7,False,False
buildup_mar,0088_000,GERMANY,deterrence,4,False,False
buildup_mar,0088_000,GERMANY,diplomacy,5,False,False
buildup_mar,0088_000,IRAN,deterrence,12,False,False
buildup_mar,0088_000,IRAN,diplomacy,1,False,False
buildup_mar,0088_001,IRAN,diplomacy,0,False,False
buildup_mar,0088_002,USA,diplomacy,8,False,False
buildup_mar,0088_002,IRAN,diplomacy,2,False,False
buildup_mar,0088_002,UK,diplomacy,12,False,False
buildup_mar,0088_002,FRANCE,diplomacy,13,False,False
buildup_mar,0088_002,GERMANY,diplomacy,14,False,False
buildup_mar,0088_002,RUSSIA,diplomacy,15,False,False
buildup_mar,0088_002,CHINA,diplomacy,17,False,False
buildup_mar,0088_003,IRAN,diplomacy,9,False,True
buildup_mar,0088_003,USA,diplomacy,21,False,True
buildup_mar,0088_003,EU,diplomacy,29,False,True
buildup_mar,0088_004,IAEA,nuclear_program,0,False,False
buildup_mar,0088_004,IAEA,diplomacy,32,False,False
buildup_mar,0088_004,RUSSIA,nuclear_program,5,False,False
buildup_mar,0088_004,RUSSIA,diplomacy,26,False,False
buildup_mar,0088_004,EU,nuclear_program,34,False,False
buildup_mar,0088_004,EU,diplomacy,1,False,False
buildup_mar,0088_004,IRAN,nuclear_program,40,False,False
buildup_mar,0088_004,IRAN,diplomacy,7,False,False
buildup_mar,0088_006,UK,deterrence,1,False,False
buildup_mar,0088_006,GERMANY,deterrence,3,False,False
buildup_mar,0088_006,FRANCE,deterrence,5,False,False
buildup_mar,0088_009,EU,diplomacy,15,False,False
buildup_mar,0088_010,IRAN,nuclear_program,5,False,True
buildup_mar,0088_010,IRAN,diplomacy,0,False,True
buildup_mar,0088_010,IAEA,nuclear_program,0,False,True
buildup_mar,0088_010,IAEA,diplomacy,22,False,True
buildup_mar,0088_010,GROSSI,nuclear_program,2,False,True
buildup_mar,0088_010,GROSSI,diplomacy,34,False,True
buildup_mar,0088_011,EU,diplomacy,13,False,False
buildup_mar,0088_011,IRAN,diplomacy,4,False,False
buildup_mar,0088_013,RUSSIA,deterrence,4,False,False
buildup_mar,0088_013,IRAN,deterrence,1,False,False
buildup_apr,0089_012,IRAN,nuclear_program,17,False,False
buildup_apr,0089_015,IRAN,nuclear_program,12,False,False
buildup_apr,0089_015,IRAN,strike_claims,25,False,False
buildup_apr,0089_018,ISRAEL,nuclear_program,0,False,False
buildup_apr,0089_018,IAEA,nuclear_program,10,False,False
buildup_apr,0089_033,IRAN,diplomacy,3,False,False
buildup_apr,0089_035,USA,diplomacy,11,False,False
buildup_apr,0089_041,USA,nuclear_program,8,False,False
buildup_apr,0089_061,IRAN,nuclear_program,0,False,False
buildup_apr,0089_064,IRAN,diplomacy,3,False,True
buildup_apr,0089_066,IRAN,deterrence,5,False,False
buildup_apr,0089_068,IRAN,nuclear_program,10,False,False
buildup_apr,0089_073,IRAN,nuclear_program,11,False,True
buildup_apr,0089_073,IRAN,deterrence,9,False,True
buildup_mar,0090_001,UK,nuclear_program,17,False,False
buildup_mar,0090_001,IRAN,nuclear_program,0,False,False
buildup_mar,0090_003,ARAGHCHI,diplomacy,37,False,False
buildup_mar,0090_003,IRAN,diplomacy,1,False,False
buildup_mar,0090_003,EU,diplomacy,11,False,False
buildup_mar,0090_003,UK,diplomacy,8,False,False
buildup_mar,0090_003,FRANCE,diplomacy,7,False,False
buildup_mar,0090_003,GERMANY,diplomacy,5,False,False
buildup_mar,0090_004,ARAGHCHI,deterrence,23,True,True
buildup_mar,0090_004,ARAGHCHI,diplomacy,19,True,True
buildup_mar,0090_004,IRAN,deterrence,5,False,True
buildup_mar,0090_004,IRAN,diplomacy,1,False,True
buildup_mar,0090_004,USA,deterrence,7,False,True
buildup_mar,0090_004,USA,diplomacy,3,False,True
buildup_mar,0090_007,IRAN,nuclear_program,0,False,True
buildup_mar,0090_007,IRAN,diplomacy,3,False,True
buildup_mar,0090_007,UK,nuclear_program,5,False,True
buildup_mar,0090_007,UK,diplomacy,1,False,True
buildup_mar,0090_007,FRANCE,nuclear_program,4,False,True
buildup_mar,0090_007,FRANCE,diplomacy,2,False,True
buildup_mar,0090_007,GERMANY,nuclear_program,2,False,True
buildup_mar,0090_007,GERMANY,diplomacy,4,False,True
buildup_mar,0090_010,TRUMP,diplomacy,16,False,False
buildup_mar,0090_010,IRAN,diplomacy,11,False,False
buildup_mar,0090_010,UAE,diplomacy,2,False,False
buildup_mar,0090_011,USA,diplomacy,11,False,False
buildup_mar,0090_011,IRAN,diplomacy,1,False,False
buildup_apr,0091_001,IRAN,nuclear_program,4,False,True
buildup_apr,0091_001,IRAN,deterrence,10,False,True
buildup_apr,0091_001,IRAN,diplomacy,1,False,True
buildup_apr,0091_002,USA,diplomacy,8,False,False
buildup_apr,0091_004,IRAN,nuclear_program,17,False,False
buildup_apr,0091_005,IRAN,diplomacy,4,False,False
buildup_apr,0091_005,ISRAEL,diplomacy,15,False,False
buildup_apr,0091_006,IRAN,diplomacy,1,False,False
buildup_apr,0091_006,USA,diplomacy,3,False,False
buildup_apr,0091_009,IRAN,nuclear_program,7,False,False
buildup_apr,0091_009,IRAN,deterrence,1,False,False
buildup_apr,0092_001,IRAN,nuclear_program,0,False,True
buildup_apr,0092_001,IAEA,nuclear_program,7,False,True
buildup_apr,0092_007,IRAN,diplomacy,1,False,False
buildup_apr,0092_007,USA,diplomacy,3,False,False
buildup_apr,0092_007,OMAN,diplomacy,28,False,False
buildup_apr,0092_009,IRAN,diplomacy,1,True,True
buildup_apr,0092_009,OMAN,diplomacy,24,False,True
buildup_apr,0092_009,USA,diplomacy,41,False,True
buildup_apr,0092_011,IRAN,nuclear_program,1,False,True
buildup_apr,0092_011,IRAN,deterrence,0,False,True
buildup_apr,0092_011,IRAN,diplomacy,1,False,True
buildup_apr,0092_012,USA,nuclear_program,13,False,True
buildup_apr,0092_012,USA,deterrence,4,False,True
buildup_apr,0092_012,USA,diplomacy,1,False,True
buildup_apr,0092_012,IRAN,nuclear_program,16,True,True
buildup_apr,0092_012,IRAN,deterrence,7,True,True
buildup_apr,0092_012,IRAN,diplomacy,4,True,True
buildup_apr,0092_014,IRAN,deterrence,3,True,True
buildup_apr,0092_018,ISRAEL,deterrence,2,False,False
buildup_apr,0092_018,IRAN,deterrence,7,False,False
buildup_apr,0092_019,ISRAEL,strike_claims,22,False,True
buildup_apr,0092_019,IRAN,strike_claims,6,True,True
buildup_apr,0092_021,ISRAEL,deterrence,3,False,False
buildup_apr,0092_025,IRAN,strike_claims,22,True,True
buildup_apr,0092_025,GAZA,strike_claims,9,False,True
buildup_apr,0093_001,OMAN,diplomacy,8,False,False
buildup_apr,0093_003,IRAN,diplomacy,8,False,False
buildup_apr,0093_003,USA,diplomacy,6,False,False
buildup_apr,0093_007,IRAN,nuclear_program,0,False,False
buildup_apr,0093_007,IRAN,deterrence,5,False,False
buildup_apr,0093_007,USA,nuclear_program,10,False,False
buildup_apr,0093_007,USA,deterrence,3,False,False
buildup_apr,0093_008,USA,deterrence,14,False,True
buildup_apr,0093_008,IRAN,deterrence,2,False,True
buildup_apr,0093_009,IRAN,military_action,38,False,True
buildup_apr,0093_009,IRAN,nuclear_program,0,False,True
buildup_apr,0093_009,IRAN,diplomacy,8,False,True
buildup_apr,0093_009,USA,military_action,6,False,True
buildup_apr,0093_009,USA,nuclear_program,5,False,True
buildup_apr,0093_009,USA,diplomacy,7,False,True
buildup_apr,0093_010,USA,diplomacy,9,True,True
buildup_apr,0093_011,IRAN,nuclear_program,0,False,False
buildup_apr,0093_011,IRAN,diplomacy,16,False,False
buildup_apr,0093_011,ARAGHCHI,nuclear_program,33,False,False
buildup_apr,0093_011,ARAGHCHI,diplomacy,15,False,False
buildup_apr,0093_011,USA,nuclear_program,14,False,False
buildup_apr,0093_011,USA,diplomacy,2,False,False
buildup_apr,0093_011,OMAN,nuclear_program,12,False,False
buildup_apr,0093_011,OMAN,diplomacy,4,False,False
buildup_apr,0094_002,ISRAEL,diplomacy,4,False,False
buildup_apr,0094_002,IRAN,diplomacy,1,False,False
buildup_apr,0094_003,OMAN,nuclear_program,8,False,False
buildup_apr,0094_003,OMAN,diplomacy,5,False,False
buildup_apr,0094_003,IRAN,nuclear_program,0,False,False
buildup_apr,0094_003,IRAN,diplomacy,1,False,False
buildup_apr,0094_015,TRUMP,diplomacy,14,False,False
buildup_apr,0094_015,USA,diplomacy,10,False,False
buildup_apr,0094_015,IRAN,diplomacy,2,False,False
buildup_apr,0094_016,TRUMP,military_action,5,False,False
buildup_apr,0094_016,TRUMP,deterrence,2,False,False
buildup_apr,0094_016,IRAN,military_action,1,False,False
buildup_apr,0094_016,IRAN,deterrence,0,False,False
buildup_apr,0094_017,ISRAEL,military_action,24,False,False
buildup_apr,0094_017,IRAN,military_action,1,False,False
buildup_apr,0094_021,RUSSIA,diplomacy,32,False,False
buildup_apr,0094_021,OMAN,diplomacy,8,False,False
buildup_apr,0094_021,IRAN,diplomacy,5,False,False
buildup_apr,0094_021,USA,diplomacy,2,False,False
buildup_apr,0094_031,GAZA,diplomacy,15,False,False
buildup_apr,0094_039,BAHRAIN,diplomacy,3,False,True
buildup_apr,0094_039,OMAN,diplomacy,0,False,True
buildup_apr,0094_040,IRAN,diplomacy,15,False,False
buildup_apr,0094_040,USA,diplomacy,13,False,False
buildup_apr,0094_040,OMAN,diplomacy,10,False,False
buildup_mar,0095_000,IRAN,diplomacy,19,False,False
buildup_mar,0095_000,USA,diplomacy,6,False,False
buildup_mar,0095_000,TRUMP,diplomacy,4,False,False
buildup_mar,0095_000,ARAGHCHI,diplomacy,0,False,False
buildup_mar,0095_003,IRAN,nuclear_program,0,False,True
buildup_mar,0095_003,IRAN,diplomacy,3,False,True
buildup_mar,0095_003,USA,nuclear_program,2,False,True
buildup_mar,0095_003,USA,diplomacy,2,False,True
buildup_mar,0095_006,USA,nuclear_program,9,False,True
buildup_mar,0095_006,USA,deterrence,0,False,True
buildup_mar,0095_006,USA,diplomacy,0,False,True
buildup_mar,0095_006,EU,nuclear_program,13,False,True
buildup_mar,0095_006,EU,deterrence,23,False,True
buildup_mar,0095_006,EU,diplomacy,28,False,True
buildup_mar,0095_006,RUSSIA,nuclear_program,19,False,True
buildup_mar,0095_006,RUSSIA,deterrence,29,False,True
buildup_mar,0095_006,RUSSIA,diplomacy,34,False,True
buildup_mar,0095_006,CHINA,nuclear_program,21,False,True
buildup_mar,0095_006,CHINA,deterrence,31,False,True
buildup_mar,0095_006,CHINA,diplomacy,36,False,True
buildup_mar,0095_008,USA,deterrence,15,False,True
buildup_mar,0095_008,USA,diplomacy,4,False,True
buildup_mar,0095_008,IRAN,deterrence,27,False,True
buildup_mar,0095_008,IRAN,diplomacy,1,False,True
buildup_mar,0095_009,EU,nuclear_program,11,False,False
buildup_mar,0095_009,EU,diplomacy,3,False,False
buildup_mar,0095_014,ISRAEL,military_action,2,False,False
buildup_mar,0095_014,ISRAEL,nuclear_program,4,False,False
buildup_mar,0095_014,ISRAEL,deterrence,0,False,False
buildup_mar,0095_014,IRAN,military_action,0,False,False
buildup_mar,0095_014,IRAN,nuclear_program,0,False,False
buildup_mar,0095_014,IRAN,deterrence,2,False,False
buildup_mar,0095_017,IRAN,nuclear_program,0,False,False
buildup_mar,0095_017,IRAN,strike_claims,5,False,False
buildup_mar,0095_019,IRAN,strike_claims,24,False,False
buildup_mar,0095_024,IRAN,deterrence,2,False,False
buildup_mar,0095_026,ISRAEL,military_action,13,False,False
buildup_mar,0095_033,ISRAEL,military_action,30,False,False
buildup_mar,0095_033,ISRAEL,deterrence,19,False,False
buildup_mar,0095_033,USA,military_action,28,False,False
buildup_mar,0095_033,USA,deterrence,17,False,False
buildup_mar,0095_033,IRAN,military_action,9,False,False
buildup_mar,0095_033,IRAN,deterrence,0,False,False
buildup_mar,0095_040,SYRIA,strike_claims,3,False,False
buildup_mar,0095_040,ISRAEL,strike_claims,1,False,False
buildup_mar,0095_058,IRAN,diplomacy,6,False,False
buildup_mar,0095_058,USA,diplomacy,1,False,False
buildup_apr,0096_000,IRAN,diplomacy,15,False,False
buildup_apr,0096_000,PEZESHKIAN,diplomacy,18,False,False
buildup_apr,0096_000,USA,diplomacy,7,False,False
buildup_apr,0096_002,IRAN,nuclear_program,15,False,True
buildup_apr,0096_002,IRAN,diplomacy,0,False,True
buildup_apr,0096_003,USA,diplomacy,3,True,True
buildup_apr,0096_003,PEZESHKIAN,diplomacy,1,True,True
buildup_apr,0096_005,IRAN,nuclear_program,16,False,False
buildup_apr,0096_006,USA,diplomacy,7,False,False
buildup_apr,0096_006,TRUMP,diplomacy,4,False,False
buildup_apr,0096_006,IRAN,diplomacy,1,False,False
buildup_apr,0096_007,IRAN,military_action,0,False,False
buildup_apr,0096_007,IRAN,deterrence,2,False,False
buildup_apr,0096_008,IRAN,deterrence,8,False,False
buildup_apr,0096_008,IRAN,diplomacy,19,False,False
buildup_apr,0096_008,USA,deterrence,1,False,False
buildup_apr,0096_008,USA,diplomacy,12,False,False
buildup_apr,0096_010,PEZESHKIAN,diplomacy,6,False,True
buildup_apr,0096_010,IRAN,diplomacy,0,False,True
buildup_apr,0096_011,USA,diplomacy,2,True,True
buildup_apr,0096_011,PEZESHKIAN,diplomacy,1,False,True
buildup_may,0097_001,IRAN,diplomacy,4,False,True
buildup_may,0097_001,USA,diplomacy,8,True,True
buildup_may,0097_002,USA,diplomacy,3,True,True
buildup_may,0097_002,OMAN,diplomacy,10,False,True
buildup_may,0097_003,USA,military_action,16,False,False
buildup_may,0097_003,IRAN,military_action,0,False,False
buildup_may,0097_005,IRAN,strike_claims,5,False,False
buildup_may,0097_006,USA,diplomacy,4,False,False
buildup_may,0097_008,IRAN,diplomacy,8,False,False
buildup_may,0097_008,IRAN,strike_claims,3,False,False
buildup_may,0097_008,USA,diplomacy,3,False,False
buildup_may,0097_008,USA,strike_claims,35,False,False
buildup_may,0097_015,IRAN,nuclear_program,17,False,False
buildup_may,0097_015,IRAN,diplomacy,31,False,False
buildup_may,0097_018,ISRAEL,diplomacy,35,False,False
buildup_may,0097_018,USA,diplomacy,5,False,False
buildup_may,0097_018,US_CONGRESS,diplomacy,8,False,False
buildup_may,0097_019,USA,diplomacy,8,False,False
buildup_may,0097_020,IRAN,deterrence,2,False,False
buildup_may,0097_022,USA,diplomacy,5,False,False
buildup_may,0097_026,IRAN,diplomacy,4,False,False
buildup_may,0098_000,IRAN,deterrence,3,False,False
buildup_may,0098_000,IRAN,strike_claims,6,False,False
buildup_may,0098_001,USA,nuclear_program,20,False,False
buildup_may,0098_001,USA,diplomacy,17,False,False
buildup_may,0098_001,IRAN,nuclear_program,0,False,False
buildup_may,0098_001,IRAN,diplomacy,9,False,False
buildup_may,0098_002,IRAN,diplomacy,0,False,False
buildup_may,0098_003,IRAN,diplomacy,0,False,True
buildup_may,0098_003,IRAN,strike_claims,3,False,True
buildup_may,0098_004,IRAN,diplomacy,3,False,True
buildup_may,0098_004,USA,diplomacy,22,False,True
buildup_may,0098_005,IRAN,strike_claims,8,False,False
buildup_may,0098_008,IRAN,deterrence,5,False,False
buildup_may,0098_008,IRAN,diplomacy,3,False,False
buildup_may,0098_008,IRAN,strike_claims,4,False,False
buildup_may,0098_008,USA,deterrence,2,False,False
buildup_may,0098_008,USA,diplomacy,0,False,False
buildup_may,0098_008,USA,strike_claims,7,False,False
buildup_apr,0099_003,ARAGHCHI,diplomacy,11,False,True
buildup_apr,0099_003,USA,diplomacy,5,False,True
buildup_apr,0099_003,IRAN,diplomacy,1,False,True
buildup_apr,0099_004,IRAN,nuclear_program,23,False,False
buildup_apr,0099_004,IRAN,diplomacy,27,False,False
buildup_apr,0099_005,ARAGHCHI,deterrence,5,False,True
buildup_apr,0099_005,ARAGHCHI,diplomacy,7,False,True
buildup_apr,0099_005,USA,deterrence,8,False,True
buildup_apr,0099_005,USA,diplomacy,6,False,True
buildup_apr,0099_005,IRAN,deterrence,17,False,True
buildup_apr,0099_005,IRAN,diplomacy,19,False,True
buildup_apr,0099_006,IRAN,strike_claims,3,False,True
buildup_apr,0099_006,ARAGHCHI,strike_claims,0,False,True
buildup_apr,0099_007,IRAN,diplomacy,2,False,False
buildup_apr,0100_000,IRAN,diplomacy,17,False,False
buildup_apr,0100_000,USA,diplomacy,25,False,False
buildup_apr,0100_003,IRAN,diplomacy,0,True,True
buildup_apr,0100_003,USA,diplomacy,10,False,True
buildup_apr,0100_003,TRUMP,diplomacy,12,False,True
buildup_apr,0100_005,IRAN,diplomacy,20,False,False
buildup_apr,0100_008,ARAGHCHI,nuclear_program,16,False,True
buildup_apr,0100_008,ARAGHCHI,diplomacy,13,False,True
buildup_apr,0100_008,IRAN,nuclear_program,0,False,True
buildup_apr,0100_008,IRAN,diplomacy,1,False,True
buildup_apr,0100_009,ARAGHCHI,diplomacy,11,False,True
buildup_apr,0100_009,USA,diplomacy,5,False,True
buildup_apr,0100_009,IRAN,diplomacy,1,False,True
buildup_apr,0100_010,IRAN,nuclear_program,24,False,False
buildup_apr,0100_010,IRAN,diplomacy,28,False,False
buildup_apr,0100_011,ARAGHCHI,deterrence,5,False,True
buildup_apr,0100_011,ARAGHCHI,diplomacy,7,False,True
buildup_apr,0100_011,USA,deterrence,8,False,True
buildup_apr,0100_011,USA,diplomacy,6,False,True
buildup_apr,0100_011,IRAN,deterrence,17,False,True
buildup_apr,0100_011,IRAN,diplomacy,19,False,True
buildup_apr,0101_000,IRAN,nuclear_program,1,False,False
buildup_apr,0101_000,IRAN,diplomacy,6,False,False
buildup_apr,0101_000,USA,nuclear_program,4,False,False
buildup_apr,0101_000,USA,diplomacy,2,False,False
buildup_apr,0101_000,ARAGHCHI,nuclear_program,3,False,False
buildup_apr,0101_000,ARAGHCHI,diplomacy,3,False,False
buildup_apr,0101_002,ARAGHCHI,diplomacy,12,True,True
buildup_apr,0101_002,USA,diplomacy,8,False,True
buildup_apr,0101_003,USA,diplomacy,8,False,False
buildup_apr,0101_003,ARAGHCHI,diplomacy,12,False,False
buildup_apr,0101_009,IRAN,nuclear_program,1,False,False
buildup_apr,0101_009,ARAGHCHI,nuclear_program,4,False,False
buildup_mar,0102_004,USA,diplomacy,27,False,True
buildup_mar,0102_004,TRUMP,diplomacy,0,True,True
buildup_mar,0102_004,IRAN,diplomacy,2,False,True
buildup_mar,0102_009,USA,diplomacy,2,False,True
buildup_mar,0102_009,IRAN,diplomacy,7,False,True
buildup_mar,0102_010,IRAN,diplomacy,17,False,True
buildup_mar,0102_010,USA,diplomacy,5,False,True
buildup_mar,0102_011,USA,military_action,0,False,False
buildup_mar,0102_011,YEMEN,military_action,1,False,False
buildup_mar,0102_012,YEMEN,military_action,1,False,True
buildup_mar,0102_012,YEMEN,deterrence,3,False,True
buildup_mar,0102_012,USA,military_action,4,True,True
buildup_mar,0102_012,USA,deterrence,0,True,True
buildup_mar,0102_012,IRAN,military_action,7,False,True
buildup_mar,0102_012,IRAN,deterrence,1,False,True
buildup_mar,0102_015,IRAN,military_action,3,False,False
buildup_mar,0102_015,USA,military_action,0,False,False
buildup_mar,0102_015,YEMEN,military_action,1,False,False
buildup_mar,0102_017,ARAGHCHI,nuclear_program,30,False,False
buildup_mar,0102_017,OMAN,nuclear_program,27,False,False
buildup_mar,0102_017,IRAN,nuclear_program,24,False,False
buildup_mar,0102_017,CHINA,nuclear_program,19,False,False
buildup_mar,0102_017,IAEA,nuclear_program,0,False,False
buildup_mar,0102_024,IRAN,strike_claims,5,False,False
buildup_mar,0102_032,IAEA,nuclear_program,0,False,False
buildup_mar,0102_033,IRAN,nuclear_program,6,False,False
buildup_mar,0102_033,IAEA,nuclear_program,0,False,False
buildup_mar,0102_035,IRAN,nuclear_program,1,False,False
buildup_mar,0102_035,IRAN,deterrence,1,False,False
buildup_mar,0102_035,IRAN,diplomacy,11,False,False
buildup_mar,0102_036,EU,diplomacy,5,False,False
buildup_mar,0102_036,IRAN,diplomacy,9,False,False
buildup_mar,0102_036,USA,diplomacy,15,False,False
buildup_mar,0102_038,IRAN,diplomacy,5,False,False
buildup_mar,0102_038,UN_SECURITY_COUNCIL,diplomacy,8,False,False
buildup_mar,0102_041,IRAN,deterrence,2,False,False
buildup_mar,0102_041,USA,deterrence,11,False,False
buildup_may,0103_001,IRAN,diplomacy,1,False,False
buildup_may,0103_001,ARAGHCHI,diplomacy,24,False,False
buildup_may,0103_001,USA,diplomacy,3,False,False
buildup_may,0103_003,ARAGHCHI,diplomacy,19,False,True
buildup_may,0103_003,USA,diplomacy,0,False,True
buildup_may,0103_003,IRAN,diplomacy,12,False,True
buildup_may,0103_003,ISRAEL,diplomacy,3,False,True
buildup_may,0103_005,ARAGHCHI,diplomacy,18,True,True
buildup_may,0103_005,ISRAEL,diplomacy,15,False,True
buildup_may,0103_005,NETANYAHU,diplomacy,3,False,True
buildup_may,0103_005,USA,diplomacy,4,False,True
buildup_may,0103_005,TRUMP,diplomacy,1,False,True
buildup_may,0103_005,IRAN,diplomacy,1,False,True
buildup_may,0103_013,TRUMP,military_action,29,False,True
buildup_may,0103_013,TRUMP,nuclear_program,7,False,True
buildup_may,0103_013,IRAN,military_action,5,False,True
buildup_may,0103_013,IRAN,nuclear_program,3,False,True
buildup_may,0103_014,IRAN,nuclear_program,5,True,True
buildup_may,0103_014,TRUMP,nuclear_program,2,False,True
buildup_may,0103_014,ARAGHCHI,nuclear_program,26,True,True
buildup_may,0104_042,ISRAEL,deterrence,5,False,False
buildup_may,0104_042,ISRAEL,strike_claims,28,False,False
buildup_may,0104_046,IRAN,nuclear_program,6,False,False
buildup_may,0104_046,IRAN,diplomacy,7,False,False
buildup_may,0104_046,USA,nuclear_program,7,False,False
buildup_may,0104_046,USA,diplomacy,2,False,False
buildup_may,0104_047,IRAN,nuclear_program,1,False,True
buildup_may,0104_048,IRAN,strike_claims,16,True,True
buildup_may,0104_051,IRAN,diplomacy,10,False,False
buildup_may,0104_052,IRAN,diplomacy,10,False,False
buildup_may,0104_069,IRAN,diplomacy,4,False,False
buildup_may,0105_001,IRAN,nuclear_program,27,False,False
buildup_may,0105_001,IRAN,diplomacy,6,False,False
buildup_may,0105_001,IRAN,strike_claims,7,False,False
buildup_may,0105_001,USA,nuclear_program,15,False,False
buildup_may,0105_001,USA,diplomacy,9,False,False
buildup_may,0105_001,USA,strike_claims,2,False,False
buildup_may,0105_002,PEZESHKIAN,nuclear_program,6,False,False
buildup_may,0105_002,IRAN,nuclear_program,3,False,False
buildup_may,0105_008,IRAN,diplomacy,2,False,True
buildup_may,0105_008,PEZESHKIAN,diplomacy,27,True,True
buildup_apr,0106_001,ARAGHCHI,nuclear_program,21,False,False
buildup_apr,0106_001,IRAN,nuclear_program,1,False,False
buildup_apr,0106_001,RUSSIA,nuclear_program,11,False,False
buildup_apr,0106_001,CHINA,nuclear_program,9,False,False
buildup_apr,0106_002,IRAN,nuclear_program,0,False,False
buildup_apr,0106_002,RUSSIA,nuclear_program,7,False,False
buildup_apr,0106_002,CHINA,nuclear_program,5,False,False
buildup_apr,0106_002,ARAGHCHI,nuclear_program,4,False,False
buildup_apr,0106_015,ISRAEL,military_action,5,False,False
buildup_apr,0106_015,IRAN,military_action,0,False,False
buildup_apr,0106_016,ARAGHCHI,military_action,7,False,True
buildup_apr,0106_016,ARAGHCHI,deterrence,5,False,True
buildup_apr,0106_016,ISRAEL,military_action,3,False,True
buildup_apr,0106_016,ISRAEL,deterrence,1,False,True
buildup_apr,0106_016,IRAN,military_action,0,False,True
buildup_apr,0106_016,IRAN,deterrence,2,False,True
buildup_apr,0106_017,ARAGHCHI,military_action,23,True,True
buildup_apr,0106_017,USA,military_action,11,False,True
buildup_apr,0106_017,ISRAEL,military_action,8,False,True
buildup_apr,0106_017,IRAN,military_action,1,False,True
buildup_apr,0106_020,ISRAEL,military_action,14,False,True
buildup_apr,0106_020,ARAGHCHI,military_action,3,False,True
buildup_apr,0106_020,IRAN,military_action,5,False,True
buildup_apr,0106_020,RUSSIA,military_action,11,False,True
buildup_apr,0106_020,CHINA,military_action,13,False,True
buildup_may,0107_001,IRAN,diplomacy,2,False,False
buildup_may,0107_001,USA,diplomacy,4,False,False
buildup_may,0107_001,ARAGHCHI,diplomacy,15,False,False
buildup_may,0107_001,WITKOFF,diplomacy,21,False,False
buildup_may,0107_003,IRAN,diplomacy,7,True,True
buildup_may,0107_003,USA,diplomacy,23,False,True
buildup_may,0107_005,ARAGHCHI,nuclear_program,15,False,False
buildup_may,0107_005,ARAGHCHI,diplomacy,22,False,False
buildup_may,0107_005,WITKOFF,nuclear_program,13,False,False
buildup_may,0107_005,WITKOFF,diplomacy,20,False,False
buildup_may,0107_005,OMAN,nuclear_program,2,False,False
buildup_may,0107_005,OMAN,diplomacy,9,False,False
buildup_may,0107_005,IRAN,nuclear_program,0,False,False
buildup_may,0107_005,IRAN,diplomacy,7,False,False
buildup_may,0107_005,USA,nuclear_program,4,False,False
buildup_may,0107_005,USA,diplomacy,0,False,False
buildup_may,0107_007,IRAN,nuclear_program,3,False,False
buildup_may,0107_009,IRAN,diplomacy,3,True,True
buildup_may,0107_009,USA,diplomacy,2,False,True
buildup_may,0107_010,IRAN,diplomacy,8,False,False
buildup_may,0107_012,IRAN,deterrence,6,False,False
buildup_may,0107_012,IRAN,diplomacy,7,False,False
buildup_may,0107_012,EU,deterrence,9,False,False
buildup_may,0107_012,EU,diplomacy,4,False,False
buildup_may,0107_017,ISRAEL,strike_claims,5,False,True
buildup_may,0107_017,IRAN,strike_claims,13,False,True
buildup_may,0107_022,IRAN,diplomacy,3,False,False
buildup_may,0107_022,ARAGHCHI,diplomacy,16,False,False
buildup_may,0107_022,WITKOFF,diplomacy,18,False,False
buildup_may,0107_023,IRAN,diplomacy,5,False,False
buildup_may,0107_023,USA,diplomacy,3,False,False
buildup_mar,0108_001,IRAN,diplomacy,19,False,False
buildup_mar,0108_003,USA,diplomacy,17,False,True
buildup_mar,0108_003,TRUMP,diplomacy,9,False,True
buildup_mar,0108_003,KHAMENEI,diplomacy,2,False,True
buildup_mar,0108_005,TRUMP,diplomacy,6,False,True
buildup_mar,0108_005,IRAN,diplomacy,1,False,True
buildup_mar,0108_006,TRUMP,diplomacy,3,True,True
buildup_mar,0108_006,IRAN,diplomacy,1,False,True
buildup_mar,0108_007,TRUMP,diplomacy,4,False,True
buildup_mar,0108_007,USA,diplomacy,3,False,True
buildup_mar,0108_007,IRAN,diplomacy,1,False,True
buildup_mar,0108_007,OBAMA,diplomacy,6,False,True
buildup_mar,0108_008,KHAMENEI,diplomacy,7,False,True
buildup_mar,0108_008,EU,diplomacy,3,False,True
buildup_mar,0108_008,IRAN,diplomacy,2,True,True
buildup_mar,0108_021,KHAMENEI,diplomacy,3,False,False
buildup_mar,0108_022,IRAN,diplomacy,3,False,False
buildup_apr,0109_010,ARAGHCHI,nuclear_program,6,True,True
buildup_apr,0109_010,IRAN,nuclear_program,0,False,True
buildup_apr,0109_011,ARAGHCHI,diplomacy,29,True,True
buildup_apr,0109_011,IRAN,diplomacy,15,True,True
buildup_apr,0109_011,USA,diplomacy,6,False,True
buildup_apr,0110_002,OMAN,nuclear_program,8,False,False
buildup_apr,0110_002,OMAN,diplomacy,5,False,False
buildup_apr,0110_002,IRAN,nuclear_program,0,False,False
buildup_apr,0110_002,IRAN,diplomacy,1,False,False
buildup_apr,0110_014,TRUMP,diplomacy,14,False,False
buildup_apr,0110_014,USA,diplomacy,10,False,False
buildup_apr,0110_014,IRAN,diplomacy,2,False,False
buildup_apr,0110_015,TRUMP,military_action,5,False,False
buildup_apr,0110_015,TRUMP,deterrence,2,False,False
buildup_apr,0110_015,IRAN,military_action,1,False,False
buildup_apr,0110_015,IRAN,deterrence,0,False,False
buildup_apr,0110_020,OMAN,diplomacy,8,False,False
buildup_apr,0110_020,IRAN,diplomacy,5,False,False
buildup_apr,0110_020,USA,diplomacy,2,False,False
buildup_apr,0110_030,GAZA,diplomacy,15,False,False
buildup_apr,0110_040,BAHRAIN,diplomacy,3,False,True
buildup_apr,0110_040,OMAN,diplomacy,0,False,True
buildup_apr,0110_040,IRAN,diplomacy,17,False,True
buildup_apr,0110_040,USA,diplomacy,19,False,True
buildup_apr,0111_005,IRAN,nuclear_program,0,False,False
buildup_apr,0111_006,IRAN,diplomacy,14,False,False
buildup_apr,0111_006,USA,diplomacy,8,False,False
buildup_apr,0111_006,OMAN,diplomacy,34,False,False
buildup_apr,0111_006,ARAGHCHI,diplomacy,28,False,False
buildup_apr,0111_006,TRUMP,diplomacy,3,False,False
buildup_apr,0111_007,IRAN,military_action,4,False,False
buildup_apr,0111_007,IRAN,deterrence,2,False,False
buildup_apr,0111_008,IRAN,deterrence,8,False,False
buildup_apr,0111_008,IRAN,diplomacy,4,False,False
buildup_apr,0112_005,IRAN,nuclear_program,0,False,False
buildup_apr,0112_006,IRAN,diplomacy,14,False,False
buildup_apr,0112_006,USA,diplomacy,8,False,False
buildup_apr,0112_006,OMAN,diplomacy,34,False,False
buildup_apr,0112_006,ARAGHCHI,diplomacy,28,False,False
buildup_apr,0112_006,TRUMP,diplomacy,3,False,False
buildup_apr,0112_007,IRAN,military_action,4,False,False
buildup_apr,0112_007,IRAN,deterrence,2,False,False
buildup_apr,0112_008,IRAN,deterrence,8,False,False
buildup_apr,0112_008,IRAN,diplomacy,4,False,False
buildup_mar,0113_000,QATAR,nuclear_program,21,False,False
buildup_mar,0113_000,ISRAEL,nuclear_program,11,False,False
buildup_mar,0113_000,IAEA,nuclear_program,0,False,False
buildup_mar,0113_003,IAEA,nuclear_program,0,False,False
buildup_mar,0113_003,QATAR,nuclear_program,9,False,False
buildup_mar,0113_004,ISRAEL,nuclear_program,9,False,False
buildup_mar,0113_007,ISRAEL,nuclear_program,22,False,False
buildup_mar,0113_007,IAEA,nuclear_program,0,False,False
buildup_mar,0113_009,IAEA,nuclear_program,0,False,False
buildup_mar,0113_009,ISRAEL,nuclear_program,2,False,False
buildup_mar,0113_010,QATAR,nuclear_program,3,False,False
buildup_mar,0113_010,ISRAEL,nuclear_program,0,False,False
buildup_mar,0113_010,IAEA,nuclear_program,3,False,False
buildup_mar,0114_003,IRAN,nuclear_program,1,False,False
buildup_mar,0114_004,IRAN,strike_claims,50,True,True
buildup_mar,0114_004,ISRAEL,strike_claims,26,False,True
buildup_mar,0114_004,GAZA,strike_claims,23,False,True
buildup_mar,0114_005,IRAN,nuclear_program,8,False,True
buildup_mar,0114_007,IRAN,nuclear_program,11,False,False
buildup_mar,0114_007,IRAN,deterrence,50,False,False
buildup_mar,0114_007,IRAN,strike_claims,44,False,False
buildup_mar,0114_007,ISRAEL,nuclear_program,1,False,False
buildup_mar,0114_007,ISRAEL,deterrence,35,False,False
buildup_mar,0114_007,ISRAEL,strike_claims,29,False,False
buildup_mar,0114_008,IRAN,deterrence,8,False,True
buildup_mar,0114_008,IRAN,strike_claims,2,False,True
buildup_mar,0114_011,IRAN,diplomacy,21,True,True
buildup_mar,0114_014,IRAN,nuclear_program,1,False,True
buildup_mar,0115_000,PEZESHKIAN,deterrence,8,False,True
buildup_mar,0115_000,PEZESHKIAN,diplomacy,7,False,True
buildup_mar,0115_000,IRAN,deterrence,6,False,True
buildup_mar,0115_000,IRAN,diplomacy,5,False,True
buildup_mar,0115_010,PEZESHKIAN,nuclear_program,6,True,True
buildup_mar,0115_010,IRAN,nuclear_program,2,False,True
buildup_mar,0115_011,IRAN,nuclear_program,0,True,True
buildup_mar,0115_011,IAEA,nuclear_program,9,False,True
buildup_mar,0115_011,PEZESHKIAN,nuclear_program,1,False,True
buildup_mar,0115_016,PEZESHKIAN,deterrence,12,False,False
buildup_mar,0115_016,PEZESHKIAN,diplomacy,11,False,False
buildup_mar,0115_016,IRAN,deterrence,6,False,False
buildup_mar,0115_016,IRAN,diplomacy,5,False,False
buildup_apr,0116_000,FRANCE,military_action,8,False,False
buildup_apr,0116_000,FRANCE,deterrence,5,False,False
buildup_apr,0116_000,IRAN,military_action,1,False,False
buildup_apr,0116_000,IRAN,deterrence,0,False,False
buildup_apr,0116_003,FRANCE,nuclear_program,9,False,False
buildup_apr,0116_003,FRANCE,deterrence,27,False,False
buildup_apr,0116_003,IRAN,nuclear_program,0,False,False
buildup_apr,0116_003,IRAN,deterrence,18,False,False
buildup_apr,0116_006,FRANCE,deterrence,0,False,False
buildup_apr,0116_006,FRANCE,diplomacy,14,False,False
buildup_apr,0116_009,FRANCE,nuclear_program,8,False,False
buildup_apr,0116_009,IRAN,nuclear_program,0,False,False
buildup_apr,0116_009,ISRAEL,nuclear_program,6,False,False
buildup_apr,0116_010,ISRAEL,nuclear_program,5,False,False
buildup_apr,0116_013,IRAN,deterrence,2,False,False
buildup_apr,0116_013,IRAN,strike_claims,2,False,False
buildup_apr,0116_021,FRANCE,deterrence,1,False,False
buildup_apr,0116_023,FRANCE,military_action,4,False,True
buildup_apr,0116_023,FRANCE,nuclear_program,10,False,True
buildup_apr,0116_023,FRANCE,deterrence,16,False,True
buildup_apr,0116_023,IRAN,military_action,1,False,True
buildup_apr,0116_023,IRAN,nuclear_program,0,False,True
buildup_apr,0116_023,IRAN,deterrence,6,False,True
buildup_apr,0116_024,FRANCE,military_action,2,False,False
buildup_apr,0116_024,FRANCE,deterrence,0,False,False
buildup_apr,0116_024,IRAN,military_action,1,False,False
buildup_apr,0116_024,IRAN,deterrence,4,False,False
buildup_mar,0117_001,ARAGHCHI,diplomacy,9,False,True
buildup_mar,0117_001,IRAN,diplomacy,4,False,True
buildup_mar,0117_001,USA,diplomacy,3,False,True
buildup_mar,0117_003,IRAN,diplomacy,27,False,False
buildup_mar,0117_003,EU,diplomacy,23,False,False
buildup_mar,0117_003,FRANCE,diplomacy,20,False,False
buildup_mar,0117_003,GERMANY,diplomacy,19,False,False
buildup_mar,0117_003,UK,diplomacy,17,False,False
buildup_mar,0117_003,USA,diplomacy,9,False,False
buildup_mar,0117_005,EU,nuclear_program,11,False,False
buildup_mar,0117_005,EU,diplomacy,8,False,False
buildup_mar,0117_005,ARAGHCHI,nuclear_program,0,False,False
buildup_mar,0117_005,ARAGHCHI,diplomacy,4,False,False
buildup_mar,0117_008,ARAGHCHI,diplomacy,0,True,True
buildup_mar,0117_010,ARAGHCHI,diplomacy,11,False,True
buildup_mar,0117_010,USA,diplomacy,13,False,True
buildup_mar,0117_011,USA,diplomacy,12,False,True
buildup_mar,0117_011,TRUMP,diplomacy,5,False,True
buildup_mar,0117_011,IRAN,diplomacy,1,False,True
buildup_mar,0117_014,TRUMP,diplomacy,4,False,True
buildup_mar,0117_014,IRAN,diplomacy,1,False,True
buildup_mar,0117_015,KHAMENEI,diplomacy,6,False,False
buildup_mar,0117_015,IRAN,diplomacy,2,False,False
buildup_mar,0117_015,USA,diplomacy,1,False,False
buildup_mar,0117_017,ARAGHCHI,diplomacy,19,False,True
buildup_mar,0117_017,IRAN,diplomacy,7,False,True
buildup_mar,0117_017,USA,diplomacy,1,False,True
buildup_mar,0117_019,USA,diplomacy,8,False,True
buildup_mar,0117_019,ARAGHCHI,diplomacy,13,True,True
buildup_mar,0117_022,ARAGHCHI,diplomacy,11,True,True
buildup_mar,0117_022,IRAN,diplomacy,20,False,True
buildup_mar,0117_032,ARAGHCHI,nuclear_program,13,True,True
buildup_mar,0117_032,ARAGHCHI,diplomacy,0,True,True
buildup_mar,0117_035,ARAGHCHI,diplomacy,9,False,True
buildup_mar,0117_035,IRAN,diplomacy,4,False,True
buildup_mar,0117_035,USA,diplomacy,3,False,True
buildup_mar,0117_036,USA,diplomacy,3,False,False
buildup_mar,0118_000,IRAN,diplomacy,11,False,False
buildup_mar,0118_001,IRAN,diplomacy,10,False,False
buildup_mar,0118_004,TRUMP,diplomacy,1,False,True
buildup_mar,0118_004,USA,diplomacy,5,False,True
buildup_mar,0118_008,TRUMP,diplomacy,26,False,False
buildup_mar,0118_008,IRAN,diplomacy,21,False,False
buildup_mar,0118_009,IRAN,diplomacy,3,True,True
buildup_mar,0118_009,EU,diplomacy,3,False,True
buildup_mar,0118_009,CHINA,diplomacy,7,False,True
buildup_mar,0118_009,RUSSIA,diplomacy,9,False,True
buildup_mar,0118_012,TRUMP,diplomacy,8,False,False
buildup_mar,0118_013,IRAN,diplomacy,0,False,False
buildup_may,0119_003,USA,diplomacy,1,False,False
buildup_may,0119_009,ARAGHCHI,diplomacy,6,False,True
buildup_may,0119_009,IRAN,diplomacy,1,True,True
buildup_may,0120_004,IRAN,diplomacy,1,False,False
buildup_may,0120_004,USA,diplomacy,3,False,False
buildup_may,0120_061,IRAN,nuclear_program,1,False,False
buildup_may,0120_061,IRAN,diplomacy,0,False,False
buildup_apr,0121_000,IRAN,diplomacy,1,False,False
buildup_apr,0121_000,USA,diplomacy,3,False,False
buildup_apr,0121_000,OMAN,diplomacy,8,False,False
buildup_apr,0121_002,SYRIA,diplomacy,2,False,False
buildup_apr,0121_002,USA,diplomacy,2,False,False
buildup_apr,0121_002,IRAN,diplomacy,16,False,False
buildup_apr,0121_005,ARAGHCHI,nuclear_program,20,False,False
buildup_apr,0121_005,ARAGHCHI,diplomacy,17,False,False
buildup_apr,0121_005,WITKOFF,nuclear_program,17,False,False
buildup_apr,0121_005,WITKOFF,diplomacy,14,False,False
buildup_apr,0121_005,USA,nuclear_program,4,False,False
buildup_apr,0121_005,USA,diplomacy,8,False,False
buildup_apr,0121_005,IRAN,nuclear_program,0,False,False
buildup_apr,0121_005,IRAN,diplomacy,1,False,False
buildup_apr,0121_008,OMAN,diplomacy,19,False,False
buildup_apr,0121_013,USA,nuclear_program,18,False,False
buildup_apr,0121_013,USA,diplomacy,4,False,False
buildup_apr,0121_013,IRAN,nuclear_program,0,False,False
buildup_apr,0121_013,IRAN,diplomacy,12,False,False
buildup_apr,0121_014,IRAN,diplomacy,14,False,False
buildup_apr,0121_014,USA,diplomacy,8,False,False
buildup_apr,0121_016,TRUMP,diplomacy,17,False,True
buildup_apr,0121_016,USA,diplomacy,13,False,True
buildup_apr,0121_016,IRAN,diplomacy,2,False,True
buildup_apr,0121_017,TRUMP,diplomacy,1,True,True
buildup_apr,0121_017,USA,diplomacy,12,False,True
buildup_apr,0121_017,IRAN,diplomacy,1,False,True
buildup_apr,0121_018,TRUMP,diplomacy,0,True,True
buildup_apr,0121_018,IRAN,diplomacy,12,False,True
buildup_apr,0121_021,SAUDI_ARABIA,diplomacy,23,False,False
buildup_apr,0121_021,UAE,diplomacy,18,False,False
buildup_apr,0121_021,IRAN,diplomacy,1,False,False
buildup_may,0122_002,OMAN,diplomacy,15,False,False
buildup_may,0122_002,IRAN,diplomacy,1,False,False
buildup_may,0122_008,IRAN,diplomacy,1,False,False
buildup_may,0122_009,TRUMP,diplomacy,3,False,False
buildup_may,0122_009,IRAN,diplomacy,8,False,False
buildup_may,0122_019,TRUMP,diplomacy,6,False,False
buildup_may,0122_019,IRAN,diplomacy,1,False,False
buildup_may,0122_020,RUBIO,diplomacy,1,False,True
buildup_may,0122_020,TRUMP,diplomacy,7,False,True
buildup_may,0122_020,UK,diplomacy,2,False,True
buildup_may,0122_020,FRANCE,diplomacy,3,False,True
buildup_may,0122_020,GERMANY,diplomacy,5,False,True
buildup_may,0122_026,IRAN,diplomacy,3,False,False
buildup_may,0122_028,WITKOFF,diplomacy,11,False,False
buildup_may,0122_031,ISRAEL,diplomacy,24,False,True
buildup_may,0122_031,IRAN,diplomacy,16,False,True
buildup_may,0122_031,RUBIO,diplomacy,12,False,True
buildup_may,0122_031,TRUMP,diplomacy,7,False,True
buildup_may,0122_033,RUBIO,nuclear_program,7,False,False
buildup_may,0122_033,IRAN,nuclear_program,3,False,False
buildup_may,0122_035,ISRAEL,diplomacy,9,False,True
buildup_may,0122_035,IRAN,diplomacy,5,False,True
buildup_may,0122_035,USA,diplomacy,7,False,True
buildup_may,0122_042,TRUMP,diplomacy,9,False,False
buildup_may,0122_042,IRAN,diplomacy,2,False,False
buildup_apr,0123_000,IRAN,nuclear_program,5,False,True
buildup_apr,0123_000,IRAN,diplomacy,1,False,True
buildup_apr,0123_000,GROSSI,nuclear_program,17,False,True
buildup_apr,0123_000,GROSSI,diplomacy,22,False,True
buildup_apr,0123_000,IAEA,nuclear_program,0,False,True
buildup_apr,0123_000,IAEA,diplomacy,4,False,True
buildup_apr,0123_000,USA,nuclear_program,9,False,True
buildup_apr,0123_000,USA,diplomacy,4,False,True
buildup_apr,0123_001,IAEA,nuclear_program,0,False,True
buildup_apr,0123_001,IRAN,nuclear_program,6,False,True
buildup_apr,0123_001,GROSSI,nuclear_program,23,True,True
buildup_apr,0123_002,GROSSI,nuclear_program,17,False,False
buildup_apr,0123_002,IRAN,nuclear_program,10,False,False
buildup_apr,0123_002,USA,nuclear_program,7,False,False
buildup_apr,0123_002,IAEA,nuclear_program,0,False,False
buildup_apr,0123_004,IRAN,nuclear_program,5,False,True
buildup_apr,0123_004,IRAN,diplomacy,11,False,True
buildup_apr,0123_004,GROSSI,nuclear_program,13,False,True
buildup_apr,0123_004,GROSSI,diplomacy,31,False,True
buildup_apr,0123_004,USA,nuclear_program,6,False,True
buildup_apr,0123_004,USA,diplomacy,8,False,True
buildup_apr,0123_004,IAEA,nuclear_program,0,False,True
buildup_apr,0123_004,IAEA,diplomacy,17,False,True
buildup_apr,0123_008,IAEA,nuclear_program,0,False,False
buildup_apr,0123_008,IRAN,nuclear_program,3,False,False
buildup_may,0124_001,ARAGHCHI,deterrence,9,False,True
buildup_may,0124_001,ISRAEL,deterrence,0,False,True
buildup_may,0124_001,IRAN,deterrence,1,False,True
buildup_may,0124_002,ARAGHCHI,deterrence,1,True,True
buildup_may,0124_002,ISRAEL,deterrence,3,False,True
buildup_may,0124_003,USA,military_action,8,False,True
buildup_may,0124_003,ISRAEL,military_action,4,False,True
buildup_may,0124_003,IRAN,military_action,1,False,True
buildup_may,0124_006,ISRAEL,deterrence,0,False,False
buildup_may,0124_006,IRAN,deterrence,5,False,False
buildup_may,0124_011,ISRAEL,deterrence,0,False,True
buildup_may,0124_011,ARAGHCHI,deterrence,0,False,True
buildup_may,0124_011,IRAN,deterrence,3,False,True
buildup_may,0124_012,IRAN,military_action,6,False,False
buildup_may,0124_012,ARAGHCHI,military_action,3,False,False
buildup_apr,0125_001,IRAN,nuclear_program,0,False,False
buildup_apr,0125_001,IRAN,diplomacy,4,False,False
buildup_apr,0125_001,USA,nuclear_program,14,False,False
buildup_apr,0125_001,USA,diplomacy,8,False,False
buildup_apr,0125_001,OMAN,nuclear_program,3,False,False
buildup_apr,0125_001,OMAN,diplomacy,1,False,False
buildup_apr,0125_005,ARAGHCHI,diplomacy,9,False,False
buildup_apr,0125_009,ARAGHCHI,diplomacy,9,True,True
buildup_apr,0125_011,IRAN,diplomacy,10,False,False
buildup_apr,0125_011,USA,diplomacy,7,False,False
buildup_apr,0125_011,ARAGHCHI,diplomacy,5,False,False
buildup_apr,0125_012,IRAN,diplomacy,15,False,False
buildup_apr,0125_012,USA,diplomacy,13,False,False
buildup_apr,0125_012,OMAN,diplomacy,10,False,False
buildup_may,0126_001,IRAN,diplomacy,7,False,False
buildup_may,0126_001,EU,diplomacy,4,False,False
buildup_may,0126_003,GERMANY,diplomacy,8,False,False
buildup_may,0126_003,UK,diplomacy,7,False,False
buildup_may,0126_003,FRANCE,diplomacy,5,False,False
buildup_may,0126_003,IRAN,diplomacy,1,False,False
buildup_may,0126_003,USA,diplomacy,3,False,False
buildup_may,0127_001,IRAN,diplomacy,1,False,False
buildup_may,0127_001,USA,diplomacy,3,False,False
buildup_may,0127_001,EU,diplomacy,6,False,False
buildup_may,0127_003,USA,diplomacy,14,False,False
buildup_may,0127_003,TRUMP,diplomacy,11,False,False
buildup_may,0127_003,IRAN,diplomacy,2,False,False
buildup_may,0127_003,UK,diplomacy,8,False,False
buildup_may,0127_003,FRANCE,diplomacy,9,False,False
buildup_may,0127_003,GERMANY,diplomacy,11,False,False
buildup_may,0127_003,EU,diplomacy,16,False,False
buildup_may,0127_006,EU,diplomacy,3,False,False
buildup_may,0127_006,USA,diplomacy,9,False,False
buildup_may,0127_010,EU,nuclear_program,7,False,False
buildup_may,0127_019,IRAN,diplomacy,2,False,False
buildup_may,0127_025,FRANCE,military_action,1,False,False
buildup_may,0127_026,IRAN,deterrence,6,False,False
buildup_may,0127_026,RUSSIA,deterrence,9,False,False
buildup_may,0128_008,USA,deterrence,15,False,False
buildup_may,0128_008,ISRAEL,deterrence,19,False,False
buildup_may,0128_012,ISRAEL,strike_claims,2,True,True
buildup_may,0128_021,IRAN,diplomacy,2,False,True
buildup_may,0128_021,USA,diplomacy,16,False,True
buildup_may,0128_022,USA,nuclear_program,3,False,False
buildup_may,0128_022,IRAN,nuclear_program,1,False,False
buildup_may,0128_024,USA,nuclear_program,28,False,False
buildup_may,0128_024,IRAN,nuclear_program,7,False,False
buildup_may,0129_000,IRAN,diplomacy,2,False,True
buildup_may,0129_000,ARAGHCHI,diplomacy,4,False,True
buildup_may,0129_005,IRAN,nuclear_program,0,False,False
buildup_may,0129_005,IRAN,diplomacy,1,False,False
buildup_may,0129_005,USA,nuclear_program,20,False,False
buildup_may,0129_005,USA,diplomacy,26,False,False
buildup_may,0129_005,OMAN,nuclear_program,9,False,False
buildup_may,0129_005,OMAN,diplomacy,15,False,False
buildup_may,0129_006,IRAN,diplomacy,6,False,False
buildup_may,0129_006,ISRAEL,diplomacy,4,False,False
buildup_apr,0130_001,IRAN,diplomacy,2,False,False
buildup_apr,0130_001,USA,diplomacy,1,False,False
buildup_apr,0130_009,IRAN,diplomacy,1,False,False
buildup_apr,0130_009,USA,diplomacy,3,False,False
buildup_apr,0130_012,IRAN,diplomacy,1,False,False
buildup_mar,0131_001,IRAN,diplomacy,2,False,False
buildup_mar,0131_001,USA,diplomacy,2,False,False
buildup_mar,0131_002,USA,diplomacy,5,False,False
buildup_mar,0131_027,IRAN,diplomacy,4,False,False
buildup_mar,0131_028,USA,diplomacy,1,False,False
buildup_mar,0131_035,IRAN,diplomacy,4,False,False
buildup_mar,0131_038,IRAN,diplomacy,29,False,False
buildup_mar,0131_038,USA,diplomacy,7,False,False
buildup_mar,0131_118,IAEA,nuclear_program,0,False,False
buildup_mar,0131_118,IRAN,nuclear_program,10,False,False
buildup_mar,0131_129,IAEA,nuclear_program,0,False,False
buildup_mar,0131_139,IAEA,nuclear_program,0,False,False
buildup_mar,0131_140,IAEA,nuclear_program,0,False,False
buildup_mar,0131_143,IAEA,nuclear_program,9,False,False
buildup_mar,0131_143,IRAN,nuclear_program,0,False,False
buildup_mar,0131_145,IAEA,nuclear_program,0,False,False
buildup_mar,0131_145,IRAN,nuclear_program,10,False,False
buildup_mar,0131_151,IAEA,nuclear_program,0,False,False
buildup_mar,0131_151,IRAN,nuclear_program,11,False,False
buildup_mar,0131_154,IAEA,nuclear_program,0,False,False
buildup_mar,0131_155,TRUMP,diplomacy,7,False,True
buildup_mar,0131_155,NETANYAHU,diplomacy,12,False,True
buildup_mar,0131_155,IRAN,diplomacy,1,False,True
buildup_mar,0131_159,IRAN,nuclear_program,0,False,False
buildup_mar,0131_161,IAEA,nuclear_program,33,False,False
buildup_mar,0131_194,USA,nuclear_program,8,False,False
buildup_mar,0131_198,USA,nuclear_program,4,False,False
buildup_mar,0131_201,USA,deterrence,8,False,False
buildup_mar,0131_203,USA,deterrence,1,False,False
buildup_mar,0131_228,USA,diplomacy,5,False,False
buildup_mar,0131_229,IRAN,diplomacy,3,False,False
buildup_mar,0131_229,USA,diplomacy,1,False,False
buildup_mar,0132_000,KHAMENEI,diplomacy,47,False,False
buildup_mar,0132_000,USA,diplomacy,10,False,False
buildup_mar,0132_000,IRAN,diplomacy,3,False,False
buildup_mar,0132_002,USA,diplomacy,1,False,False
buildup_mar,0132_004,USA,diplomacy,3,False,False
buildup_mar,0132_004,IRAN,diplomacy,1,False,False
buildup_mar,0132_006,TRUMP,diplomacy,5,False,False
buildup_mar,0132_007,TRUMP,diplomacy,3,True,True
buildup_mar,0132_008,TRUMP,diplomacy,9,False,False
buildup_mar,0132_008,USA,diplomacy,7,False,False
buildup_mar,0132_009,IRAN,diplomacy,1,False,False
buildup_mar,0132_009,USA,diplomacy,2,False,False
buildup_mar,0132_009,IRAQ,diplomacy,15,False,False
buildup_mar,0132_011,IRAN,diplomacy,7,False,True
buildup_mar,0132_011,IRAN,strike_claims,10,False,True
buildup_mar,0132_011,USA,diplomacy,4,True,True
buildup_mar,0132_011,USA,strike_claims,7,True,True
buildup_mar,0132_012,USA,diplomacy,25,False,False
buildup_mar,0132_012,EU,diplomacy,23,False,False
buildup_mar,0132_012,IRAN,diplomacy,10,False,False
buildup_mar,0132_015,USA,deterrence,6,False,False
buildup_mar,0132_015,USA,diplomacy,13,False,False
buildup_mar,0132_015,IRAN,deterrence,27,False,False
buildup_mar,0132_015,IRAN,diplomacy,20,False,False
buildup_mar,0132_016,TRUMP,diplomacy,22,False,True
buildup_mar,0132_016,IRAN,diplomacy,6,False,True
buildup_mar,0132_017,USA,diplomacy,5,False,True
buildup_mar,0132_017,IRAN,diplomacy,29,False,True
buildup_mar,0132_019,IRAN,diplomacy,3,False,True
buildup_mar,0132_020,IRAN,diplomacy,0,False,False
buildup_mar,0132_020,EU,diplomacy,2,False,False
buildup_mar,0132_020,CHINA,diplomacy,8,False,False
buildup_mar,0132_020,RUSSIA,diplomacy,6,False,False
buildup_mar,0132_020,USA,diplomacy,7,False,False
buildup_mar,0132_021,PEZESHKIAN,diplomacy,23,False,False
buildup_mar,0132_021,USA,diplomacy,9,False,False
buildup_mar,0132_021,TRUMP,diplomacy,0,False,False
buildup_may,0133_000,ARAGHCHI,deterrence,17,False,False
buildup_may,0133_000,ARAGHCHI,diplomacy,29,False,False
buildup_may,0133_000,UK,deterrence,14,False,False
buildup_may,0133_000,UK,diplomacy,26,False,False
buildup_may,0133_000,FRANCE,deterrence,13,False,False
buildup_may,0133_000,FRANCE,diplomacy,25,False,False
buildup_may,0133_000,GERMANY,deterrence,11,False,False
buildup_may,0133_000,GERMANY,diplomacy,23,False,False
buildup_may,0133_000,EU,deterrence,6,False,False
buildup_may,0133_000,EU,diplomacy,18,False,False
buildup_may,0133_001,ARAGHCHI,deterrence,16,False,False
buildup_may,0133_001,ARAGHCHI,diplomacy,25,False,False
buildup_may,0133_001,FRANCE,deterrence,8,False,False
buildup_may,0133_001,FRANCE,diplomacy,17,False,False
buildup_may,0133_001,EU,deterrence,0,False,False
buildup_may,0133_001,EU,diplomacy,9,False,False
buildup_may,0133_001,IRAN,deterrence,10,False,False
buildup_may,0133_001,IRAN,diplomacy,1,False,False
buildup_may,0133_002,ARAGHCHI,nuclear_program,9,True,True
buildup_may,0133_002,EU,nuclear_program,6,False,True
buildup_may,0133_003,IRAN,diplomacy,3,False,False
buildup_may,0133_003,ARAGHCHI,diplomacy,7,False,False
buildup_may,0133_003,EU,diplomacy,19,False,False
buildup_may,0133_003,USA,diplomacy,23,False,False
buildup_may,0133_004,ARAGHCHI,diplomacy,2,True,True
buildup_may,0133_005,ARAGHCHI,diplomacy,12,False,True
buildup_may,0133_005,IRAN,diplomacy,5,False,True
buildup_may,0133_006,UK,nuclear_program,17,False,False
buildup_may,0133_006,UK,diplomacy,26,False,False
buildup_may,0133_006,FRANCE,nuclear_program,16,False,False
buildup_may,0133_006,FRANCE,diplomacy,25,False,False
buildup_may,0133_006,GERMANY,nuclear_program,14,False,False
buildup_may,0133_006,GERMANY,diplomacy,23,False,False
buildup_may,0133_006,IAEA,nuclear_program,0,False,False
buildup_may,0133_006,IAEA,diplomacy,8,False,False
buildup_may,0133_006,IRAN,nuclear_program,11,False,False
buildup_may,0133_006,IRAN,diplomacy,2,False,False
buildup_may,0133_007,EU,diplomacy,22,False,False
buildup_may,0133_007,IRAN,diplomacy,13,False,False
buildup_may,0133_007,USA,diplomacy,9,False,False
buildup_may,0133_009,ARAGHCHI,diplomacy,7,False,False
buildup_may,0133_009,IRAN,diplomacy,4,False,False
buildup_may,0133_010,IRAN,diplomacy,5,False,False
buildup_may,0133_010,EU,diplomacy,3,False,False
buildup_may,0134_007,IRAN,diplomacy,7,False,False
buildup_may,0134_007,EU,diplomacy,4,False,False
buildup_may,0134_008,GERMANY,diplomacy,8,False,False
buildup_may,0134_008,UK,diplomacy,7,False,False
buildup_may,0134_008,FRANCE,diplomacy,5,False,False
buildup_may,0134_008,IRAN,diplomacy,1,False,False
buildup_may,0134_008,USA,diplomacy,3,False,False
buildup_mar,0135_001,ARAGHCHI,deterrence,14,False,False
buildup_mar,0135_001,ARAGHCHI,diplomacy,10,False,False
buildup_mar,0135_001,IRAN,deterrence,8,False,False
buildup_mar,0135_001,IRAN,diplomacy,4,False,False
buildup_mar,0135_002,ARAGHCHI,deterrence,5,False,True
buildup_mar,0135_002,ARAGHCHI,diplomacy,5,False,True
buildup_mar,0135_002,USA,deterrence,25,False,True
buildup_mar,0135_002,USA,diplomacy,1,False,True
buildup_mar,0135_002,IRAN,deterrence,5,True,True
buildup_mar,0135_002,IRAN,diplomacy,23,True,True
buildup_mar,0135_004,USA,diplomacy,13,False,False
buildup_mar,0135_004,TRUMP,diplomacy,10,False,False
buildup_mar,0135_004,IRAN,diplomacy,1,False,False
buildup_mar,0135_006,USA,military_action,35,False,False
buildup_mar,0135_006,USA,deterrence,32,False,False
buildup_mar,0135_006,USA,diplomacy,20,False,False
buildup_mar,0135_006,IRAN,military_action,29,False,False
buildup_mar,0135_006,IRAN,deterrence,26,False,False
buildup_mar,0135_006,IRAN,diplomacy,14,False,False
buildup_mar,0135_006,UAE,military_action,20,False,False
buildup_mar,0135_006,UAE,deterrence,17,False,False
buildup_mar,0135_006,UAE,diplomacy,5,False,False
buildup_mar,0135_008,ARAGHCHI,deterrence,8,False,False
buildup_mar,0135_008,IRAN,deterrence,2,False,False
buildup_mar,0135_009,ARAGHCHI,deterrence,2,True,True
buildup_mar,0135_010,IRAN,diplomacy,1,False,False
buildup_mar,0135_010,EU,diplomacy,4,False,False
buildup_mar,0135_014,ARAGHCHI,deterrence,10,False,False
buildup_mar,0135_014,ARAGHCHI,diplomacy,6,False,False
buildup_mar,0135_014,IRAN,deterrence,8,False,False
buildup_mar,0135_014,IRAN,diplomacy,4,False,False
buildup_mar,0135_015,IRAN,deterrence,5,False,False
buildup_may,0136_001,IRAN,diplomacy,13,False,False
buildup_may,0136_001,USA,diplomacy,2,False,False
buildup_may,0136_004,ARAGHCHI,diplomacy,29,True,True
buildup_may,0136_004,IRAN,diplomacy,1,False,True
buildup_may,0136_007,IRAN,strike_claims,9,False,False
buildup_may,0137_000,IAEA,nuclear_program,22,False,True
buildup_may,0137_000,GROSSI,nuclear_program,19,False,True
buildup_may,0137_000,IRAN,nuclear_program,1,False,True
buildup_may,0137_000,ARAGHCHI,nuclear_program,13,False,True
buildup_may,0137_001,IRAN,diplomacy,1,False,False
buildup_may,0137_001,USA,diplomacy,4,False,False
buildup_may,0137_002,IRAN,nuclear_program,0,False,False
buildup_may,0137_002,IRAN,diplomacy,1,False,False
buildup_may,0137_002,USA,nuclear_program,20,False,False
buildup_may,0137_002,USA,diplomacy,26,False,False
buildup_may,0137_002,OMAN,nuclear_program,9,False,False
buildup_may,0137_002,OMAN,diplomacy,15,False,False
buildup_may,0137_003,IAEA,nuclear_program,0,False,False
buildup_may,0137_003,IRAN,nuclear_program,2,False,False
buildup_apr,0138_001,IAEA,nuclear_program,0,False,False
buildup_apr,0138_001,GROSSI,nuclear_program,2,False,False
buildup_apr,0138_001,IRAN,nuclear_program,5,False,False
buildup_apr,0138_001,ARAGHCHI,nuclear_program,8,False,False
buildup_apr,0138_004,GROSSI,nuclear_program,3,True,True
buildup_apr,0138_004,IAEA,nuclear_program,0,False,True
buildup_apr,0138_005,ARAGHCHI,nuclear_program,5,False,True
buildup_apr,0138_005,IAEA,nuclear_program,0,False,True
buildup_apr,0138_005,IRAN,nuclear_program,6,False,True
buildup_apr,0138_006,ARAGHCHI,nuclear_program,20,True,True
buildup_apr,0138_006,IRAN,nuclear_program,2,True,True
buildup_apr,0138_006,IAEA,nuclear_program,0,False,True
buildup_apr,0138_007,IRAN,nuclear_program,16,False,False
buildup_apr,0138_007,IAEA,nuclear_program,0,False,False
buildup_apr,0138_009,IAEA,nuclear_program,0,False,False
buildup_apr,0138_009,IRAN,nuclear_program,1,False,False
buildup_apr,0139_000,IRAN,military_action,2,False,False
buildup_apr,0139_001,IRAN,military_action,1,False,False
buildup_apr,0139_001,IRAN,deterrence,12,False,False
buildup_apr,0139_002,IRAN,nuclear_program,0,False,False
buildup_apr,0139_002,IRAN,diplomacy,8,False,False
buildup_apr,0139_003,RUSSIA,military_action,5,False,False
buildup_apr,0139_003,RUSSIA,deterrence,3,False,False
buildup_apr,0139_003,USA,military_action,2,False,False
buildup_apr,0139_003,USA,deterrence,0,False,False
buildup_apr,0139_003,IRAN,military_action,1,False,False
buildup_apr,0139_003,IRAN,deterrence,3,False,False
buildup_apr,0140_002,OMAN,diplomacy,3,False,False
buildup_apr,0140_004,ARAGHCHI,military_action,8,False,True
buildup_apr,0140_004,ARAGHCHI,nuclear_program,16,False,True
buildup_apr,0140_004,ARAGHCHI,diplomacy,24,False,True
buildup_apr,0140_004,IRAN,military_action,6,False,True
buildup_apr,0140_004,IRAN,nuclear_program,0,False,True
buildup_apr,0140_004,IRAN,diplomacy,1,False,True
buildup_apr,0140_006,IRAN,diplomacy,1,False,False
buildup_apr,0140_006,GROSSI,diplomacy,14,False,False
buildup_apr,0140_006,USA,diplomacy,4,False,False
buildup_apr,0140_007,GROSSI,nuclear_program,18,False,False
buildup_apr,0140_007,IRAN,nuclear_program,10,False,False
buildup_apr,0140_007,USA,nuclear_program,7,False,False
buildup_apr,0140_007,IAEA,nuclear_program,0,False,False
buildup_may,0141_000,ARAGHCHI,nuclear_program,6,False,False
buildup_may,0141_000,ARAGHCHI,diplomacy,2,False,False
buildup_may,0141_000,IRAN,nuclear_program,1,False,False
buildup_may,0141_000,IRAN,diplomacy,1,False,False
buildup_may,0141_001,ARAGHCHI,diplomacy,4,False,True
buildup_may,0141_001,IRAN,diplomacy,6,False,True
buildup_may,0141_002,ARAGHCHI,diplomacy,10,True,True
buildup_may,0141_003,IRAN,nuclear_program,7,False,False
buildup_may,0141_004,IRAN,nuclear_program,5,False,False
buildup_may,0141_005,IRAN,nuclear_program,0,False,False
buildup_may,0141_005,IRAN,diplomacy,1,False,False
buildup_may,0141_005,USA,nuclear_program,21,False,False
buildup_may,0141_005,USA,diplomacy,27,False,False
buildup_may,0141_005,OMAN,nuclear_program,9,False,False
buildup_may,0141_005,OMAN,diplomacy,15,False,False
buildup_may,0141_006,IRAN,military_action,5,False,False
buildup_may,0141_006,ARAGHCHI,military_action,2,False,False
buildup_apr,0142_000,IRAN,nuclear_program,5,False,False
buildup_apr,0142_000,ARAGHCHI,nuclear_program,1,False,False
buildup_apr,0142_000,IAEA,nuclear_program,0,False,False
buildup_apr,0142_000,GROSSI,nuclear_program,2,False,False
buildup_apr,0142_003,ARAGHCHI,diplomacy,14,True,True
buildup_apr,0142_003,IRAN,diplomacy,1,False,True
buildup_apr,0142_003,USA,diplomacy,3,False,True
buildup_apr,0142_005,GROSSI,nuclear_program,3,True,True
buildup_apr,0142_005,IAEA,nuclear_program,0,False,True
buildup_apr,0142_006,IRAN,nuclear_program,0,False,False
buildup_apr,0142_006,IRAN,diplomacy,1,False,False
buildup_apr,0142_006,USA,nuclear_program,24,False,False
buildup_apr,0142_006,USA,diplomacy,30,False,False
buildup_apr,0142_006,OMAN,nuclear_program,16,False,False
buildup_apr,0142_006,OMAN,diplomacy,22,False,False
buildup_apr,0142_008,IAEA,nuclear_program,0,False,False
buildup_apr,0142_008,IRAN,nuclear_program,2,False,False
buildup_mar,0143_004,USA,nuclear_program,17,False,False
buildup_mar,0143_004,USA,diplomacy,5,False,False
buildup_mar,0143_004,EU,nuclear_program,8,False,False
buildup_mar,0143_004,EU,diplomacy,2,False,False
buildup_mar,0143_004,ARAGHCHI,nuclear_program,6,False,False
buildup_mar,0143_004,ARAGHCHI,diplomacy,4,False,False
buildup_mar,0143_004,IAEA,nuclear_program,0,False,False
buildup_mar,0143_004,IAEA,diplomacy,11,False,False
buildup_mar,0143_004,GROSSI,nuclear_program,3,False,False
buildup_mar,0143_004,GROSSI,diplomacy,15,False,False
buildup_mar,0143_005,USA,diplomacy,21,False,False
buildup_mar,0143_005,IRAN,diplomacy,11,False,False
buildup_mar,0143_009,ARAGHCHI,diplomacy,4,False,False
buildup_mar,0143_010,USA,diplomacy,3,False,False
buildup_mar,0143_011,IRAN,nuclear_program,0,False,False
buildup_mar,0143_011,ARAGHCHI,nuclear_program,1,False,False
buildup_apr,0144_018,IRAN,nuclear_program,0,False,True
buildup_apr,0144_018,IRAN,diplomacy,13,False,True
buildup_apr,0144_018,EU,nuclear_program,18,False,True
buildup_apr,0144_018,EU,diplomacy,6,False,True
buildup_apr,0144_019,USA,diplomacy,4,True,True
buildup_apr,0144_019,TRUMP,diplomacy,7,False,True
buildup_apr,0144_019,IRAN,diplomacy,1,False,True
buildup_apr,0144_020,IRAN,diplomacy,4,False,True
buildup_apr,0144_021,IRAN,diplomacy,2,True,True
buildup_may,0145_001,IRAN,nuclear_program,1,False,True
buildup_may,0145_003,IRAN,diplomacy,1,False,False
buildup_may,0145_003,USA,diplomacy,4,False,False
buildup_may,0145_003,ARAGHCHI,diplomacy,5,False,False
buildup_may,0145_004,ARAGHCHI,diplomacy,7,True,True
buildup_may,0145_004,IRAN,diplomacy,4,False,True
buildup_may,0145_007,IRAN,nuclear_program,0,False,False
buildup_may,0145_007,IRAN,diplomacy,1,False,False
buildup_may,0145_007,USA,nuclear_program,21,False,False
buildup_may,0145_007,USA,diplomacy,27,False,False
buildup_may,0145_007,OMAN,nuclear_program,9,False,False
buildup_may,0145_007,OMAN,diplomacy,15,False,False
buildup_may,0146_000,IRAN,diplomacy,14,False,False
buildup_may,0146_000,USA,diplomacy,2,False,False
buildup_may,0146_001,IRAN,nuclear_program,1,True,True
buildup_may,0146_006,OMAN,nuclear_program,20,False,True
buildup_may,0146_006,IRAN,nuclear_program,0,False,True
buildup_may,0146_006,USA,nuclear_program,6,False,True
buildup_may,0146_008,IRAN,nuclear_program,0,False,False
buildup_may,0146_008,IRAN,diplomacy,1,False,False
buildup_may,0146_008,USA,nuclear_program,21,False,False
buildup_may,0146_008,USA,diplomacy,27,False,False
buildup_may,0146_008,OMAN,nuclear_program,9,False,False
buildup_may,0146_008,OMAN,diplomacy,15,False,False
buildup_may,0146_009,IRAN,diplomacy,5,False,False
buildup_apr,0147_002,IRAN,deterrence,1,False,False
buildup_apr,0147_002,IRAN,diplomacy,11,False,False
buildup_apr,0147_006,IRAN,nuclear_program,0,False,False
buildup_apr,0147_006,IRAN,diplomacy,9,False,False
buildup_apr,0147_006,USA,nuclear_program,12,False,False
buildup_apr,0147_006,USA,diplomacy,2,False,False
buildup_apr,0148_000,IRAN,deterrence,5,False,False
buildup_apr,0148_000,IRAN,diplomacy,10,False,False
buildup_apr,0148_000,USA,deterrence,6,False,False
buildup_apr,0148_000,USA,diplomacy,2,False,False
buildup_apr,0148_001,IRAN,nuclear_program,1,True,True
buildup_apr,0148_001,IRAN,deterrence,1,True,True
buildup_apr,0148_001,IRAN,diplomacy,5,True,True
buildup_apr,0148_001,USA,nuclear_program,25,False,True
buildup_apr,0148_001,USA,deterrence,13,False,True
buildup_apr,0148_001,USA,diplomacy,17,False,True
buildup_apr,0148_004,IRAN,deterrence,7,True,True
buildup_apr,0148_006,OMAN,nuclear_program,15,False,False
buildup_apr,0148_006,OMAN,diplomacy,21,False,False
buildup_apr,0148_006,IRAN,nuclear_program,0,False,False
buildup_apr,0148_006,IRAN,diplomacy,1,False,False
buildup_apr,0148_008,IRAN,nuclear_program,1,False,False
buildup_apr,0148_008,IRAN,deterrence,1,False,False
buildup_may,0149_002,ARAGHCHI,nuclear_program,16,False,True
buildup_may,0149_002,USA,nuclear_program,12,False,True
buildup_may,0149_002,WITKOFF,nuclear_program,3,False,True
buildup_may,0149_002,IRAN,nuclear_program,1,False,True
buildup_may,0149_004,IRAN,diplomacy,1,False,False
buildup_may,0149_004,USA,diplomacy,4,False,False
buildup_may,0149_005,GAZA,diplomacy,1,False,False
buildup_may,0149_007,ISRAEL,military_action,0,False,False
buildup_may,0149_007,GAZA,military_action,1,False,False
buildup_may,0149_007,SYRIA,military_action,13,False,False
buildup_may,0149_007,LEBANON,military_action,15,False,False
buildup_may,0150_000,IRAN,diplomacy,1,False,False
buildup_may,0150_000,USA,diplomacy,4,False,False
buildup_may,0150_002,IRAN,diplomacy,1,False,False
buildup_may,0150_002,ARAGHCHI,diplomacy,13,False,False
buildup_may,0150_002,USA,diplomacy,4,False,False
buildup_may,0150_003,IRAN,nuclear_program,0,False,False
buildup_may,0150_003,IRAN,diplomacy,1,False,False
buildup_may,0150_003,USA,nuclear_program,21,False,False
buildup_may,0150_003,USA,diplomacy,27,False,False
buildup_may,0150_003,OMAN,nuclear_program,9,False,False
buildup_may,0150_003,OMAN,diplomacy,15,False,False
buildup_apr,0151_001,IRAN,diplomacy,6,True,True
buildup_apr,0151_002,IRAN,nuclear_program,0,False,True
buildup_apr,0151_002,OMAN,nuclear_program,34,False,True
buildup_apr,0151_002,ARAGHCHI,nuclear_program,60,False,True
buildup_apr,0151_002,USA,nuclear_program,26,False,True
buildup_apr,0151_002,WITKOFF,nuclear_program,68,False,True
buildup_may,0152_001,ARAGHCHI,nuclear_program,14,False,False
buildup_may,0152_001,IAEA,nuclear_program,0,False,False
buildup_may,0152_001,GROSSI,nuclear_program,0,False,False
buildup_may,0152_001,IRAN,nuclear_program,5,False,False
buildup_may,0152_003,IRAN,diplomacy,8,False,False
buildup_may,0152_003,USA,diplomacy,6,False,False
buildup_may,0152_004,IRAN,nuclear_program,5,True,True
buildup_may,0152_004,IAEA,nuclear_program,0,False,True
buildup_may,0152_004,ARAGHCHI,nuclear_program,2,False,True
buildup_may,0152_004,GROSSI,nuclear_program,1,False,True
buildup_may,0153_000,IRAN,diplomacy,10,False,False
buildup_may,0153_000,UK,diplomacy,3,False,False
buildup_may,0153_000,EU,diplomacy,0,False,False
buildup_may,0153_000,USA,diplomacy,7,False,False
buildup_may,0153_000,ARAGHCHI,diplomacy,24,False,False
buildup_may,0153_001,UK,nuclear_program,3,False,False
buildup_may,0153_001,UK,diplomacy,4,False,False
buildup_may,0153_001,UK,strike_claims,3,False,False
buildup_may,0153_001,IRAN,nuclear_program,1,False,False
buildup_may,0153_001,IRAN,diplomacy,11,False,False
buildup_may,0153_001,IRAN,strike_claims,1,False,False
buildup_may,0153_002,IRAN,nuclear_program,5,False,True
buildup_may,0153_003,IRAN,nuclear_program,8,False,False
buildup_may,0153_003,USA,nuclear_program,2,False,False
buildup_may,0153_004,UK,nuclear_program,6,False,False
buildup_may,0153_004,IRAN,nuclear_program,1,False,False
buildup_may,0154_000,IRAN,diplomacy,0,False,True
buildup_may,0154_000,USA,diplomacy,6,False,True
buildup_may,0154_001,IRAN,diplomacy,6,True,True
buildup_may,0154_003,IRAN,diplomacy,10,False,False
buildup_may,0154_003,USA,diplomacy,7,False,False
buildup_may,0154_004,IRAN,nuclear_program,0,False,False
buildup_may,0154_004,IRAN,diplomacy,1,False,False
buildup_may,0154_004,USA,nuclear_program,20,False,False
buildup_may,0154_004,USA,diplomacy,26,False,False
buildup_may,0154_004,OMAN,nuclear_program,9,False,False
buildup_may,0154_004,OMAN,diplomacy,15,False,False
buildup_mar,0155_000,IRAN,military_action,6,False,True
buildup_mar,0155_000,IRAN,deterrence,8,False,True
buildup_mar,0155_001,IAEA,nuclear_program,0,False,True
buildup_mar,0155_001,IRAN,nuclear_program,0,True,True
buildup_mar,0155_005,USA,military_action,6,True,True
buildup_mar,0155_005,USA,nuclear_program,2,True,True
buildup_mar,0155_005,USA,deterrence,3,True,True
buildup_mar,0155_005,TRUMP,military_action,0,False,True
buildup_mar,0155_005,TRUMP,nuclear_program,3,False,True
buildup_mar,0155_005,TRUMP,deterrence,0,False,True
buildup_mar,0155_005,IRAN,military_action,1,False,True
buildup_mar,0155_005,IRAN,nuclear_program,0,False,True
buildup_mar,0155_005,IRAN,deterrence,0,False,True
buildup_mar,0155_007,TRUMP,military_action,2,False,False
buildup_mar,0155_007,TRUMP,deterrence,0,False,False
buildup_mar,0155_007,IRAN,military_action,0,False,False
buildup_mar,0155_007,IRAN,deterrence,2,False,False
buildup_apr,0156_001,IRAN,nuclear_program,6,False,True
buildup_apr,0156_001,USA,nuclear_program,22,False,True
buildup_apr,0156_001,ARAGHCHI,nuclear_program,0,False,True
buildup_apr,0156_003,USA,diplomacy,5,False,False
buildup_apr,0156_003,IRAN,diplomacy,19,False,False
buildup_apr,0156_006,ARAGHCHI,deterrence,5,True,True
buildup_may,0157_000,IRAN,diplomacy,1,False,True
buildup_may,0157_000,ARAGHCHI,diplomacy,12,False,True
buildup_may,0157_000,USA,diplomacy,4,False,True
buildup_may,0157_002,ARAGHCHI,diplomacy,2,False,False
buildup_may,0157_002,GAZA,diplomacy,19,False,False
buildup_may,0157_003,ISRAEL,military_action,1,False,False
buildup_may,0157_003,GAZA,military_action,4,False,False
buildup_may,0157_003,LEBANON,military_action,13,False,False
buildup_may,0157_003,SYRIA,military_action,15,False,False
buildup_may,0157_005,IRAN,military_action,8,False,False
buildup_may,0157_005,ISRAEL,military_action,0,False,False
buildup_may,0157_005,GAZA,military_action,1,False,False
buildup_jun1,0158_000,GROSSI,nuclear_program,8,False,False
buildup_jun1,0158_000,IAEA,nuclear_program,0,False,False
buildup_jun1,0158_000,SYRIA,nuclear_program,9,False,False
buildup_jun1,0158_003,GROSSI,diplomacy,13,True,True
buildup_jun1,0158_011,GROSSI,diplomacy,4,True,True
buildup_jun1,0158_011,CHINA,diplomacy,5,False,True
buildup_jun1,0158_011,RUSSIA,diplomacy,6,False,True
buildup_jun1,0158_011,EU,diplomacy,8,False,True
buildup_jun1,0158_013,IAEA,nuclear_program,0,False,False
buildup_jun1,0158_017,IRAN,nuclear_program,0,False,False
buildup_jun1,0158_017,IRAN,diplomacy,1,False,False
buildup_jun1,0158_017,USA,nuclear_program,21,False,False
buildup_jun1,0158_017,USA,diplomacy,27,False,False
buildup_jun1,0158_017,OMAN,nuclear_program,9,False,False
buildup_jun1,0158_017,OMAN,diplomacy,15,False,False
buildup_jun1,0158_018,USA,nuclear_program,4,False,False
buildup_jun1,0158_018,IRAN,nuclear_program,3,False,False
buildup_jun1,0158_018,IAEA,nuclear_program,0,False,False
buildup_jun1,0159_003,ISRAEL,military_action,1,False,False
buildup_jun1,0159_003,IRAN,military_action,3,False,False
buildup_jun1,0159_006,IRAN,military_action,3,False,False
buildup_jun1,0159_006,ISRAEL,military_action,1,False,False
buildup_jun1,0159_006,USA,military_action,21,False,False
buildup_jun1,0160_002,USA,deterrence,12,False,False
buildup_jun1,0160_003,USA,deterrence,7,False,True
buildup_jun1,0160_003,IRAN,deterrence,0,False,True
buildup_jun1,0160_010,USA,military_action,16,False,False
buildup_jun1,0160_010,ISRAEL,military_action,4,False,False
buildup_jun1,0160_010,IRAN,military_action,1,False,False
buildup_jun1,0160_015,IRAN,nuclear_program,10,False,True
buildup_jun1,0160_015,ISRAEL,nuclear_program,1,False,True
buildup_jun1,0160_016,IRAN,nuclear_program,19,False,False
buildup_jun1,0160_017,IRAN,military_action,6,False,True
buildup_jun1,0160_021,ISRAEL,military_action,1,False,True
buildup_jun1,0160_021,ISRAEL,diplomacy,21,False,True
buildup_jun1,0160_021,IRAN,military_action,3,False,True
buildup_jun1,0160_021,IRAN,diplomacy,10,False,True
buildup_jun1,0160_021,USA,military_action,15,False,True
buildup_jun1,0160_021,USA,diplomacy,6,False,True
buildup_jun1,0160_021,TRUMP,military_action,27,False,True
buildup_jun1,0160_021,TRUMP,diplomacy,2,False,True
buildup_jun1,0160_023,TRUMP,military_action,4,False,True
buildup_jun1,0160_023,TRUMP,nuclear_program,16,False,True
buildup_jun1,0160_023,TRUMP,deterrence,2,False,True
buildup_jun1,0160_023,IRAN,military_action,0,False,True
buildup_jun1,0160_023,IRAN,nuclear_program,0,False,True
buildup_jun1,0160_023,IRAN,deterrence,2,False,True
buildup_jun1,0160_024,TRUMP,military_action,6,False,True
buildup_jun1,0160_024,ISRAEL,military_action,1,False,True
buildup_jun1,0160_024,IRAN,military_action,0,False,True
buildup_jun1,0160_025,IRAN,diplomacy,9,False,False
buildup_jun1,0160_025,USA,diplomacy,1,False,False
buildup_jun1,0160_025,OMAN,diplomacy,10,False,False
buildup_jun1,0160_026,IRAN,nuclear_program,0,False,False
buildup_jun1,0160_026,IRAN,diplomacy,1,False,False
buildup_jun1,0160_026,USA,nuclear_program,9,False,False
buildup_jun1,0160_026,USA,diplomacy,6,False,False
buildup_jun1,0160_027,IRAN,military_action,8,False,False
buildup_jun1,0160_027,USA,military_action,6,False,False
buildup_jun1,0160_027,ISRAEL,military_action,5,False,False
buildup_jun1,0161_001,IRAN,nuclear_program,3,False,False
buildup_jun1,0161_002,IRAN,nuclear_program,3,False,False
buildup_jun1,0161_003,IRAN,nuclear_program,2,True,True
buildup_jun1,0161_005,IRAN,nuclear_program,1,True,True
buildup_jun1,0161_005,IAEA,nuclear_program,14,False,True
buildup_jun1,0161_010,IRAN,nuclear_program,0,False,False
buildup_jun1,0161_010,IAEA,nuclear_program,12,False,False
buildup_jun1,0161_010,GROSSI,nuclear_program,8,False,False
buildup_jun1,0161_011,GROSSI,nuclear_program,26,True,True
buildup_jun1,0161_011,IRAN,nuclear_program,0,False,True
buildup_jun1,0161_013,GROSSI,deterrence,6,False,True
buildup_jun1,0161_013,ISRAEL,deterrence,2,False,True
buildup_jun1,0161_013,USA,deterrence,6,False,True
buildup_jun1,0161_013,IRAN,deterrence,0,True,True
buildup_jun1,0161_015,IRAN,nuclear_program,0,True,True
buildup_jun1,0161_017,IRAN,nuclear_program,1,False,True
buildup_jun1,0161_017,IRAN,deterrence,2,False,True
buildup_jun1,0161_017,IRAN,diplomacy,1,False,True
buildup_jun1,0161_019,IRAN,nuclear_program,5,True,True
buildup_jun1,0161_020,IRAN,nuclear_program,0,True,True
buildup_jun1,0161_020,ISRAEL,nuclear_program,6,False,True
buildup_jun1,0161_021,USA,nuclear_program,9,False,False
buildup_jun1,0161_021,USA,deterrence,20,False,False
buildup_jun1,0161_021,ISRAEL,nuclear_program,16,False,False
buildup_jun1,0161_021,ISRAEL,deterrence,6,False,False
buildup_jun1,0161_031,IRAN,nuclear_program,3,False,False
buildup_jun1,0161_032,IRAN,nuclear_program,5,False,False
buildup_jun1,0161_032,IRAN,diplomacy,0,False,False
buildup_jun1,0162_000,IRAN,nuclear_program,2,False,False
buildup_jun1,0162_002,IRAN,nuclear_program,9,True,True
buildup_jun1,0162_002,IRAN,diplomacy,0,True,True
buildup_jun1,0162_002,EU,nuclear_program,38,False,True
buildup_jun1,0162_002,EU,diplomacy,11,False,True
buildup_jun1,0162_004,IRAN,nuclear_program,3,False,False
buildup_jun1,0162_004,IRAN,diplomacy,1,False,False
buildup_jun1,0162_004,USA,nuclear_program,4,False,False
buildup_jun1,0162_004,USA,diplomacy,4,False,False
buildup_jun1,0162_005,IRAN,nuclear_program,2,False,False
buildup_jun1,0162_005,IRAN,diplomacy,4,False,False
buildup_jun1,0162_007,IRAN,nuclear_program,0,False,False
buildup_jun1,0162_007,IRAN,diplomacy,1,False,False
buildup_jun1,0162_007,USA,nuclear_program,21,False,False
buildup_jun1,0162_007,USA,diplomacy,27,False,False
buildup_jun1,0162_007,OMAN,nuclear_program,9,False,False
buildup_jun1,0162_007,OMAN,diplomacy,15,False,False
buildup_jun1,0162_009,IRAN,nuclear_program,5,False,False
buildup_jun1,0162_009,IAEA,nuclear_program,0,False,False
buildup_jun1,0163_001,USA,nuclear_program,4,False,False
buildup_jun1,0163_001,IRAN,nuclear_program,0,False,False
buildup_jun1,0163_003,USA,diplomacy,3,False,False
buildup_jun1,0163_003,IRAN,diplomacy,5,False,False
buildup_jun1,0163_005,IRAN,nuclear_program,1,False,True
buildup_jun1,0163_005,IRAN,diplomacy,0,False,True
buildup_jun1,0163_005,USA,nuclear_program,5,False,True
buildup_jun1,0163_005,USA,diplomacy,2,False,True
buildup_jun1,0163_006,IRAN,nuclear_program,4,False,False
buildup_jun1,0163_006,KHAMENEI,nuclear_program,3,False,False
buildup_jun1,0163_007,KHAMENEI,nuclear_program,8,True,True
buildup_jun1,0163_007,USA,nuclear_program,6,False,True
buildup_jun1,0163_007,IRAN,nuclear_program,3,False,True
buildup_jun1,0163_008,USA,nuclear_program,11,False,True
buildup_jun1,0163_008,TRUMP,nuclear_program,8,False,True
buildup_jun1,0163_008,IRAN,nuclear_program,5,False,True
buildup_jun1,0163_009,USA,nuclear_program,17,False,False
buildup_jun1,0163_009,TRUMP,nuclear_program,9,False,False
buildup_jun1,0163_009,IRAN,nuclear_program,1,False,False
buildup_jun1,0163_010,IRAN,diplomacy,20,False,False
buildup_jun1,0163_010,USA,diplomacy,16,False,False
buildup_jun1,0163_011,USA,nuclear_program,6,False,False
buildup_jun1,0163_011,IRAN,nuclear_program,3,False,False
buildup_jun1,0164_001,USA,nuclear_program,4,False,False
buildup_jun1,0164_001,IRAN,nuclear_program,0,False,False
buildup_jun1,0164_003,USA,diplomacy,3,False,False
buildup_jun1,0164_003,IRAN,diplomacy,5,False,False
buildup_jun1,0164_005,IRAN,nuclear_program,1,False,True
buildup_jun1,0164_005,IRAN,diplomacy,0,False,True
buildup_jun1,0164_005,USA,nuclear_program,5,False,True
buildup_jun1,0164_005,USA,diplomacy,2,False,True
buildup_jun1,0164_006,IRAN,nuclear_program,4,False,False
buildup_jun1,0164_006,KHAMENEI,nuclear_program,3,False,False
buildup_jun1,0164_007,KHAMENEI,nuclear_program,8,True,True
buildup_jun1,0164_007,USA,nuclear_program,6,False,True
buildup_jun1,0164_007,IRAN,nuclear_program,3,False,True
buildup_jun1,0164_008,USA,nuclear_program,11,False,True
buildup_jun1,0164_008,TRUMP,nuclear_program,8,False,True
buildup_jun1,0164_008,IRAN,nuclear_program,5,False,True
buildup_jun1,0164_009,USA,nuclear_program,17,False,False
buildup_jun1,0164_009,TRUMP,nuclear_program,9,False,False
buildup_jun1,0164_009,IRAN,nuclear_program,1,False,False
buildup_jun1,0164_010,IRAN,diplomacy,20,False,False
buildup_jun1,0164_010,USA,diplomacy,16,False,False
buildup_jun1,0164_011,USA,nuclear_program,6,False,False
buildup_jun1,0164_011,IRAN,nuclear_program,3,False,False
buildup_jun1,0165_001,IRAN,nuclear_program,0,False,True
buildup_jun1,0165_001,IRAN,diplomacy,1,False,True
buildup_jun1,0165_001,ARAGHCHI,nuclear_program,0,False,True
buildup_jun1,0165_001,ARAGHCHI,diplomacy,4,False,True
buildup_jun1,0165_002,ARAGHCHI,nuclear_program,21,True,True
buildup_jun1,0165_002,ARAGHCHI,diplomacy,28,True,True
buildup_jun1,0165_002,USA,nuclear_program,11,False,True
buildup_jun1,0165_002,USA,diplomacy,4,False,True
buildup_jun1,0165_002,IRAN,nuclear_program,2,False,True
buildup_jun1,0165_002,IRAN,diplomacy,1,False,True
buildup_jun1,0165_003,ARAGHCHI,nuclear_program,11,False,False
buildup_jun1,0165_003,ARAGHCHI,strike_claims,6,False,False
buildup_jun1,0165_003,IRAN,nuclear_program,4,False,False
buildup_jun1,0165_003,IRAN,strike_claims,9,False,False
buildup_jun1,0165_004,IRAN,nuclear_program,3,False,False
buildup_jun1,0165_004,ARAGHCHI,nuclear_program,0,False,False
buildup_jun1,0165_005,ARAGHCHI,nuclear_program,17,True,True
buildup_jun1,0165_006,IRAN,diplomacy,1,False,False
buildup_jun1,0165_006,USA,diplomacy,4,False,False
buildup_jun1,0165_008,IRAN,nuclear_program,0,False,False
buildup_jun1,0165_008,IRAN,diplomacy,1,False,False
buildup_jun1,0165_008,USA,nuclear_program,21,False,False
buildup_jun1,0165_008,USA,diplomacy,27,False,False
buildup_jun1,0165_008,OMAN,nuclear_program,9,False,False
buildup_jun1,0165_008,OMAN,diplomacy,15,False,False
buildup_jun1,0165_011,IRAN,nuclear_program,8,False,False
climax_w1,0166_001,ISRAEL,military_action,4,False,False
climax_w1,0166_001,IRAN,military_action,4,False,False
climax_w1,0166_002,IRAN,military_action,17,False,False
climax_w1,0166_006,IRAN,military_action,19,False,False
climax_w1,0166_008,ISRAEL,military_action,13,False,False
climax_w1,0166_008,IRAN,military_action,1,False,False
climax_w1,0166_011,USA,military_action,5,False,False
climax_w1,0166_011,ISRAEL,military_action,3,False,False
climax_w1,0166_011,IRAN,military_action,1,False,False
climax_w1,0166_012,USA,military_action,7,False,True
climax_w1,0166_012,ISRAEL,military_action,3,False,True
climax_w1,0166_012,IRAN,military_action,0,False,True
climax_w1,0166_014,IRAN,nuclear_program,0,False,False
climax_w1,0166_017,ISRAEL,military_action,0,False,False
climax_w1,0166_017,IRAN,military_action,0,False,False
buildup_jun1,0167_000,ARAGHCHI,military_action,26,False,False
buildup_jun1,0167_000,IRAN,military_action,14,False,False
buildup_jun1,0167_001,IRAN,military_action,13,False,False
buildup_jun1,0167_001,IRAN,nuclear_program,0,False,False
buildup_jun1,0167_001,LEBANON,military_action,4,False,False
buildup_jun1,0167_001,LEBANON,nuclear_program,16,False,False
buildup_jun1,0167_002,ARAGHCHI,military_action,1,True,True
buildup_jun1,0167_003,IRAN,military_action,2,True,True
buildup_jun1,0167_004,USA,strike_claims,11,False,False
buildup_jun1,0167_004,TRUMP,strike_claims,6,False,False
buildup_jun1,0167_004,IRAN,strike_claims,1,False,False
buildup_jun1,0167_009,ISRAEL,deterrence,2,False,False
buildup_jun1,0167_009,ARAGHCHI,deterrence,4,False,False
buildup_jun1,0167_013,ARAGHCHI,nuclear_program,11,True,True
buildup_jun1,0167_013,TRUMP,nuclear_program,3,False,True
buildup_jun1,0167_013,USA,nuclear_program,6,False,True
buildup_jun1,0167_013,WITKOFF,nuclear_program,11,False,True
buildup_jun1,0167_014,IRAN,nuclear_program,2,False,True
buildup_jun1,0167_024,IRAN,nuclear_program,0,False,False
buildup_jun1,0168_006,IRAN,nuclear_program,6,False,True
buildup_jun1,0168_012,IAEA,diplomacy,17,False,False
buildup_jun1,0168_012,IRAN,diplomacy,4,False,False
buildup_jun1,0168_014,ISRAEL,nuclear_program,18,False,False
buildup_jun1,0168_014,ISRAEL,strike_claims,15,False,False
buildup_jun1,0168_017,IRAN,nuclear_program,0,False,False
buildup_jun1,0168_017,IRAN,diplomacy,5,False,False
buildup_jun1,0168_017,USA,nuclear_program,9,False,False
buildup_jun1,0168_017,USA,diplomacy,5,False,False
buildup_jun1,0168_019,IAEA,nuclear_program,19,False,False
buildup_jun1,0168_019,IAEA,diplomacy,9,False,False
buildup_jun1,0168_019,IRAN,nuclear_program,0,False,False
buildup_jun1,0168_019,IRAN,diplomacy,5,False,False
buildup_jun1,0168_019,USA,nuclear_program,12,False,False
buildup_jun1,0168_019,USA,diplomacy,2,False,False
buildup_jun1,0168_020,IRAN,nuclear_program,2,False,False
buildup_jun1,0168_020,IAEA,nuclear_program,6,False,False
climax_w1,0169_001,IRAN,military_action,7,False,False
climax_w1,0169_001,IRAN,deterrence,11,False,False
climax_w1,0169_001,ISRAEL,military_action,14,False,False
climax_w1,0169_001,ISRAEL,deterrence,18,False,False
climax_w1,0169_002,ISRAEL,military_action,3,False,False
climax_w1,0169_002,ISRAEL,nuclear_program,11,False,False
climax_w1,0169_002,IRAN,military_action,3,False,False
climax_w1,0169_002,IRAN,nuclear_program,3,False,False
climax_w1,0169_007,ISRAEL,military_action,13,False,False
climax_w1,0169_007,IRAN,military_action,1,False,False
climax_w1,0169_010,ISRAEL,military_action,1,False,False
climax_w1,0169_010,ISRAEL,deterrence,8,False,False
climax_w1,0169_010,IRAN,military_action,7,False,False
climax_w1,0169_010,IRAN,deterrence,14,False,False
climax_w1,0169_011,IRAN,military_action,7,False,False
climax_w1,0169_018,ISRAEL,military_action,5,False,False
climax_w1,0169_018,IRAN,military_action,1,False,False
climax_w1,0169_022,IRAN,military_action,12,False,False
climax_w1,0169_027,KHAMENEI,military_action,8,False,False
climax_w1,0169_032,USA,military_action,0,False,True
climax_w1,0169_032,ISRAEL,military_action,0,False,True
climax_w1,0169_032,IRAN,military_action,0,False,True
climax_w1,0169_037,IRAN,military_action,4,False,False
climax_w1,0169_037,IRAN,nuclear_program,0,False,False
climax_w1,0169_041,IRAN,military_action,3,False,False
climax_w1,0169_041,ISRAEL,military_action,2,False,False
climax_w1,0169_042,IRAN,military_action,2,False,False
climax_w1,0170_003,ARAGHCHI,military_action,13,True,True
climax_w1,0170_003,ARAGHCHI,strike_claims,43,True,True
climax_w1,0170_003,ISRAEL,military_action,9,False,True
climax_w1,0170_003,ISRAEL,strike_claims,39,False,True
climax_w1,0170_004,ARAGHCHI,nuclear_program,8,False,False
climax_w1,0170_004,IRAN,nuclear_program,2,False,False
climax_w1,0170_004,IAEA,nuclear_program,15,False,False
climax_w1,0170_005,IRAN,military_action,2,False,False
climax_w1,0170_005,IRAN,nuclear_program,0,False,False
climax_w1,0170_005,UN_SECURITY_COUNCIL,military_action,4,False,False
climax_w1,0170_005,UN_SECURITY_COUNCIL,nuclear_program,8,False,False
climax_w1,0170_005,ISRAEL,military_action,1,False,False
climax_w1,0170_005,ISRAEL,nuclear_program,5,False,False
climax_w1,0170_006,IRAN,military_action,8,False,True
climax_w1,0170_006,ISRAEL,military_action,1,False,True
climax_w1,0170_007,IRAN,military_action,10,False,False
climax_w1,0170_007,ISRAEL,military_action,0,False,False
climax_w1,0170_009,IRAN,military_action,3,False,False
climax_w1,0170_011,ISRAEL,military_action,12,False,False
climax_w1,0170_011,ISRAEL,strike_claims,7,False,False
climax_w1,0170_011,IRAN,military_action,0,False,False
climax_w1,0170_011,IRAN,strike_claims,3,False,False
climax_w1,0170_012,IRAN,strike_claims,1,False,False
climax_w1,0170_015,ISRAEL,military_action,1,False,False
climax_w1,0170_015,ISRAEL,strike_claims,6,False,False
climax_w1,0170_015,IRAN,military_action,1,False,False
climax_w1,0170_015,IRAN,strike_claims,2,False,False
climax_w1,0170_017,IRAN,strike_claims,0,False,False
climax_w1,0170_019,ISRAEL,military_action,0,False,False
climax_w1,0170_019,ARAGHCHI,military_action,1,False,False
climax_w1,0170_019,IRAN,military_action,7,False,False
buildup_jun1,0171_001,IRAN,diplomacy,16,False,False
buildup_jun1,0171_001,IRAN,strike_claims,18,False,False
buildup_jun1,0171_001,IAEA,diplomacy,8,False,False
buildup_jun1,0171_001,IAEA,strike_claims,16,False,False
buildup_jun1,0171_001,EU,diplomacy,4,False,False
buildup_jun1,0171_001,EU,strike_claims,12,False,False
buildup_jun1,0171_001,UK,diplomacy,0,False,False
buildup_jun1,0171_001,UK,strike_claims,5,False,False
buildup_jun1,0171_001,FRANCE,diplomacy,1,False,False
buildup_jun1,0171_001,FRANCE,strike_claims,4,False,False
buildup_jun1,0171_001,GERMANY,diplomacy,3,False,False
buildup_jun1,0171_001,GERMANY,strike_claims,2,False,False
buildup_jun1,0171_003,IAEA,nuclear_program,11,False,False
buildup_jun1,0171_003,IAEA,diplomacy,37,False,False
buildup_jun1,0171_003,GROSSI,nuclear_program,7,False,False
buildup_jun1,0171_003,GROSSI,diplomacy,33,False,False
buildup_jun1,0171_003,IRAN,nuclear_program,5,False,False
buildup_jun1,0171_003,IRAN,diplomacy,10,False,False
buildup_jun1,0171_007,IRAN,diplomacy,10,True,True
buildup_jun1,0171_008,GROSSI,nuclear_program,8,False,False
buildup_jun1,0171_008,IRAN,nuclear_program,4,False,False
buildup_jun1,0171_008,IAEA,nuclear_program,8,False,False
buildup_jun1,0171_010,IRAN,nuclear_program,15,False,False
buildup_jun1,0171_013,IRAN,nuclear_program,11,False,False
buildup_jun1,0171_015,IRAN,diplomacy,4,True,True
buildup_jun1,0171_016,IRAN,diplomacy,4,False,False
buildup_jun1,0171_016,USA,diplomacy,4,False,False
buildup_jun1,0171_017,IRAN,diplomacy,33,False,False
buildup_jun1,0171_017,USA,diplomacy,39,False,False
buildup_jun1,0171_018,UK,diplomacy,8,False,False
buildup_jun1,0171_018,FRANCE,diplomacy,7,False,False
buildup_jun1,0171_018,GERMANY,diplomacy,5,False,False
buildup_jun1,0171_018,IRAN,diplomacy,0,False,False
buildup_jun1,0171_019,IRAN,diplomacy,0,False,False
buildup_jun1,0172_003,ARAGHCHI,nuclear_program,29,False,False
buildup_jun1,0172_003,IRAN,nuclear_program,0,False,False
buildup_jun1,0172_005,IRAN,diplomacy,1,False,False
buildup_jun1,0172_005,USA,diplomacy,3,False,False
buildup_jun1,0172_006,IRAN,nuclear_program,10,False,True
buildup_jun1,0172_006,IRAN,strike_claims,2,False,True
buildup_jun1,0172_006,ARAGHCHI,nuclear_program,28,False,True
buildup_jun1,0172_006,ARAGHCHI,strike_claims,15,False,True
buildup_jun1,0172_007,ARAGHCHI,nuclear_program,13,True,True
buildup_jun1,0172_007,IRAN,nuclear_program,9,False,True
buildup_jun1,0172_010,IRAN,nuclear_program,0,False,False
buildup_jun1,0172_010,USA,nuclear_program,8,False,False
climax_w1,0173_001,ISRAEL,military_action,1,False,False
climax_w1,0173_001,ISRAEL,nuclear_program,15,False,False
climax_w1,0173_001,IRAN,military_action,1,False,False
climax_w1,0173_001,IRAN,nuclear_program,20,False,False
climax_w1,0173_003,ISRAEL,military_action,0,False,False
climax_w1,0173_003,ISRAEL,nuclear_program,15,False,False
climax_w1,0173_008,ISRAEL,military_action,1,False,False
climax_w1,0173_008,IRAN,military_action,6,False,False
climax_w1,0173_009,IRAN,military_action,7,False,False
climax_w1,0173_010,KHAMENEI,military_action,16,False,True
climax_w1,0173_010,KHAMENEI,nuclear_program,43,False,True
climax_w1,0173_010,ISRAEL,military_action,5,True,True
climax_w1,0173_010,ISRAEL,nuclear_program,6,True,True
climax_w1,0173_010,IRAN,military_action,24,False,True
climax_w1,0173_010,IRAN,nuclear_program,1,False,True
buildup_jun1,0174_000,ARAGHCHI,nuclear_program,9,False,True
buildup_jun1,0174_000,IRAN,nuclear_program,5,False,True
buildup_jun1,0174_002,ARAGHCHI,nuclear_program,8,True,True
buildup_jun1,0174_002,ARAGHCHI,diplomacy,14,True,True
buildup_jun1,0174_002,IRAN,nuclear_program,0,True,True
buildup_jun1,0174_002,IRAN,diplomacy,6,True,True
buildup_jun1,0174_005,ARAGHCHI,diplomacy,16,True,True
buildup_jun1,0174_005,IRAN,diplomacy,13,False,True
buildup_jun1,0174_007,ARAGHCHI,diplomacy,10,True,True
buildup_jun1,0174_007,IRAN,diplomacy,1,False,True
buildup_jun1,0174_007,USA,diplomacy,3,False,True
buildup_jun1,0174_007,OMAN,diplomacy,6,False,True
buildup_jun1,0174_010,ARAGHCHI,diplomacy,30,True,True
buildup_jun1,0174_010,IRAN,diplomacy,1,False,True
buildup_jun1,0174_013,ARAGHCHI,nuclear_program,18,False,True
buildup_jun1,0174_013,IRAN,nuclear_program,1,True,True
buildup_jun1,0174_015,ARAGHCHI,nuclear_program,4,False,False
buildup_jun1,0175_003,PEZESHKIAN,nuclear_program,32,True,True
buildup_jun1,0175_003,PEZESHKIAN,strike_claims,54,True,True
buildup_jun1,0175_003,IRAN,nuclear_program,0,True,True
buildup_jun1,0175_003,IRAN,strike_claims,9,True,True
buildup_jun1,0175_003,USA,nuclear_program,21,False,True
buildup_jun1,0175_003,USA,strike_claims,43,False,True
buildup_jun1,0175_005,PEZESHKIAN,nuclear_program,15,True,True
buildup_jun1,0175_005,IRAN,nuclear_program,0,False,True
buildup_jun1,0175_011,IRAN,nuclear_program,1,True,True
buildup_jun1,0176_000,IRAN,nuclear_program,1,False,False
buildup_jun1,0176_001,IRAN,nuclear_program,10,True,True
buildup_jun1,0176_004,IRAN,nuclear_program,1,False,False
buildup_jun1,0176_006,USA,diplomacy,13,False,False
buildup_jun1,0176_006,WITKOFF,diplomacy,10,False,False
buildup_jun1,0176_006,IRAN,diplomacy,7,False,False
buildup_jun1,0176_007,USA,nuclear_program,9,False,False
buildup_jun1,0176_007,OMAN,nuclear_program,14,False,False
buildup_jun1,0176_007,IAEA,nuclear_program,7,False,False
buildup_jun1,0176_008,IRAN,nuclear_program,0,False,False
buildup_jun1,0176_008,IRAN,diplomacy,1,False,False
buildup_jun1,0176_008,USA,nuclear_program,21,False,False
buildup_jun1,0176_008,USA,diplomacy,27,False,False
buildup_jun1,0176_008,OMAN,nuclear_program,9,False,False
buildup_jun1,0176_008,OMAN,diplomacy,15,False,False
buildup_jun1,0176_009,IRAN,nuclear_program,1,False,False
buildup_jun1,0177_001,USA,diplomacy,5,False,True
buildup_jun1,0177_001,ISRAEL,diplomacy,13,False,True
buildup_jun1,0177_001,NETANYAHU,diplomacy,9,False,True
buildup_jun1,0177_001,IRAN,diplomacy,1,False,True
buildup_jun1,0177_003,USA,nuclear_program,8,False,False
buildup_jun1,0177_003,TRUMP,nuclear_program,5,False,False
buildup_jun1,0177_003,IRAN,nuclear_program,4,False,False
buildup_jun1,0177_004,IRAN,nuclear_program,1,False,True
buildup_jun1,0177_004,USA,nuclear_program,12,False,True
buildup_jun1,0177_004,ISRAEL,nuclear_program,19,False,True
buildup_jun1,0177_008,USA,diplomacy,2,True,True
buildup_jun1,0177_008,IRAN,diplomacy,1,False,True
buildup_jun1,0177_009,USA,nuclear_program,1,True,True
buildup_jun1,0177_009,USA,diplomacy,7,True,True
buildup_jun1,0177_009,IRAN,nuclear_program,3,False,True
buildup_jun1,0177_009,IRAN,diplomacy,15,False,True
buildup_jun1,0177_012,IRAN,nuclear_program,13,False,False
buildup_jun1,0177_012,IRAN,diplomacy,1,False,False
buildup_jun1,0177_012,USA,nuclear_program,15,False,False
buildup_jun1,0177_012,USA,diplomacy,3,False,False
buildup_jun1,0177_014,IRAN,nuclear_program,3,False,True
buildup_jun1,0177_014,IRAN,diplomacy,2,False,True
buildup_jun1,0177_015,USA,diplomacy,3,True,True
buildup_jun1,0177_015,IRAN,diplomacy,1,False,True
buildup_jun1,0177_015,ISRAEL,diplomacy,6,False,True
climax_w1,0178_001,PEZESHKIAN,military_action,8,False,False
climax_w1,0178_001,PEZESHKIAN,strike_claims,16,False,False
climax_w1,0178_001,ISRAEL,military_action,1,False,False
climax_w1,0178_001,ISRAEL,strike_claims,9,False,False
climax_w1,0178_001,IRAN,military_action,1,False,False
climax_w1,0178_001,IRAN,strike_claims,5,False,False
climax_w1,0178_005,IRAN,nuclear_program,0,False,False
climax_w1,0178_006,PUTIN,military_action,3,False,False
climax_w1,0178_006,ISRAEL,military_action,2,False,False
climax_w1,0178_006,IRAN,military_action,5,False,False
climax_w1,0178_008,PUTIN,strike_claims,8,True,True
climax_w1,0178_008,RUSSIA,strike_claims,4,False,True
climax_w1,0178_011,PEZESHKIAN,military_action,4,False,False
climax_w1,0178_011,PEZESHKIAN,strike_claims,12,False,False
climax_w1,0178_011,ISRAEL,military_action,1,False,False
climax_w1,0178_011,ISRAEL,strike_claims,9,False,False
climax_w1,0178_011,IRAN,military_action,1,False,False
climax_w1,0178_011,IRAN,strike_claims,5,False,False
buildup_jun1,0179_001,IRAN,nuclear_program,7,False,True
buildup_jun1,0179_001,IRAN,diplomacy,16,False,True
buildup_jun1,0179_001,EU,nuclear_program,3,False,True
buildup_jun1,0179_001,EU,diplomacy,4,False,True
buildup_jun1,0179_012,IRAN,diplomacy,10,False,True
buildup_jun1,0179_012,USA,diplomacy,31,False,True
buildup_jun1,0179_019,GERMANY,diplomacy,23,False,False
buildup_jun1,0179_019,UK,diplomacy,19,False,False
buildup_jun1,0179_019,UN_SECURITY_COUNCIL,diplomacy,10,False,False
buildup_jun1,0179_023,IRAN,nuclear_program,0,False,False
buildup_jun1,0179_023,IRAN,diplomacy,5,False,False
buildup_jun1,0179_025,IRAN,diplomacy,21,False,True
buildup_jun1,0179_026,IRAN,diplomacy,3,False,True
buildup_jun1,0179_027,IRAN,diplomacy,3,False,True
buildup_jun1,0179_027,USA,diplomacy,8,False,True
buildup_jun1,0179_028,IRAN,diplomacy,20,False,False
buildup_jun1,0179_028,USA,diplomacy,5,False,False
buildup_jun1,0179_028,EU,diplomacy,3,False,False
buildup_jun1,0179_031,IAEA,nuclear_program,0,False,False
buildup_jun1,0179_032,IRAN,nuclear_program,0,False,False
buildup_jun1,0179_032,IAEA,nuclear_program,21,False,False
buildup_jun1,0179_033,IAEA,nuclear_program,0,False,False
buildup_jun1,0179_035,IAEA,nuclear_program,5,False,False
buildup_jun1,0179_036,IRAN,nuclear_program,5,False,True
buildup_jun1,0179_037,IAEA,nuclear_program,0,False,False
buildup_jun1,0179_039,IRAN,nuclear_program,17,False,False
buildup_jun1,0179_039,IAEA,nuclear_program,0,False,False
buildup_jun1,0179_040,IAEA,nuclear_program,0,True,True
buildup_jun1,0179_040,IRAN,nuclear_program,20,False,True
buildup_jun1,0179_043,IRAN,diplomacy,2,False,True
buildup_jun1,0179_044,IRAN,nuclear_program,19,False,False
buildup_jun1,0179_044,IAEA,nuclear_program,0,False,False
buildup_jun1,0179_047,IRAN,diplomacy,7,False,False
buildup_jun1,0179_048,USA,diplomacy,6,False,False
buildup_jun1,0179_050,USA,diplomacy,33,False,False
buildup_jun1,0179_059,IRAN,nuclear_program,4,False,False
buildup_jun1,0179_060,IRAN,strike_claims,26,False,False
buildup_jun1,0179_063,IRAN,diplomacy,5,False,False
buildup_jun1,0179_065,IRAN,deterrence,10,False,False
buildup_jun1,0179_065,IRAN,diplomacy,25,False,False
buildup_jun1,0179_065,USA,deterrence,22,False,False
buildup_jun1,0179_065,USA,diplomacy,37,False,False
buildup_jun1,0179_066,IRAN,diplomacy,7,False,False
buildup_jun1,0179_068,IRAN,deterrence,14,False,False
buildup_jun1,0179_068,USA,deterrence,9,False,False
buildup_jun1,0179_070,IRAN,nuclear_program,41,False,False
buildup_jun1,0179_070,IRAN,deterrence,8,False,False
buildup_jun1,0179_070,IRAN,strike_claims,18,False,False
buildup_jun1,0179_070,IAEA,nuclear_program,0,False,False
buildup_jun1,0179_070,IAEA,deterrence,50,False,False
buildup_jun1,0179_070,IAEA,strike_claims,21,False,False
buildup_jun1,0179_071,UN_SECURITY_COUNCIL,deterrence,30,False,False
buildup_jun1,0179_084,USA,diplomacy,1,False,False
buildup_jun1,0179_084,IRAN,diplomacy,6,False,False
buildup_jun1,0179_086,IRAN,nuclear_program,0,False,True
buildup_jun1,0179_086,IRAN,diplomacy,5,False,True
buildup_jun1,0179_086,IRAN,strike_claims,5,False,True
buildup_jun1,0179_089,IRAN,nuclear_program,5,False,True
buildup_jun1,0179_089,IRAN,deterrence,3,False,True
buildup_jun1,0179_089,IRAN,diplomacy,6,False,True
buildup_jun1,0179_089,EU,nuclear_program,3,False,True
buildup_jun1,0179_089,EU,deterrence,13,False,True
buildup_jun1,0179_089,EU,diplomacy,5,False,True
buildup_jun1,0180_004,ISRAEL,nuclear_program,0,False,False
buildup_jun1,0180_004,USA,nuclear_program,5,False,False
buildup_jun1,0180_010,ISRAEL,nuclear_program,2,True,True
buildup_jun1,0180_011,ISRAEL,nuclear_program,1,True,True
buildup_jun1,0180_011,FRANCE,nuclear_program,6,False,True
buildup_jun1,0180_011,USA,nuclear_program,8,False,True
buildup_jun1,0180_012,ISRAEL,nuclear_program,15,False,False
buildup_jun1,0180_012,IAEA,nuclear_program,0,False,False
buildup_jun1,0181_000,USA,nuclear_program,8,False,False
buildup_jun1,0181_000,UK,nuclear_program,5,False,False
buildup_jun1,0181_000,FRANCE,nuclear_program,4,False,False
buildup_jun1,0181_000,GERMANY,nuclear_program,2,False,False
buildup_jun1,0181_002,IRAN,nuclear_program,7,False,True
buildup_jun1,0181_002,IAEA,nuclear_program,0,False,True
buildup_jun1,0181_003,IRAN,nuclear_program,6,False,False
buildup_jun1,0181_003,IAEA,nuclear_program,0,False,False
buildup_jun1,0181_004,IAEA,nuclear_program,0,False,True
buildup_jun1,0181_004,IRAN,nuclear_program,2,True,True
buildup_jun1,0181_006,IRAN,nuclear_program,10,False,False
buildup_jun1,0181_006,IAEA,nuclear_program,0,False,False
buildup_jun1,0181_007,IRAN,nuclear_program,9,False,False
buildup_jun1,0181_007,ISRAEL,nuclear_program,0,False,False
buildup_jun1,0181_008,USA,nuclear_program,7,False,False
buildup_jun1,0181_008,UK,nuclear_program,41,False,False
buildup_jun1,0181_008,FRANCE,nuclear_program,39,False,False
buildup_jun1,0181_008,GERMANY,nuclear_program,22,False,False
buildup_jun1,0181_008,IAEA,nuclear_program,0,False,False
buildup_jun1,0181_012,IRAN,nuclear_program,9,False,False
buildup_jun1,0181_015,IRAN,nuclear_program,3,False,False
buildup_jun1,0181_015,IAEA,nuclear_program,2,False,False
buildup_jun1,0182_001,IRAN,nuclear_program,0,False,True
buildup_jun1,0182_001,IRAN,diplomacy,1,False,True
buildup_jun1,0182_001,IRAN,strike_claims,8,False,True
buildup_jun1,0182_001,USA,nuclear_program,8,False,True
buildup_jun1,0182_001,USA,diplomacy,3,False,True
buildup_jun1,0182_001,USA,strike_claims,27,False,True
buildup_jun1,0182_002,IRAN,nuclear_program,0,False,False
buildup_jun1,0182_002,PEZESHKIAN,nuclear_program,2,False,False
buildup_jun1,0182_008,IRAN,nuclear_program,0,False,False
buildup_jun1,0182_008,IRAN,diplomacy,1,False,False
buildup_jun1,0182_008,USA,nuclear_program,21,False,False
buildup_jun1,0182_008,USA,diplomacy,27,False,False
buildup_jun1,0182_008,OMAN,nuclear_program,9,False,False
buildup_jun1,0182_008,OMAN,diplomacy,15,False,False
buildup_jun1,0183_000,IRAN,nuclear_program,1,False,False
buildup_jun1,0183_002,USA,diplomacy,2,False,False
buildup_jun1,0183_002,OMAN,diplomacy,8,False,False
buildup_jun1,0183_003,IRAN,nuclear_program,0,False,True
buildup_jun1,0183_003,IRAN,diplomacy,8,False,True
buildup_jun1,0183_005,IRAN,nuclear_program,0,False,False
buildup_jun1,0183_005,IRAN,diplomacy,1,False,False
buildup_jun1,0183_005,USA,nuclear_program,21,False,False
buildup_jun1,0183_005,USA,diplomacy,27,False,False
buildup_jun1,0183_005,OMAN,nuclear_program,9,False,False
buildup_jun1,0183_005,OMAN,diplomacy,15,False,False
buildup_jun1,0183_006,USA,diplomacy,5,False,False
buildup_jun1,0183_006,IRAN,diplomacy,1,False,False
buildup_jun1,0184_001,IRAN,diplomacy,10,False,False
buildup_jun1,0184_001,USA,diplomacy,5,False,False
buildup_jun1,0184_002,IRAN,nuclear_program,1,False,False
buildup_jun1,0184_002,IRAN,diplomacy,8,False,False
buildup_jun1,0184_002,USA,nuclear_program,14,False,False
buildup_jun1,0184_002,USA,diplomacy,21,False,False
buildup_jun1,0184_003,IRAN,deterrence,0,False,True
buildup_jun1,0184_003,IRAN,diplomacy,4,False,True
buildup_jun1,0184_003,USA,deterrence,3,False,True
buildup_jun1,0184_003,USA,diplomacy,1,False,True
buildup_jun1,0184_006,IRAN,nuclear_program,0,False,False
buildup_jun1,0184_006,IRAN,diplomacy,1,False,False
buildup_jun1,0184_006,USA,nuclear_program,21,False,False
buildup_jun1,0184_006,USA,diplomacy,27,False,False
buildup_jun1,0184_006,OMAN,nuclear_program,9,False,False
buildup_jun1,0184_006,OMAN,diplomacy,15,False,False
climax_w1,0185_000,IRAN,military_action,30,False,False
climax_w1,0185_000,USA,military_action,4,False,False
climax_w1,0185_000,ISRAEL,military_action,0,False,False
climax_w1,0185_001,ISRAEL,military_action,0,False,False
climax_w1,0185_001,IRAN,military_action,1,False,False
climax_w1,0185_002,ISRAEL,military_action,4,False,False
climax_w1,0185_002,IRAN,military_action,12,False,False
climax_w1,0185_003,IAEA,military_action,13,False,False
climax_w1,0185_003,IAEA,diplomacy,11,False,False
climax_w1,0185_003,IRAN,military_action,5,False,False
climax_w1,0185_003,IRAN,diplomacy,2,False,False
climax_w1,0185_003,USA,military_action,27,False,False
climax_w1,0185_003,USA,diplomacy,1,False,False
climax_w1,0185_006,ISRAEL,military_action,5,False,False
climax_w1,0185_006,IRAN,military_action,4,False,False
climax_w1,0185_007,IRAN,military_action,23,False,False
climax_w1,0185_008,ISRAEL,military_action,3,False,False
climax_w1,0185_008,IRAN,military_action,11,False,False
climax_w1,0185_009,USA,military_action,4,False,False
climax_w1,0185_009,ISRAEL,military_action,0,False,False
climax_w1,0185_009,IRAN,military_action,1,False,False
buildup_jun1,0186_003,FRANCE,diplomacy,24,False,False
buildup_jun1,0186_003,GERMANY,diplomacy,23,False,False
buildup_jun1,0186_003,UK,diplomacy,19,False,False
buildup_jun1,0186_007,IRAN,nuclear_program,0,False,False
buildup_jun1,0186_007,IRAN,diplomacy,5,False,False
buildup_jun1,0186_009,IRAN,diplomacy,21,True,True
buildup_jun1,0186_010,IRAN,diplomacy,3,True,True
buildup_jun1,0186_011,IRAN,diplomacy,3,True,True
buildup_jun1,0186_011,USA,diplomacy,8,False,True
buildup_jun1,0186_012,IRAN,diplomacy,20,False,False
buildup_jun1,0186_012,USA,diplomacy,5,False,False
buildup_jun1,0186_015,IAEA,nuclear_program,0,False,False
buildup_jun1,0186_016,IRAN,nuclear_program,0,False,False
buildup_jun1,0186_016,IAEA,nuclear_program,21,False,False
buildup_jun1,0186_017,IAEA,nuclear_program,0,False,False
buildup_jun1,0186_019,IAEA,nuclear_program,5,False,False
buildup_jun1,0186_020,IRAN,nuclear_program,5,False,True
buildup_jun1,0186_021,IAEA,nuclear_program,0,False,False
buildup_jun1,0186_023,IRAN,nuclear_program,17,False,False
buildup_jun1,0186_023,IAEA,nuclear_program,0,False,False
buildup_jun1,0186_024,IAEA,nuclear_program,0,False,True
buildup_jun1,0186_024,IRAN,nuclear_program,15,False,True
buildup_jun1,0186_027,IRAN,diplomacy,2,False,True
buildup_jun1,0186_028,IRAN,nuclear_program,19,False,False
buildup_jun1,0186_028,IAEA,nuclear_program,0,False,False
buildup_jun1,0186_031,IRAN,diplomacy,7,False,False
buildup_jun1,0186_032,USA,diplomacy,6,False,False
buildup_jun1,0186_034,USA,diplomacy,33,False,False
buildup_jun1,0186_042,IRAN,nuclear_program,4,False,False
buildup_jun1,0186_043,IRAN,strike_claims,26,False,False
buildup_jun1,0186_046,IRAN,diplomacy,5,False,False
buildup_jun1,0186_049,IRAN,deterrence,10,False,False
buildup_jun1,0186_049,IRAN,diplomacy,25,False,False
buildup_jun1,0186_050,IRAN,diplomacy,7,False,False
buildup_jun1,0186_052,IRAN,deterrence,14,False,False
buildup_jun1,0186_052,USA,deterrence,9,False,False
buildup_jun1,0186_054,IRAN,nuclear_program,41,False,False
buildup_jun1,0186_054,IRAN,deterrence,8,False,False
buildup_jun1,0186_054,IRAN,strike_claims,18,False,False
buildup_jun1,0186_054,IAEA,nuclear_program,0,False,False
buildup_jun1,0186_054,IAEA,deterrence,50,False,False
buildup_jun1,0186_054,IAEA,strike_claims,21,False,False
buildup_jun1,0186_055,UN_SECURITY_COUNCIL,deterrence,30,False,False
buildup_jun1,0186_068,USA,diplomacy,1,False,False
buildup_jun1,0186_068,IRAN,diplomacy,6,False,False
buildup_jun1,0186_070,IRAN,nuclear_program,0,False,True
buildup_jun1,0186_070,IRAN,diplomacy,5,False,True
buildup_jun1,0186_070,IRAN,strike_claims,5,False,True
buildup_jun1,0187_000,RUSSIA,nuclear_program,34,False,False
buildup_jun1,0187_000,IAEA,nuclear_program,0,False,False
buildup_jun1,0187_003,IRAN,nuclear_program,1,False,False
buildup_jun1,0187_005,EU,nuclear_program,22,False,False
buildup_jun1,0187_005,FRANCE,nuclear_program,20,False,False
buildup_jun1,0187_005,UK,nuclear_program,19,False,False
buildup_jun1,0187_005,GERMANY,nuclear_program,17,False,False
buildup_jun1,0187_005,USA,nuclear_program,12,False,False
buildup_jun1,0187_005,IRAN,nuclear_program,6,False,False
buildup_jun1,0187_007,IRAN,diplomacy,10,False,False
buildup_jun1,0187_009,IRAN,diplomacy,7,False,True
buildup_jun1,0187_009,IRAN,strike_claims,0,False,True
buildup_jun1,0187_009,ARAGHCHI,diplomacy,7,False,True
buildup_jun1,0187_009,ARAGHCHI,strike_claims,21,False,True
buildup_jun1,0187_009,EU,diplomacy,3,False,True
buildup_jun1,0187_009,EU,strike_claims,17,False,True
buildup_jun1,0187_010,IAEA,nuclear_program,18,False,True
buildup_jun1,0187_010,IRAN,nuclear_program,1,False,True
buildup_jun1,0187_010,ARAGHCHI,nuclear_program,11,False,True
buildup_jun1,0187_011,USA,nuclear_program,10,False,False
buildup_jun1,0187_011,EU,nuclear_program,7,False,False
buildup_jun1,0187_011,IRAN,nuclear_program,0,False,False
buildup_jun1,0187_012,RUSSIA,nuclear_program,6,False,False
buildup_jun1,0187_012,IAEA,nuclear_program,0,False,False
buildup_jun1,0188_001,IAEA,nuclear_program,31,False,False
buildup_jun1,0188_001,GROSSI,nuclear_program,28,False,False
buildup_jun1,0188_001,IRAN,nuclear_program,14,False,False
buildup_jun1,0188_002,GROSSI,nuclear_program,2,False,True
buildup_jun1,0188_002,IRAN,nuclear_program,11,False,True
buildup_jun1,0188_003,GROSSI,nuclear_program,10,True,True
buildup_jun1,0188_009,GROSSI,nuclear_program,0,False,True
buildup_jun1,0188_009,IRAN,nuclear_program,0,False,True
buildup_jun1,0189_004,IRAN,nuclear_program,0,False,False
buildup_jun1,0189_004,USA,nuclear_program,9,False,False
buildup_jun1,0189_004,UK,nuclear_program,13,False,False
buildup_jun1,0189_004,FRANCE,nuclear_program,14,False,False
buildup_jun1,0189_004,GERMANY,nuclear_program,16,False,False
buildup_jun1,0189_007,IRAN,nuclear_program,6,True,True
buildup_jun1,0190_000,IRAN,diplomacy,4,False,False
buildup_jun1,0190_000,ARAGHCHI,diplomacy,7,False,False
buildup_jun1,0190_000,USA,diplomacy,3,False,False
buildup_jun1,0190_001,ARAGHCHI,diplomacy,4,False,True
buildup_jun1,0190_001,LEBANON,diplomacy,14,False,True
buildup_jun1,0190_001,USA,diplomacy,5,False,True
buildup_jun1,0190_008,ARAGHCHI,nuclear_program,24,False,True
buildup_jun1,0190_008,ARAGHCHI,deterrence,20,False,True
buildup_jun1,0190_008,IRAN,nuclear_program,11,True,True
buildup_jun1,0190_008,IRAN,deterrence,7,True,True
buildup_jun1,0190_010,ARAGHCHI,nuclear_program,8,True,True
buildup_jun1,0190_010,ARAGHCHI,diplomacy,20,True,True
buildup_jun1,0190_010,IRAN,nuclear_program,4,False,True
buildup_jun1,0190_010,IRAN,diplomacy,16,False,True
buildup_jun1,0190_010,USA,nuclear_program,10,False,True
buildup_jun1,0190_010,USA,diplomacy,0,False,True
buildup_jun1,0190_012,IRAN,nuclear_program,13,False,False
buildup_jun1,0190_012,IRAN,diplomacy,1,False,False
buildup_jun1,0190_012,USA,nuclear_program,15,False,False
buildup_jun1,0190_012,USA,diplomacy,3,False,False
buildup_jun1,0190_014,IRAN,nuclear_program,3,True,True
buildup_jun1,0190_014,IRAN,diplomacy,2,True,True
buildup_jun1,0190_016,USA,nuclear_program,21,False,True
buildup_jun1,0190_016,TRUMP,nuclear_program,18,False,True
buildup_jun1,0190_016,IRAN,nuclear_program,0,True,True
buildup_jun1,0190_017,IRAN,nuclear_program,9,False,False
climax_w1,0191_001,IRAN,military_action,11,False,False
climax_w1,0191_001,PEZESHKIAN,military_action,18,False,False
climax_w1,0191_001,ISRAEL,military_action,0,False,False
climax_w1,0191_003,IRAN,nuclear_program,2,False,True
climax_w1,0191_007,ISRAEL,military_action,5,False,False
climax_w1,0191_007,IRAN,military_action,4,False,False
climax_w1,0191_011,IRAN,military_action,1,False,False
climax_w1,0191_011,ISRAEL,military_action,0,False,False
climax_w1,0191_013,IRAN,military_action,11,False,False
climax_w1,0191_013,PEZESHKIAN,military_action,17,False,False
climax_w1,0191_013,ISRAEL,military_action,0,False,False
buildup_jun1,0192_000,USA,nuclear_program,2,False,False
buildup_jun1,0192_000,FRANCE,nuclear_program,6,False,False
buildup_jun1,0192_000,UK,nuclear_program,8,False,False
buildup_jun1,0192_000,GERMANY,nuclear_program,10,False,False
buildup_jun1,0192_000,IRAN,nuclear_program,15,False,False
buildup_jun1,0192_001,IRAN,nuclear_program,19,True,True
buildup_jun1,0192_001,IAEA,nuclear_program,0,False,True
buildup_jun1,0192_004,IRAN,strike_claims,4,True,True
buildup_jun1,0192_006,IRAN,nuclear_program,4,False,True
buildup_jun1,0192_006,IAEA,nuclear_program,0,False,True
buildup_jun1,0192_008,USA,deterrence,8,False,True
buildup_jun1,0192_008,USA,diplomacy,6,False,True
buildup_jun1,0192_008,EU,deterrence,7,False,True
buildup_jun1,0192_008,EU,diplomacy,5,False,True
buildup_jun1,0192_008,IRAN,deterrence,6,False,True
buildup_jun1,0192_008,IRAN,diplomacy,8,False,True
buildup_jun1,0192_009,IRAN,diplomacy,7,False,False
buildup_jun1,0192_011,IRAN,nuclear_program,4,False,True
buildup_jun1,0192_011,IAEA,nuclear_program,0,False,True
buildup_jun1,0192_012,IRAN,nuclear_program,13,True,True
buildup_jun1,0192_013,IRAN,nuclear_program,35,False,False
buildup_jun1,0192_013,CHINA,nuclear_program,33,False,False
buildup_jun1,0192_013,RUSSIA,nuclear_program,32,False,False
buildup_jun1,0192_014,IRAN,nuclear_program,13,True,True
buildup_jun1,0192_016,IRAN,nuclear_program,5,False,False
buildup_jun1,0192_016,IAEA,nuclear_program,0,False,False
buildup_jun1,0193_001,ARAGHCHI,diplomacy,20,False,False
buildup_jun1,0193_001,IRAN,diplomacy,16,False,False
buildup_jun1,0193_001,USA,diplomacy,4,False,False
buildup_jun1,0193_001,OMAN,diplomacy,1,False,False
buildup_jun1,0193_002,ARAGHCHI,diplomacy,10,False,True
buildup_jun1,0193_002,USA,diplomacy,2,False,True
buildup_jun1,0193_002,OMAN,diplomacy,12,False,True
buildup_jun1,0193_005,USA,diplomacy,21,False,False
buildup_jun1,0193_005,WITKOFF,diplomacy,15,False,False
buildup_jun1,0193_005,IRAN,diplomacy,7,False,False
buildup_jun1,0193_006,WITKOFF,nuclear_program,25,False,False
buildup_jun1,0193_006,WITKOFF,diplomacy,8,False,False
buildup_jun1,0193_006,ARAGHCHI,nuclear_program,23,False,False
buildup_jun1,0193_006,ARAGHCHI,diplomacy,6,False,False
buildup_jun1,0193_006,IRAN,nuclear_program,0,False,False
buildup_jun1,0193_006,IRAN,diplomacy,15,False,False
buildup_jun1,0193_007,IRAN,nuclear_program,3,False,True
buildup_jun1,0193_007,IRAN,diplomacy,4,False,True
buildup_jun1,0193_008,ARAGHCHI,diplomacy,18,False,False
buildup_jun1,0193_008,IRAN,diplomacy,15,False,False
buildup_jun1,0193_008,USA,diplomacy,2,False,False
buildup_jun1,0193_008,OMAN,diplomacy,2,False,False
climax_w1,0194_001,PUTIN,military_action,3,False,False
climax_w1,0194_001,ISRAEL,military_action,0,False,False
climax_w1,0194_001,IRAN,military_action,1,False,False
climax_w1,0194_002,RUSSIA,military_action,10,False,True
climax_w1,0194_002,PUTIN,military_action,3,True,True
climax_w1,0194_002,ISRAEL,military_action,1,False,True
climax_w1,0194_003,PUTIN,strike_claims,9,True,True
climax_w1,0194_003,ISRAEL,strike_claims,6,False,True
climax_w1,0194_003,RUSSIA,strike_claims,4,False,True
climax_w1,0194_006,IRAN,nuclear_program,5,False,True
climax_w1,0194_006,PEZESHKIAN,nuclear_program,13,False,True
climax_w1,0194_007,ISRAEL,strike_claims,7,False,False
climax_w1,0194_008,ISRAEL,military_action,1,False,False
climax_w1,0194_008,IRAN,military_action,6,False,False
climax_w1,0194_009,IRAN,military_action,7,False,False
climax_w1,0194_010,ISRAEL,military_action,5,False,True
climax_w1,0194_010,IRAN,military_action,26,False,True
climax_w1,0194_010,PUTIN,military_action,29,False,True
buildup_jun1,0195_001,PEZESHKIAN,nuclear_program,10,False,True
buildup_jun1,0195_001,PEZESHKIAN,diplomacy,7,False,True
buildup_jun1,0195_001,IRAN,nuclear_program,0,False,True
buildup_jun1,0195_001,IRAN,diplomacy,1,False,True
buildup_jun1,0195_002,PEZESHKIAN,diplomacy,11,False,True
buildup_jun1,0195_002,IRAN,diplomacy,1,False,True
buildup_jun1,0195_002,USA,diplomacy,3,False,True
buildup_jun1,0195_003,PEZESHKIAN,deterrence,50,False,False
buildup_jun1,0195_003,IRAN,deterrence,40,False,False
buildup_jun1,0195_003,ISRAEL,deterrence,38,False,False
buildup_jun1,0195_004,PEZESHKIAN,nuclear_program,32,True,True
buildup_jun1,0195_004,IRAN,nuclear_program,0,False,True
buildup_jun1,0195_015,PEZESHKIAN,nuclear_program,11,False,True
buildup_jun1,0195_015,IRAN,nuclear_program,0,False,True
buildup_jun1,0195_016,IRAN,diplomacy,2,False,False
buildup_jun1,0195_016,PEZESHKIAN,diplomacy,4,False,False
buildup_jun1,0196_005,UK,diplomacy,20,False,False
buildup_jun1,0196_005,UK,strike_claims,47,False,False
buildup_jun1,0196_005,FRANCE,diplomacy,19,False,False
buildup_jun1,0196_005,FRANCE,strike_claims,46,False,False
buildup_jun1,0196_005,GERMANY,diplomacy,18,False,False
buildup_jun1,0196_005,GERMANY,strike_claims,45,False,False
buildup_jun1,0196_005,IRAN,diplomacy,16,False,False
buildup_jun1,0196_005,IRAN,strike_claims,5,False,False
buildup_jun1,0196_006,IRAN,nuclear_program,21,False,False
buildup_jun1,0196_009,EU,nuclear_program,13,False,False
buildup_jun1,0196_009,USA,nuclear_program,9,False,False
buildup_jun1,0196_009,IAEA,nuclear_program,0,False,False
buildup_jun1,0196_012,EU,nuclear_program,24,False,True
buildup_jun1,0196_012,USA,nuclear_program,20,False,True
buildup_jun1,0196_012,IRAN,nuclear_program,4,False,True
buildup_jun1,0196_012,IAEA,nuclear_program,0,False,True
buildup_jun1,0196_013,IAEA,nuclear_program,0,False,False
buildup_jun1,0196_013,IRAN,nuclear_program,2,False,False
buildup_jun1,0196_017,IRAN,nuclear_program,4,True,True
buildup_jun1,0196_018,IRAN,nuclear_program,3,False,False
buildup_jun1,0196_018,IAEA,nuclear_program,0,False,False
buildup_jun1,0196_020,IRAN,nuclear_program,11,False,False
buildup_jun1,0196_021,IAEA,nuclear_program,0,False,False
buildup_jun1,0196_021,IRAN,nuclear_program,6,False,False
buildup_jun1,0196_023,IRAN,nuclear_program,5,False,False
buildup_jun1,0196_023,IAEA,nuclear_program,0,False,False
buildup_jun1,0196_025,IRAN,diplomacy,18,False,False
buildup_jun1,0196_027,ISRAEL,nuclear_program,29,False,False
buildup_jun1,0196_027,ISRAEL,strike_claims,10,False,False
buildup_jun1,0196_027,IAEA,nuclear_program,0,False,False
buildup_jun1,0196_027,IAEA,strike_claims,18,False,False
buildup_jun1,0196_029,IRAN,diplomacy,31,False,False
buildup_jun1,0196_029,USA,diplomacy,3,False,False
buildup_jun1,0196_029,EU,diplomacy,6,False,False
buildup_jun1,0196_035,IRAN,nuclear_program,5,False,False
buildup_jun1,0196_035,IRAN,deterrence,3,False,False
buildup_jun1,0196_035,IAEA,nuclear_program,0,False,False
buildup_jun1,0196_035,IAEA,deterrence,1,False,False
buildup_jun1,0196_038,IRAN,nuclear_program,2,False,False
buildup_jun1,0196_038,IRAN,strike_claims,18,False,False
buildup_jun1,0196_038,IAEA,nuclear_program,47,False,False
buildup_jun1,0196_038,IAEA,strike_claims,31,False,False
buildup_jun1,0196_038,EU,nuclear_program,69,False,False
buildup_jun1,0196_038,EU,strike_claims,53,False,False
buildup_jun1,0196_038,USA,nuclear_program,73,False,False
buildup_jun1,0196_038,USA,strike_claims,57,False,False
buildup_jun1,0196_043,IRAN,nuclear_program,1,False,False
buildup_jun1,0196_043,IAEA,nuclear_program,0,False,False
climax_w1,0197_001,ISRAEL,military_action,0,False,False
climax_w1,0197_001,IRAN,military_action,1,False,False
climax_w1,0197_001,USA,military_action,19,False,False
climax_w1,0197_002,ISRAEL,military_action,8,False,False
climax_w1,0197_002,IRAN,military_action,1,False,False
climax_w1,0197_003,IRAN,military_action,5,False,False
climax_w1,0197_003,IRAN,strike_claims,20,False,False
climax_w1,0197_003,ISRAEL,military_action,0,False,False
climax_w1,0197_003,ISRAEL,strike_claims,15,False,False
climax_w1,0197_005,IRAN,military_action,9,False,False
climax_w1,0197_005,ISRAEL,military_action,0,False,False
climax_w1,0197_006,ISRAEL,military_action,5,True,True
climax_w1,0197_007,IRAN,military_action,7,False,False
climax_w1,0197_007,ISRAEL,military_action,0,False,False
buildup_jun1,0198_000,IRAN,deterrence,1,False,True
buildup_jun1,0198_000,USA,deterrence,5,False,True
buildup_jun1,0198_002,IRAN,diplomacy,1,True,True
buildup_jun1,0198_002,USA,diplomacy,3,False,True
buildup_jun1,0198_004,IRAN,diplomacy,2,True,True
buildup_jun1,0198_004,USA,diplomacy,11,False,True
buildup_jun1,0198_007,IRAN,nuclear_program,3,True,True
buildup_jun1,0198_007,IRAN,deterrence,0,True,True
buildup_jun1,0198_007,USA,nuclear_program,15,False,True
buildup_jun1,0198_007,USA,deterrence,5,False,True
buildup_jun1,0198_008,IRAN,diplomacy,8,True,True
buildup_jun1,0198_010,USA,diplomacy,8,False,False
buildup_jun1,0198_011,IRAN,diplomacy,4,True,True
buildup_jun1,0198_011,IAEA,diplomacy,9,False,True
buildup_jun1,0198_012,IRAN,diplomacy,14,False,False
buildup_jun1,0198_012,USA,diplomacy,11,False,False
buildup_jun1,0198_013,IRAN,nuclear_program,0,True,True
buildup_jun1,0198_013,IRAN,diplomacy,4,True,True
buildup_jun1,0198_013,USA,nuclear_program,14,False,True
buildup_jun1,0198_013,USA,diplomacy,7,False,True
buildup_jun1,0198_015,IRAN,diplomacy,7,True,True
buildup_jun1,0198_015,USA,diplomacy,4,False,True
buildup_jun1,0198_016,IRAN,deterrence,5,False,True
buildup_jun1,0198_018,IRAN,strike_claims,0,True,True
buildup_jun1,0198_018,USA,strike_claims,8,False,True
buildup_jun1,0198_019,USA,diplomacy,3,False,False
buildup_jun1,0198_020,IRAN,diplomacy,0,True,True
buildup_jun1,0198_020,US_CONGRESS,diplomacy,4,False,True
buildup_jun1,0198_022,IAEA,nuclear_program,3,False,True
buildup_jun1,0198_022,IRAN,nuclear_program,0,True,True
buildup_jun1,0198_031,IRAN,nuclear_program,1,True,True
buildup_jun1,0198_034,IRAN,diplomacy,4,True,True
buildup_jun1,0198_036,IRAN,diplomacy,2,True,True
buildup_jun1,0198_037,IRAN,strike_claims,4,False,False
buildup_jun1,0198_037,EU,strike_claims,10,False,False
buildup_jun1,0198_041,IRAN,nuclear_program,3,False,True
buildup_jun1,0198_041,IRAN,deterrence,1,False,True
buildup_jun1,0198_041,USA,nuclear_program,12,False,True
buildup_jun1,0198_041,USA,deterrence,5,False,True
buildup_jun1,0198_042,IRAN,deterrence,0,False,False
buildup_jun1,0198_042,USA,deterrence,4,False,False
climax_w1,0199_000,ISRAEL,military_action,14,False,False
climax_w1,0199_000,IRAN,military_action,7,False,False
climax_w1,0199_006,IRAN,military_action,18,False,False
climax_w1,0199_007,ISRAEL,military_action,5,False,True
climax_w1,0199_007,IRAN,military_action,31,False,True
buildup_jun1,0200_004,RUSSIA,diplomacy,5,False,False
buildup_jun1,0200_004,IRAN,diplomacy,0,False,False
buildup_jun1,0200_004,PUTIN,diplomacy,4,False,False
buildup_jun1,0200_004,USA,diplomacy,6,False,False
buildup_jun1,0200_004,TRUMP,diplomacy,8,False,False
buildup_jun1,0201_002,IRAN,nuclear_program,0,False,True
buildup_jun1,0201_002,IRAN,diplomacy,0,False,True
buildup_jun1,0201_002,USA,nuclear_program,15,False,True
buildup_jun1,0201_002,USA,diplomacy,8,False,True
buildup_jun1,0201_003,IRAN,deterrence,1,False,True
buildup_jun1,0201_003,EU,deterrence,9,False,True
buildup_jun1,0201_008,IRAN,diplomacy,8,False,True
buildup_jun1,0201_008,USA,diplomacy,2,False,True
buildup_jun1,0202_012,KHAMENEI,strike_claims,8,False,True
buildup_jun1,0202_012,IRAN,strike_claims,5,False,True
buildup_jun1,0202_019,OMAN,diplomacy,2,False,True
buildup_jun1,0202_019,KHAMENEI,diplomacy,3,True,True
buildup_jun1,0202_019,USA,diplomacy,11,False,True
buildup_jun1,0202_026,KHAMENEI,nuclear_program,8,False,True
buildup_jun1,0202_026,USA,nuclear_program,4,False,True
buildup_jun1,0202_028,USA,nuclear_program,12,False,False
buildup_jun1,0202_028,IRAN,nuclear_program,3,False,False
buildup_jun1,0202_028,KHAMENEI,nuclear_program,11,False,False
buildup_jun1,0202_038,KHAMENEI,nuclear_program,16,True,True
buildup_jun1,0202_038,USA,nuclear_program,6,False,True
buildup_jun1,0202_038,IRAN,nuclear_program,0,False,True
buildup_jun1,0202_052,KHAMENEI,nuclear_program,7,False,False
buildup_jun1,0202_052,USA,nuclear_program,5,False,False
buildup_jun1,0202_052,IRAN,nuclear_program,2,False,False
buildup_jun1,0203_005,UK,diplomacy,20,False,False
buildup_jun1,0203_005,UK,strike_claims,47,False,False
buildup_jun1,0203_005,GERMANY,diplomacy,18,False,False
buildup_jun1,0203_005,GERMANY,strike_claims,45,False,False
buildup_jun1,0203_005,IRAN,diplomacy,16,False,False
buildup_jun1,0203_005,IRAN,strike_claims,5,False,False
buildup_jun1,0203_012,EU,nuclear_program,37,False,True
buildup_jun1,0203_012,USA,nuclear_program,33,False,True
buildup_jun1,0203_012,IRAN,nuclear_program,7,False,True
buildup_jun1,0203_017,IRAN,nuclear_program,4,False,True
buildup_jun1,0203_020,IRAN,nuclear_program,11,False,False
buildup_jun1,0203_024,IRAN,diplomacy,18,False,False
buildup_jun1,0203_026,ISRAEL,diplomacy,69,False,False
buildup_jun1,0203_026,ISRAEL,strike_claims,10,False,False
buildup_jun1,0203_026,IAEA,diplomacy,39,False,False
buildup_jun1,0203_026,IAEA,strike_claims,18,False,False
buildup_jun1,0203_026,IRAN,diplomacy,31,False,False
buildup_jun1,0203_026,IRAN,strike_claims,22,False,False
buildup_jun1,0203_026,USA,diplomacy,3,False,False
buildup_jun1,0203_026,USA,strike_claims,5,False,False
buildup_jun1,0203_026,EU,diplomacy,6,False,False
buildup_jun1,0203_026,EU,strike_claims,65,False,False
buildup_jun1,0203_031,ISRAEL,nuclear_program,10,False,False
buildup_jun1,0203_031,ISRAEL,deterrence,14,False,False
buildup_jun1,0203_032,IRAN,deterrence,3,False,False
buildup_jun1,0203_032,IAEA,deterrence,1,False,False
buildup_jun1,0203_035,IRAN,nuclear_program,2,False,False
buildup_jun1,0203_035,IRAN,strike_claims,18,False,False
buildup_jun1,0203_035,IAEA,nuclear_program,47,False,False
buildup_jun1,0203_035,IAEA,strike_claims,31,False,False
buildup_jun1,0203_035,EU,nuclear_program,69,False,False
buildup_jun1,0203_035,EU,strike_claims,53,False,False
buildup_jun1,0203_035,USA,nuclear_program,73,False,False
buildup_jun1,0203_035,USA,strike_claims,57,False,False
buildup_jun1,0204_003,ISRAEL,nuclear_program,2,False,True
buildup_jun1,0204_003,USA,nuclear_program,17,False,True
buildup_jun1,0204_003,EU,nuclear_program,19,False,True
buildup_jun1,0204_015,ISRAEL,nuclear_program,9,False,False
buildup_jun1,0205_005,IRAN,nuclear_program,5,True,True
buildup_jun1,0205_006,FRANCE,diplomacy,51,False,False
buildup_jun1,0205_006,UK,diplomacy,50,False,False
buildup_jun1,0205_006,GERMANY,diplomacy,48,False,False
buildup_jun1,0205_006,USA,diplomacy,44,False,False
buildup_jun1,0205_006,IRAN,diplomacy,35,False,False
buildup_jun1,0205_010,USA,diplomacy,7,True,True
buildup_jun1,0205_010,GAZA,diplomacy,1,False,True
buildup_jun1,0205_010,IRAN,diplomacy,4,False,True
buildup_jun1,0205_010,ISRAEL,diplomacy,17,False,True
buildup_jun1,0205_014,IRAN,nuclear_program,5,False,True
buildup_jun1,0205_014,USA,nuclear_program,9,False,True
climax_w1,0206_000,IRAN,military_action,1,False,False
climax_w1,0206_000,ISRAEL,military_action,0,False,False
climax_w1,0206_001,ISRAEL,military_action,0,False,False
climax_w1,0206_002,ISRAEL,military_action,0,False,False
climax_w1,0206_004,ISRAEL,military_action,2,False,False
climax_w1,0206_004,IRAN,military_action,4,False,False
climax_w1,0206_008,ISRAEL,military_action,0,False,False
climax_w1,0206_009,IRAN,military_action,10,False,False
climax_w1,0206_009,ISRAEL,military_action,0,False,False
buildup_jun1,0207_001,IRAN,nuclear_program,2,False,False
buildup_jun1,0207_002,IRAN,nuclear_program,3,True,True
buildup_jun1,0207_002,IAEA,nuclear_program,0,False,True
buildup_jun1,0207_003,IAEA,nuclear_program,0,False,False
buildup_jun1,0207_003,IRAN,nuclear_program,11,False,False
buildup_jun1,0207_003,USA,nuclear_program,20,False,False
buildup_jun1,0207_003,EU,nuclear_program,23,False,False
buildup_jun1,0207_008,IRAN,nuclear_program,4,True,True
buildup_jun1,0207_008,USA,nuclear_program,19,False,True
buildup_jun1,0207_008,UK,nuclear_program,14,False,True
buildup_jun1,0207_008,FRANCE,nuclear_program,13,False,True
buildup_jun1,0207_008,GERMANY,nuclear_program,11,False,True
buildup_jun1,0207_008,IAEA,nuclear_program,0,False,True
buildup_jun1,0207_010,IRAN,nuclear_program,5,False,False
buildup_jun1,0207_010,IAEA,nuclear_program,0,False,False
climax_w1,0208_000,IRAN,military_action,1,False,False
climax_w1,0208_000,ISRAEL,military_action,0,False,False
climax_w1,0208_001,ISRAEL,military_action,0,False,False
climax_w1,0208_002,ISRAEL,military_action,0,False,False
climax_w1,0208_005,ISRAEL,military_action,2,False,False
climax_w1,0208_005,IRAN,military_action,4,False,False
climax_w1,0208_010,IRAN,military_action,1,False,False
climax_w1,0208_010,ISRAEL,military_action,0,False,False
climax_w1,0208_011,IRAN,military_action,9,False,False
climax_w1,0208_011,ISRAEL,military_action,0,False,False
buildup_jun1,0209_003,IRAN,nuclear_program,7,False,False
buildup_jun1,0209_006,PEZESHKIAN,nuclear_program,13,True,True
buildup_jun1,0209_011,IRAN,deterrence,5,False,False
buildup_jun1,0209_012,ISRAEL,strike_claims,6,False,False
buildup_jun1,0209_012,GAZA,strike_claims,5,False,False
buildup_jun1,0209_012,PEZESHKIAN,strike_claims,4,False,False
buildup_jun1,0209_012,USA,strike_claims,14,False,False
buildup_jun1,0209_013,PEZESHKIAN,military_action,9,True,True
buildup_jun1,0210_002,ISRAEL,military_action,21,False,False
buildup_jun1,0210_002,IRAN,military_action,5,False,False
buildup_jun1,0210_003,IRAN,military_action,26,False,False
buildup_jun1,0210_003,ISRAEL,military_action,36,False,False
climax_w1,0211_000,IRAN,military_action,1,False,False
climax_w1,0211_000,ISRAEL,military_action,0,False,False
climax_w1,0211_001,ISRAEL,military_action,0,False,False
climax_w1,0211_006,ISRAEL,military_action,0,False,False
climax_w1,0211_007,IRAN,military_action,9,False,False
climax_w1,0211_009,ISRAEL,military_action,0,False,False
climax_w1,0211_009,IRAN,military_action,1,False,False
climax_w1,0211_010,IRAN,military_action,11,False,False
climax_w1,0211_010,ISRAEL,military_action,0,False,False
buildup_jun1,0212_000,IRAN,diplomacy,1,False,False
buildup_jun1,0212_000,ARAGHCHI,diplomacy,16,False,False
buildup_jun1,0212_000,USA,diplomacy,3,False,False
buildup_jun1,0212_009,ARAGHCHI,diplomacy,15,False,False
buildup_jun1,0212_009,IAEA,diplomacy,5,False,False
buildup_jun1,0212_009,IRAN,diplomacy,1,False,False
buildup_jun1,0212_009,USA,diplomacy,3,False,False
buildup_jun1,0213_002,IRAN,deterrence,6,False,False
buildup_jun1,0213_002,IRAN,diplomacy,3,False,False
buildup_jun1,0213_002,USA,deterrence,13,False,False
buildup_jun1,0213_002,USA,diplomacy,1,False,False
buildup_jun1,0213_005,RUSSIA,diplomacy,5,False,False
buildup_jun1,0213_005,IRAN,diplomacy,22,False,False
buildup_jun1,0213_006,EU,diplomacy,12,False,False
buildup_jun1,0213_006,USA,diplomacy,7,False,False
buildup_jun1,0213_007,FRANCE,diplomacy,19,False,True
buildup_jun1,0213_007,GERMANY,diplomacy,18,False,True
buildup_jun1,0213_007,UK,diplomacy,17,False,True
buildup_jun1,0213_007,USA,diplomacy,14,False,True
buildup_jun1,0213_007,IRAN,diplomacy,5,False,True
buildup_jun1,0213_009,IRAN,diplomacy,3,False,True
buildup_jun1,0213_009,EU,diplomacy,2,False,True
buildup_jun1,0213_009,USA,diplomacy,18,False,True
buildup_jun1,0213_011,IRAN,nuclear_program,0,False,False
buildup_jun1,0213_011,IRAN,diplomacy,9,False,False
buildup_jun1,0213_012,EU,deterrence,27,False,False
buildup_jun1,0213_012,EU,diplomacy,32,False,False
buildup_jun1,0213_012,IAEA,deterrence,14,False,False
buildup_jun1,0213_012,IAEA,diplomacy,19,False,False
buildup_jun1,0213_012,IRAN,deterrence,0,False,False
buildup_jun1,0213_012,IRAN,diplomacy,3,False,False
buildup_jun1,0213_012,RUSSIA,deterrence,5,False,False
buildup_jun1,0213_012,RUSSIA,diplomacy,0,False,False
buildup_jun1,0214_000,IRAN,diplomacy,1,False,False
buildup_jun1,0214_000,PEZESHKIAN,diplomacy,10,False,False
buildup_jun1,0214_000,USA,diplomacy,4,False,False
buildup_jun1,0214_001,IRAN,nuclear_program,3,False,True
buildup_jun1,0214_002,PEZESHKIAN,deterrence,18,False,False
buildup_jun1,0214_004,GAZA,diplomacy,1,False,False
buildup_jun1,0215_001,IRAN,nuclear_program,19,False,True
buildup_jun1,0215_001,IAEA,nuclear_program,9,False,True
buildup_jun1,0215_012,IRAN,deterrence,0,False,False
buildup_jun1,0215_012,IAEA,deterrence,5,False,False
buildup_jun1,0216_002,IRAN,military_action,1,False,False
buildup_jun1,0216_002,IRAN,strike_claims,7,False,False
buildup_jun1,0216_002,ISRAEL,military_action,10,False,False
buildup_jun1,0216_002,ISRAEL,strike_claims,2,False,False
buildup_jun1,0217_000,IRAN,military_action,3,False,False
buildup_jun1,0217_001,IRAN,diplomacy,1,False,True
buildup_jun1,0217_001,USA,diplomacy,4,False,True
buildup_jun1,0217_002,IRAN,military_action,1,False,False
buildup_jun1,0217_002,USA,military_action,13,False,False
buildup_jun1,0217_004,IRAN,military_action,1,False,False
buildup_jun1,0217_004,IRAN,nuclear_program,10,False,False
buildup_jun1,0217_005,ISRAEL,military_action,2,False,False
buildup_jun1,0217_005,ISRAEL,deterrence,4,False,False
buildup_jun1,0217_005,IRAN,military_action,2,False,False
buildup_jun1,0217_005,IRAN,deterrence,6,False,False
buildup_jun1,0217_006,IRAN,nuclear_program,5,False,False
climax_w1,0218_002,ISRAEL,military_action,2,False,False
climax_w1,0218_002,IRAN,military_action,6,False,False
climax_w1,0218_003,IRAN,military_action,9,False,False
climax_w1,0218_004,ISRAEL,military_action,0,False,False
climax_w1,0218_004,IRAN,military_action,9,False,False
climax_w1,0218_006,IRAN,military_action,11,False,False
climax_w1,0218_006,IRAN,diplomacy,1,False,False
climax_w1,0218_006,USA,military_action,14,False,False
climax_w1,0218_006,USA,diplomacy,4,False,False
climax_w1,0218_007,IRAN,military_action,7,False,False
climax_w1,0218_007,ISRAEL,military_action,0,False,False
buildup_jun1,0219_000,USA,nuclear_program,11,False,False
buildup_jun1,0219_000,TRUMP,nuclear_program,8,False,False
buildup_jun1,0219_000,IRAN,nuclear_program,3,False,False
buildup_jun1,0219_001,ARAGHCHI,nuclear_program,8,False,True
buildup_jun1,0219_001,IRAN,nuclear_program,0,False,True
buildup_jun1,0219_002,IRAN,nuclear_program,0,False,False
buildup_jun1,0219_002,IRAN,diplomacy,14,False,False
buildup_jun1,0219_002,IAEA,nuclear_program,7,False,False
buildup_jun1,0219_002,IAEA,diplomacy,5,False,False
buildup_jun1,0219_002,ARAGHCHI,nuclear_program,14,False,False
buildup_jun1,0219_002,ARAGHCHI,diplomacy,0,False,False
buildup_jun1,0219_003,IRAN,nuclear_program,0,False,False
buildup_jun1,0219_003,IRAN,diplomacy,1,False,False
buildup_jun1,0219_003,USA,nuclear_program,21,False,False
buildup_jun1,0219_003,USA,diplomacy,27,False,False
buildup_jun1,0219_003,OMAN,nuclear_program,9,False,False
buildup_jun1,0219_003,OMAN,diplomacy,15,False,False
buildup_jun1,0219_005,IRAN,diplomacy,2,False,False
buildup_jun1,0220_000,IRAN,diplomacy,1,False,False
buildup_jun1,0220_000,USA,diplomacy,4,False,False
buildup_jun1,0220_000,OMAN,diplomacy,17,False,False
buildup_jun1,0220_004,IRAN,nuclear_program,0,False,False
buildup_jun1,0220_004,IRAN,diplomacy,1,False,False
buildup_jun1,0220_004,USA,nuclear_program,21,False,False
buildup_jun1,0220_004,USA,diplomacy,27,False,False
buildup_jun1,0220_004,OMAN,nuclear_program,9,False,False
buildup_jun1,0220_004,OMAN,diplomacy,15,False,False
buildup_jun1,0221_002,USA,diplomacy,2,False,False
buildup_jun1,0221_006,USA,diplomacy,5,False,False
buildup_jun1,0221_006,IRAN,diplomacy,1,False,False
buildup_jun1,0221_007,IRAN,nuclear_program,0,False,False
buildup_jun1,0221_007,IRAN,diplomacy,1,False,False
buildup_jun1,0221_007,USA,nuclear_program,21,False,False
buildup_jun1,0221_007,USA,diplomacy,27,False,False
buildup_jun1,0221_007,OMAN,nuclear_program,9,False,False
buildup_jun1,0221_007,OMAN,diplomacy,15,False,False
climax_w2,0222_001,IRAN,military_action,19,False,False
climax_w2,0222_001,QATAR,military_action,6,False,False
climax_w2,0222_002,IRAN,strike_claims,8,False,False
climax_w2,0222_002,USA,strike_claims,1,False,False
climax_w2,0222_002,QATAR,strike_claims,9,False,False
climax_w2,0222_003,USA,military_action,1,False,False
climax_w2,0222_003,IRAN,military_action,7,False,False
climax_w2,0222_003,QATAR,military_action,30,False,False
climax_w2,0222_004,IRAN,military_action,1,False,True
climax_w2,0222_004,IRAN,deterrence,6,False,True
climax_w2,0222_004,QATAR,military_action,11,False,True
climax_w2,0222_004,QATAR,deterrence,6,False,True
climax_w2,0222_005,IRAN,military_action,1,False,False
climax_w2,0222_005,IRAN,nuclear_program,1,False,False
climax_w2,0222_005,USA,military_action,7,False,False
climax_w2,0222_005,USA,nuclear_program,3,False,False
climax_w2,0222_006,ISRAEL,military_action,14,False,False
climax_w2,0222_006,ISRAEL,nuclear_program,18,False,False
climax_w2,0222_006,IRAN,military_action,0,False,False
climax_w2,0222_006,IRAN,nuclear_program,1,False,False
climax_w2,0222_006,USA,military_action,6,False,False
climax_w2,0222_006,USA,nuclear_program,1,False,False
climax_w2,0222_007,IRAN,military_action,2,True,True
climax_w2,0222_007,IRAN,nuclear_program,0,True,True
climax_w2,0222_007,USA,military_action,0,False,True
climax_w2,0222_007,USA,nuclear_program,2,False,True
climax_w1,0223_001,ISRAEL,military_action,0,False,False
climax_w1,0223_002,ISRAEL,military_action,0,False,False
climax_w1,0223_002,ISRAEL,nuclear_program,12,False,False
climax_w1,0223_002,IRAN,military_action,16,False,False
climax_w1,0223_002,IRAN,nuclear_program,4,False,False
climax_w1,0223_007,ISRAEL,military_action,5,False,False
climax_w1,0223_007,IRAN,military_action,4,False,False
climax_w1,0223_008,ISRAEL,deterrence,1,False,False
climax_w1,0223_008,IRAN,deterrence,11,False,False
climax_w1,0223_010,ISRAEL,military_action,5,False,False
climax_w1,0223_010,IRAN,military_action,1,False,False
climax_w1,0223_013,ISRAEL,military_action,0,False,False
climax_w1,0223_013,ISRAEL,nuclear_program,9,False,False
climax_w1,0223_014,ISRAEL,military_action,0,False,False
climax_w1,0223_014,IRAN,military_action,1,False,False
climax_w1,0224_001,IRAN,military_action,1,False,True
climax_w1,0224_001,IAEA,military_action,7,False,True
climax_w1,0224_001,ISRAEL,military_action,0,False,True
climax_w1,0224_004,USA,military_action,5,False,False
climax_w1,0224_004,ISRAEL,military_action,0,False,False
climax_w1,0224_005,IAEA,nuclear_program,8,False,True
climax_w1,0224_005,IAEA,deterrence,5,False,True
climax_w1,0224_005,ISRAEL,nuclear_program,4,False,True
climax_w1,0224_005,ISRAEL,deterrence,1,False,True
climax_w1,0224_005,IRAN,nuclear_program,0,False,True
climax_w1,0224_005,IRAN,deterrence,1,False,True
climax_w1,0224_006,ISRAEL,nuclear_program,12,False,True
climax_w1,0224_006,IRAN,nuclear_program,4,False,True
climax_w1,0224_007,IRAN,nuclear_program,1,False,True
climax_w1,0224_007,IAEA,nuclear_program,7,False,True
climax_w1,0224_010,IRAN,military_action,7,False,True
climax_w1,0224_010,IRAN,nuclear_program,1,False,True
climax_w1,0224_010,IRAN,strike_claims,0,False,True
climax_w1,0224_012,ISRAEL,military_action,0,False,False
climax_w1,0224_014,ISRAEL,military_action,3,False,False
climax_w1,0224_014,IRAN,military_action,1,False,False
climax_w1,0224_015,ISRAEL,deterrence,1,False,False
climax_w1,0224_015,IRAN,deterrence,11,False,False
climax_w1,0224_016,ISRAEL,military_action,11,False,True
climax_w1,0224_017,IRAN,military_action,1,False,False
climax_w1,0224_017,IRAN,strike_claims,4,False,False
climax_w1,0224_017,ISRAEL,military_action,0,False,False
climax_w1,0224_017,ISRAEL,strike_claims,7,False,False
climax_w1,0224_018,IRAN,military_action,2,False,False
climax_w1,0224_018,ISRAEL,military_action,0,False,False
climax_w1,0225_001,IAEA,military_action,13,False,False
climax_w1,0225_001,ISRAEL,military_action,2,False,False
climax_w1,0225_001,IRAN,military_action,1,False,False
climax_w1,0225_001,UN_SECURITY_COUNCIL,military_action,16,False,False
climax_w1,0225_002,ISRAEL,military_action,2,True,True
climax_w1,0225_002,ISRAEL,nuclear_program,52,True,True
climax_w1,0225_002,ISRAEL,deterrence,35,True,True
climax_w1,0225_002,ISRAEL,strike_claims,15,True,True
climax_w1,0225_002,IRAN,military_action,5,False,True
climax_w1,0225_002,IRAN,nuclear_program,55,False,True
climax_w1,0225_002,IRAN,deterrence,38,False,True
climax_w1,0225_002,IRAN,strike_claims,18,False,True
climax_w1,0225_002,IAEA,military_action,4,False,True
climax_w1,0225_002,IAEA,nuclear_program,7,False,True
climax_w1,0225_002,IAEA,deterrence,9,False,True
climax_w1,0225_002,IAEA,strike_claims,7,False,True
climax_w1,0225_003,ISRAEL,military_action,26,False,True
climax_w1,0225_003,ISRAEL,deterrence,29,False,True
climax_w1,0225_003,ISRAEL,strike_claims,10,False,True
climax_w1,0225_003,IRAN,military_action,21,False,True
climax_w1,0225_003,IRAN,deterrence,40,False,True
climax_w1,0225_003,IRAN,strike_claims,21,False,True
climax_w1,0225_003,IAEA,military_action,10,False,True
climax_w1,0225_003,IAEA,deterrence,24,False,True
climax_w1,0225_003,IAEA,strike_claims,5,False,True
climax_w1,0225_006,ISRAEL,military_action,4,False,False
climax_w1,0225_006,IRAN,military_action,1,False,False
climax_w1,0225_009,ISRAEL,military_action,0,False,False
climax_w1,0225_009,IRAN,military_action,1,False,False
climax_w1,0225_010,ISRAEL,military_action,0,False,False
climax_w1,0225_010,ISRAEL,nuclear_program,3,False,False
climax_w1,0225_010,IRAN,military_action,1,False,False
climax_w1,0225_010,IRAN,nuclear_program,0,False,False
aftermath_jun-jul,0226_000,RUSSIA,military_action,30,False,False
aftermath_jun-jul,0226_000,RUSSIA,nuclear_program,22,False,False
aftermath_jun-jul,0226_000,EU,military_action,22,False,False
aftermath_jun-jul,0226_000,EU,nuclear_program,14,False,False
aftermath_jun-jul,0226_000,IAEA,military_action,19,False,False
aftermath_jun-jul,0226_000,IAEA,nuclear_program,11,False,False
aftermath_jun-jul,0226_000,GROSSI,military_action,15,False,False
aftermath_jun-jul,0226_000,GROSSI,nuclear_program,7,False,False
aftermath_jun-jul,0226_000,IRAN,military_action,1,False,False
aftermath_jun-jul,0226_000,IRAN,nuclear_program,0,False,False
aftermath_jun-jul,0226_000,ISRAEL,military_action,2,False,False
aftermath_jun-jul,0226_000,ISRAEL,nuclear_program,3,False,False
aftermath_jun-jul,0226_004,UK,nuclear_program,9,False,False
aftermath_jun-jul,0226_004,FRANCE,nuclear_program,8,False,False
aftermath_jun-jul,0226_004,GERMANY,nuclear_program,7,False,False
aftermath_jun-jul,0226_004,USA,nuclear_program,2,False,False
aftermath_jun-jul,0226_004,IAEA,nuclear_program,0,False,False
aftermath_jun-jul,0226_004,IRAN,nuclear_program,6,False,False
aftermath_jun-jul,0226_006,IRAN,nuclear_program,1,False,True
aftermath_jun-jul,0226_007,ISRAEL,military_action,3,False,False
aftermath_jun-jul,0226_007,ISRAEL,nuclear_program,19,False,False
aftermath_jun-jul,0226_007,IRAN,military_action,1,False,False
aftermath_jun-jul,0226_007,IRAN,nuclear_program,12,False,False
aftermath_jun-jul,0226_008,USA,military_action,4,False,False
aftermath_jun-jul,0226_008,USA,nuclear_program,5,False,False
aftermath_jun-jul,0226_008,USA,deterrence,2,False,False
aftermath_jun-jul,0226_008,USA,strike_claims,23,False,False
aftermath_jun-jul,0226_014,IAEA,nuclear_program,0,False,False
aftermath_jun-jul,0226_014,IRAN,nuclear_program,4,False,False
aftermath_jun-jul,0226_015,IAEA,nuclear_program,0,False,False
aftermath_jun-jul,0226_015,GROSSI,nuclear_program,2,False,False
aftermath_jun-jul,0226_020,RUSSIA,nuclear_program,11,False,False
aftermath_jun-jul,0226_020,ISRAEL,nuclear_program,6,False,False
aftermath_jun-jul,0226_020,IAEA,nuclear_program,0,False,False
aftermath_jun-jul,0227_001,IRAN,diplomacy,4,False,False
aftermath_jun-jul,0227_001,USA,diplomacy,6,False,False
aftermath_jun-jul,0227_001,ISRAEL,diplomacy,17,False,False
aftermath_jun-jul,0227_006,IRAN,military_action,12,False,False
aftermath_jun-jul,0227_006,ISRAEL,military_action,0,False,False
aftermath_jun-jul,0227_008,ISRAEL,military_action,12,False,False
aftermath_jun-jul,0227_008,ISRAEL,nuclear_program,32,False,False
aftermath_jun-jul,0227_008,IRAN,military_action,0,False,False
aftermath_jun-jul,0227_008,IRAN,nuclear_program,1,False,False
aftermath_jun-jul,0227_008,USA,military_action,10,False,False
aftermath_jun-jul,0227_008,USA,nuclear_program,8,False,False
aftermath_jun-jul,0227_010,IRAN,military_action,0,False,False
aftermath_jun-jul,0227_011,ISRAEL,military_action,2,False,False
aftermath_jun-jul,0227_012,USA,military_action,0,False,False
aftermath_jun-jul,0227_012,IRAN,military_action,0,False,False
aftermath_jun-jul,0227_012,QATAR,military_action,14,False,False
aftermath_jun-jul,0227_013,IRAN,diplomacy,17,False,False
aftermath_jun-jul,0227_013,ISRAEL,diplomacy,20,False,False
climax_w2,0228_000,IRAN,military_action,10,False,False
climax_w2,0228_000,IRAN,nuclear_program,1,False,False
climax_w2,0228_000,USA,military_action,26,False,False
climax_w2,0228_000,USA,nuclear_program,43,False,False
climax_w2,0228_000,ISRAEL,military_action,20,False,False
climax_w2,0228_000,ISRAEL,nuclear_program,37,False,False
climax_w2,0228_001,USA,military_action,6,False,False
climax_w2,0228_001,USA,strike_claims,15,False,False
climax_w2,0228_001,IRAN,military_action,13,False,False
climax_w2,0228_001,IRAN,strike_claims,4,False,False
climax_w2,0228_002,IRAN,military_action,10,False,False
climax_w2,0228_002,IRAN,nuclear_program,1,False,False
climax_w2,0228_002,ISRAEL,military_action,2,False,False
climax_w2,0228_002,ISRAEL,nuclear_program,9,False,False
climax_w2,0228_004,USA,military_action,1,False,True
climax_w2,0228_004,USA,nuclear_program,9,False,True
climax_w2,0228_004,USA,deterrence,23,False,True
climax_w2,0228_004,USA,strike_claims,18,False,True
climax_w2,0228_006,USA,nuclear_program,17,False,False
climax_w2,0228_006,IRAN,nuclear_program,14,False,False
climax_w2,0228_008,IRAN,nuclear_program,9,False,False
climax_w2,0228_008,USA,nuclear_program,2,False,False
aftermath_jun-jul,0229_001,IRAN,military_action,4,False,False
aftermath_jun-jul,0229_001,USA,military_action,4,False,False
aftermath_jun-jul,0229_001,ISRAEL,military_action,7,False,False
aftermath_jun-jul,0229_002,IRAN,diplomacy,12,False,True
aftermath_jun-jul,0229_002,ISRAEL,diplomacy,4,True,True
aftermath_jun-jul,0229_003,ISRAEL,military_action,12,False,False
aftermath_jun-jul,0229_003,ISRAEL,nuclear_program,32,False,False
aftermath_jun-jul,0229_003,IRAN,military_action,0,False,False
aftermath_jun-jul,0229_003,IRAN,nuclear_program,1,False,False
aftermath_jun-jul,0229_003,USA,military_action,10,False,False
aftermath_jun-jul,0229_003,USA,nuclear_program,8,False,False
aftermath_jun-jul,0229_005,IRAN,military_action,0,False,False
aftermath_jun-jul,0229_006,ISRAEL,military_action,2,False,False
aftermath_jun-jul,0229_007,USA,military_action,0,False,False
aftermath_jun-jul,0229_007,IRAN,military_action,0,False,False
aftermath_jun-jul,0229_007,QATAR,military_action,14,False,False
aftermath_jun-jul,0230_001,ARAGHCHI,diplomacy,13,True,True
aftermath_jun-jul,0230_001,IRAN,diplomacy,4,False,True
aftermath_jun-jul,0230_001,USA,diplomacy,2,False,True
aftermath_jun-jul,0230_001,ISRAEL,diplomacy,5,False,True
aftermath_jun-jul,0230_002,ARAGHCHI,military_action,4,False,False
aftermath_jun-jul,0230_002,USA,military_action,1,False,False
aftermath_jun-jul,0230_002,IRAN,military_action,1,False,False
aftermath_jun-jul,0230_003,USA,diplomacy,5,False,False
aftermath_jun-jul,0230_003,TRUMP,diplomacy,2,False,False
aftermath_jun-jul,0230_003,IRAN,diplomacy,1,False,False
aftermath_jun-jul,0230_006,ARAGHCHI,diplomacy,15,False,False
aftermath_jun-jul,0230_006,IRAN,diplomacy,12,False,False
aftermath_jun-jul,0230_006,USA,diplomacy,2,False,False
aftermath_jun-jul,0230_007,IRAN,military_action,8,False,False
aftermath_jun-jul,0230_007,IRAN,nuclear_program,1,False,False
aftermath_jun-jul,0230_007,USA,military_action,2,False,False
aftermath_jun-jul,0230_007,USA,nuclear_program,3,False,False
aftermath_jun-jul,0230_007,ISRAEL,military_action,0,False,False
aftermath_jun-jul,0230_007,ISRAEL,nuclear_program,5,False,False
aftermath_jun-jul,0230_008,ARAGHCHI,diplomacy,0,True,True
aftermath_jun-jul,0230_010,ISRAEL,military_action,12,False,False
aftermath_jun-jul,0230_010,ISRAEL,nuclear_program,32,False,False
aftermath_jun-jul,0230_010,IRAN,military_action,0,False,False
aftermath_jun-jul,0230_010,IRAN,nuclear_program,1,False,False
aftermath_jun-jul,0230_010,USA,military_action,10,False,False
aftermath_jun-jul,0230_010,USA,nuclear_program,8,False,False
aftermath_jun-jul,0230_012,IRAN,military_action,0,False,False
aftermath_jun-jul,0230_013,ISRAEL,military_action,2,False,False
climax_w2,0231_001,IRAN,military_action,25,False,False
climax_w2,0231_005,ARAGHCHI,diplomacy,21,True,True
climax_w2,0231_005,IRAN,diplomacy,12,False,True
climax_w2,0231_010,ISRAEL,military_action,4,True,True
climax_w2,0231_010,IRAN,military_action,1,False,True
climax_w2,0231_012,IRAN,military_action,0,False,False
climax_w2,0231_013,ISRAEL,military_action,2,False,False
climax_w2,0231_015,ISRAEL,military_action,8,False,False
climax_w2,0231_015,ISRAEL,nuclear_program,11,False,False
climax_w2,0231_015,USA,military_action,5,False,False
climax_w2,0231_015,USA,nuclear_program,8,False,False
climax_w2,0231_015,IRAN,military_action,5,False,False
climax_w2,0231_015,IRAN,nuclear_program,1,False,False
climax_w2,0231_016,IRAN,military_action,12,False,False
climax_w2,0231_016,USA,military_action,2,False,False
climax_w2,0231_016,QATAR,military_action,8,False,False
aftermath_jun-jul,0232_000,IRAN,nuclear_program,5,False,False
aftermath_jun-jul,0232_001,IRAN,military_action,1,True,True
aftermath_jun-jul,0232_001,ISRAEL,military_action,2,False,True
aftermath_jun-jul,0232_001,USA,military_action,0,False,True
aftermath_jun-jul,0232_002,ISRAEL,military_action,18,False,False
aftermath_jun-jul,0232_002,ISRAEL,nuclear_program,7,False,False
aftermath_jun-jul,0232_002,IRAN,military_action,15,False,False
aftermath_jun-jul,0232_002,IRAN,nuclear_program,4,False,False
aftermath_jun-jul,0232_003,IAEA,nuclear_program,0,False,True
aftermath_jun-jul,0232_003,IRAN,nuclear_program,1,True,True
aftermath_jun-jul,0232_005,IRAN,nuclear_program,0,False,True
aftermath_jun-jul,0232_006,IRAN,nuclear_program,1,False,False
aftermath_jun-jul,0232_007,IAEA,nuclear_program,10,False,False
aftermath_jun-jul,0232_007,IRAN,nuclear_program,0,False,False
aftermath_jun-jul,0232_008,IRAN,nuclear_program,0,True,True
aftermath_jun-jul,0232_009,IAEA,nuclear_program,0,False,False
aftermath_jun-jul,0232_009,GROSSI,nuclear_program,3,False,False
aftermath_jun-jul,0232_009,IRAN,nuclear_program,21,False,False
aftermath_jun-jul,0232_011,IRAN,military_action,11,False,False
aftermath_jun-jul,0232_011,IRAN,nuclear_program,5,False,False
aftermath_jun-jul,0232_011,IAEA,military_action,5,False,False
aftermath_jun-jul,0232_011,IAEA,nuclear_program,0,False,False
aftermath_jun-jul,0232_012,IAEA,military_action,20,False,True
aftermath_jun-jul,0232_012,IAEA,nuclear_program,0,False,True
aftermath_jun-jul,0232_012,USA,military_action,3,False,True
aftermath_jun-jul,0232_012,USA,nuclear_program,14,False,True
aftermath_jun-jul,0232_012,ISRAEL,military_action,1,False,True
aftermath_jun-jul,0232_012,ISRAEL,nuclear_program,18,False,True
aftermath_jun-jul,0232_012,IRAN,military_action,4,True,True
aftermath_jun-jul,0232_012,IRAN,nuclear_program,25,True,True
aftermath_jun-jul,0232_013,IRAN,nuclear_program,12,False,False
aftermath_jun-jul,0232_017,IRAN,nuclear_program,1,False,False
aftermath_jun-jul,0233_000,IRAN,military_action,1,False,False
aftermath_jun-jul,0233_000,IRAN,strike_claims,9,False,False
aftermath_jun-jul,0233_001,IRAN,military_action,5,False,False
aftermath_jun-jul,0233_001,IRAN,nuclear_program,0,False,False
aftermath_jun-jul,0233_001,IAEA,military_action,7,False,False
aftermath_jun-jul,0233_001,IAEA,nuclear_program,11,False,False
aftermath_jun-jul,0233_002,ISRAEL,nuclear_program,10,False,False
aftermath_jun-jul,0233_002,ISRAEL,deterrence,7,False,False
aftermath_jun-jul,0233_002,ISRAEL,strike_claims,5,False,False
aftermath_jun-jul,0233_002,USA,nuclear_program,26,False,False
aftermath_jun-jul,0233_002,USA,deterrence,7,False,False
aftermath_jun-jul,0233_002,USA,strike_claims,21,False,False
aftermath_jun-jul,0233_005,ISRAEL,military_action,2,False,True
aftermath_jun-jul,0233_005,IRAN,military_action,1,False,True
aftermath_jun-jul,0233_007,USA,military_action,4,False,False
aftermath_jun-jul,0233_007,IRAN,military_action,1,False,False
aftermath_jun-jul,0233_008,IRAN,strike_claims,0,True,True
aftermath_jun-jul,0233_008,QATAR,strike_claims,25,False,True
aftermath_jun-jul,0233_008,USA,strike_claims,12,False,True
aftermath_jun-jul,0233_010,USA,diplomacy,6,False,False
aftermath_jun-jul,0233_010,TRUMP,diplomacy,3,False,False
aftermath_jun-jul,0233_010,ISRAEL,diplomacy,2,False,False
aftermath_jun-jul,0233_010,IRAN,diplomacy,4,False,False
aftermath_jun-jul,0233_012,USA,military_action,1,False,False
aftermath_jun-jul,0233_012,IRAN,military_action,1,False,False
climax_w2,0234_000,USA,military_action,0,False,False
climax_w2,0234_000,USA,strike_claims,8,False,False
climax_w2,0234_000,IRAN,military_action,1,False,False
climax_w2,0234_000,IRAN,strike_claims,13,False,False
climax_w2,0234_001,CHINA,military_action,4,False,True
climax_w2,0234_001,CHINA,strike_claims,16,False,True
climax_w2,0234_001,RUSSIA,military_action,27,False,True
climax_w2,0234_001,RUSSIA,strike_claims,14,False,True
climax_w2,0234_001,USA,military_action,24,False,True
climax_w2,0234_001,USA,strike_claims,11,False,True
climax_w2,0234_001,IRAN,military_action,1,False,True
climax_w2,0234_001,IRAN,strike_claims,8,False,True
climax_w2,0234_002,USA,deterrence,4,False,False
climax_w2,0234_002,USA,strike_claims,10,False,False
climax_w2,0234_002,IRAN,deterrence,4,False,False
climax_w2,0234_002,IRAN,strike_claims,0,False,False
climax_w2,0234_003,CHINA,military_action,4,False,False
climax_w2,0234_003,CHINA,nuclear_program,9,False,False
climax_w2,0234_005,CHINA,diplomacy,15,False,False
climax_w2,0234_005,RUSSIA,diplomacy,14,False,False
climax_w2,0234_005,ISRAEL,diplomacy,2,False,False
climax_w2,0234_005,IRAN,diplomacy,5,False,False
climax_w2,0234_007,USA,strike_claims,11,False,False
climax_w2,0234_007,IRAN,strike_claims,0,False,False
climax_w2,0234_008,USA,military_action,0,False,False
climax_w2,0234_008,USA,strike_claims,1,False,False
climax_w2,0234_008,IRAN,military_action,27,False,False
climax_w2,0234_008,IRAN,strike_claims,17,False,False
climax_w2,0234_010,IRAN,nuclear_program,0,False,True
climax_w2,0234_010,IRAN,deterrence,6,False,True
climax_w2,0234_010,IRAN,diplomacy,1,False,True
climax_w2,0234_011,EU,military_action,34,False,False
climax_w2,0234_011,EU,nuclear_program,18,False,False
climax_w2,0234_011,USA,military_action,0,False,False
climax_w2,0234_011,USA,nuclear_program,9,False,False
climax_w2,0234_011,IRAN,military_action,11,False,False
climax_w2,0234_011,IRAN,nuclear_program,2,False,False
climax_w2,0234_011,UK,military_action,1,False,False
climax_w2,0234_011,UK,nuclear_program,0,False,False
climax_w2,0234_011,FRANCE,military_action,11,False,False
climax_w2,0234_011,FRANCE,nuclear_program,2,False,False
climax_w2,0234_011,IAEA,military_action,7,False,False
climax_w2,0234_011,IAEA,nuclear_program,22,False,False
climax_w2,0234_013,FRANCE,military_action,10,False,False
climax_w2,0234_013,FRANCE,deterrence,19,False,False
climax_w2,0234_013,IRAN,military_action,4,False,False
climax_w2,0234_013,IRAN,deterrence,3,False,False
climax_w2,0234_017,USA,military_action,0,False,False
climax_w2,0234_021,USA,nuclear_program,3,False,False
climax_w2,0234_021,IRAN,nuclear_program,0,False,False
climax_w2,0235_000,IRAN,nuclear_program,0,False,False
climax_w2,0235_001,IRAN,nuclear_program,4,False,True
climax_w2,0235_001,IAEA,nuclear_program,19,False,True
climax_w2,0235_002,IRAN,nuclear_program,3,False,False
climax_w2,0235_002,IAEA,nuclear_program,0,False,False
climax_w2,0235_004,USA,military_action,0,False,True
climax_w2,0235_004,USA,nuclear_program,4,False,True
climax_w2,0235_004,IRAN,military_action,1,False,True
climax_w2,0235_004,IRAN,nuclear_program,0,False,True
climax_w2,0235_004,ISRAEL,military_action,18,True,True
climax_w2,0235_004,ISRAEL,nuclear_program,14,True,True
climax_w2,0235_007,ISRAEL,military_action,14,False,False
climax_w2,0235_007,ISRAEL,nuclear_program,18,False,False
climax_w2,0235_007,IRAN,military_action,0,False,False
climax_w2,0235_007,IRAN,nuclear_program,1,False,False
climax_w2,0235_007,USA,military_action,6,False,False
climax_w2,0235_007,USA,nuclear_program,1,False,False
climax_w2,0235_008,IRAN,military_action,7,False,True
climax_w2,0235_008,USA,military_action,0,False,True
climax_w2,0235_010,IRAN,nuclear_program,2,False,False
climax_w2,0235_010,IAEA,nuclear_program,0,False,False
aftermath_jun-jul,0236_001,FRANCE,military_action,35,False,False
aftermath_jun-jul,0236_001,IRAN,military_action,1,False,False
aftermath_jun-jul,0236_001,IAEA,military_action,22,False,False
aftermath_jun-jul,0236_001,PEZESHKIAN,military_action,21,False,False
aftermath_jun-jul,0236_001,USA,military_action,2,False,False
aftermath_jun-jul,0236_001,ISRAEL,military_action,0,False,False
aftermath_jun-jul,0236_002,IRAN,nuclear_program,3,False,False
aftermath_jun-jul,0236_002,IRAN,strike_claims,17,False,False
aftermath_jun-jul,0236_002,IAEA,nuclear_program,0,False,False
aftermath_jun-jul,0236_002,IAEA,strike_claims,26,False,False
aftermath_jun-jul,0236_002,GROSSI,nuclear_program,0,False,False
aftermath_jun-jul,0236_002,GROSSI,strike_claims,25,False,False
aftermath_jun-jul,0236_002,PEZESHKIAN,nuclear_program,5,False,False
aftermath_jun-jul,0236_002,PEZESHKIAN,strike_claims,20,False,False
aftermath_jun-jul,0236_003,PEZESHKIAN,military_action,50,True,True
aftermath_jun-jul,0236_003,PEZESHKIAN,strike_claims,41,True,True
aftermath_jun-jul,0236_003,USA,military_action,4,False,True
aftermath_jun-jul,0236_003,USA,strike_claims,0,False,True
aftermath_jun-jul,0236_003,ISRAEL,military_action,40,False,True
aftermath_jun-jul,0236_003,ISRAEL,strike_claims,31,False,True
aftermath_jun-jul,0236_003,IRAN,military_action,30,False,True
aftermath_jun-jul,0236_003,IRAN,strike_claims,21,False,True
aftermath_jun-jul,0236_005,IAEA,nuclear_program,0,True,True
aftermath_jun-jul,0236_006,ISRAEL,nuclear_program,27,False,False
aftermath_jun-jul,0236_006,IAEA,nuclear_program,0,False,False
aftermath_jun-jul,0236_006,PEZESHKIAN,nuclear_program,1,False,False
aftermath_jun-jul,0236_008,IAEA,nuclear_program,0,False,False
aftermath_jun-jul,0236_008,IRAN,nuclear_program,20,False,False
aftermath_jun-jul,0236_009,IRAN,military_action,18,False,False
aftermath_jun-jul,0236_009,IRAN,nuclear_program,4,False,False
aftermath_jun-jul,0236_009,IAEA,military_action,13,False,False
aftermath_jun-jul,0236_009,IAEA,nuclear_program,0,False,False
aftermath_jun-jul,0236_010,IRAN,nuclear_program,24,False,False
aftermath_jun-jul,0236_010,PEZESHKIAN,nuclear_program,8,False,False
aftermath_jun-jul,0236_010,IAEA,nuclear_program,0,False,False
aftermath_jun-jul,0236_011,ISRAEL,military_action,12,False,False
aftermath_jun-jul,0236_011,ISRAEL,nuclear_program,32,False,False
aftermath_jun-jul,0236_011,IRAN,military_action,0,False,False
aftermath_jun-jul,0236_011,IRAN,nuclear_program,1,False,False
aftermath_jun-jul,0236_011,USA,military_action,10,False,False
aftermath_jun-jul,0236_011,USA,nuclear_program,8,False,False
aftermath_jun-jul,0236_013,IRAN,military_action,0,False,False
aftermath_jun-jul,0236_014,ISRAEL,military_action,2,False,False
aftermath_jun-jul,0236_015,USA,military_action,0,False,False
aftermath_jun-jul,0236_015,IRAN,military_action,0,False,False
aftermath_jun-jul,0236_015,QATAR,military_action,14,False,False
aftermath_jun-jul,0236_018,IRAN,nuclear_program,2,False,False
aftermath_jun-jul,0236_018,IAEA,nuclear_program,0,False,False
aftermath_jun-jul,0237_010,ISRAEL,military_action,0,False,False
aftermath_jun-jul,0237_010,IRAN,military_action,5,False,False
aftermath_jun-jul,0237_014,ISRAEL,nuclear_program,17,False,True
aftermath_jun-jul,0237_014,IRAN,nuclear_program,1,False,True
aftermath_jun-jul,0237_014,USA,nuclear_program,4,False,True
aftermath_jun-jul,0237_015,USA,military_action,0,True,True
aftermath_jun-jul,0237_015,USA,nuclear_program,2,True,True
aftermath_jun-jul,0237_015,IRAN,military_action,4,False,True
aftermath_jun-jul,0237_015,IRAN,nuclear_program,1,False,True
aftermath_jun-jul,0237_017,ISRAEL,military_action,2,False,False
aftermath_jun-jul,0237_021,IRAN,deterrence,5,False,False
aftermath_jun-jul,0237_021,ISRAEL,deterrence,4,False,False
aftermath_jun-jul,0238_000,IRAN,nuclear_program,20,False,False
aftermath_jun-jul,0238_001,IAEA,nuclear_program,19,False,True
aftermath_jun-jul,0238_001,GROSSI,nuclear_program,13,False,True
aftermath_jun-jul,0238_001,ISRAEL,nuclear_program,8,False,True
aftermath_jun-jul,0238_002,GROSSI,nuclear_program,19,False,False
aftermath_jun-jul,0238_002,ISRAEL,nuclear_program,6,False,False
aftermath_jun-jul,0238_002,USA,nuclear_program,2,False,False
aftermath_jun-jul,0238_002,IRAN,nuclear_program,0,False,False
aftermath_jun-jul,0238_003,IAEA,nuclear_program,0,False,False
aftermath_jun-jul,0238_003,IRAN,nuclear_program,6,False,False
aftermath_jun-jul,0238_008,IAEA,nuclear_program,0,False,False
aftermath_jun-jul,0238_008,IRAN,nuclear_program,4,False,False
aftermath_jun-jul,0239_002,ISRAEL,military_action,12,False,False
aftermath_jun-jul,0239_002,ISRAEL,nuclear_program,32,False,False
aftermath_jun-jul,0239_002,IRAN,military_action,0,False,False
aftermath_jun-jul,0239_002,IRAN,nuclear_program,1,False,False
aftermath_jun-jul,0239_002,USA,military_action,10,False,False
aftermath_jun-jul,0239_002,USA,nuclear_program,8,False,False
aftermath_jun-jul,0239_004,IRAN,military_action,0,False,False
aftermath_jun-jul,0239_005,ISRAEL,military_action,2,False,False
aftermath_jun-jul,0239_006,USA,military_action,0,False,False
aftermath_jun-jul,0239_006,IRAN,military_action,0,False,False
aftermath_jun-jul,0239_006,QATAR,military_action,14,False,False
climax_w1,0240_001,IRAN,nuclear_program,0,False,False
climax_w1,0240_001,FRANCE,nuclear_program,8,False,False
climax_w1,0240_002,IRAN,military_action,3,False,True
climax_w1,0240_002,IRAN,nuclear_program,0,False,True
climax_w1,0240_002,IRAN,strike_claims,6,False,True
climax_w1,0240_002,ISRAEL,military_action,4,False,True
climax_w1,0240_002,ISRAEL,nuclear_program,25,False,True
climax_w1,0240_002,ISRAEL,strike_claims,16,False,True
climax_w1,0240_004,ISRAEL,military_action,0,False,False
climax_w1,0240_004,IRAN,military_action,11,False,False
climax_w1,0240_009,IRAN,military_action,16,False,True
climax_w1,0240_009,IRAN,strike_claims,3,False,True
climax_w1,0240_009,ISRAEL,military_action,0,False,True
climax_w1,0240_009,ISRAEL,strike_claims,34,False,True
climax_w1,0240_010,IRAN,military_action,0,True,True
climax_w1,0240_010,IRAN,strike_claims,6,True,True
climax_w1,0240_012,ISRAEL,military_action,3,False,False
climax_w1,0240_012,IRAN,military_action,1,False,False
climax_w1,0240_013,ISRAEL,deterrence,1,False,False
climax_w1,0240_013,IRAN,deterrence,11,False,False
climax_w1,0240_015,ISRAEL,military_action,5,False,False
climax_w1,0240_015,IRAN,military_action,1,False,False
climax_w1,0240_017,ISRAEL,military_action,11,False,True
climax_w1,0240_018,IRAN,nuclear_program,1,False,False
climax_w1,0240_018,FRANCE,nuclear_program,4,False,False
climax_w1,0240_019,FRANCE,nuclear_program,3,False,False
climax_w1,0240_019,IRAN,nuclear_program,0,False,False
climax_w2,0241_000,IRAN,military_action,2,False,False
climax_w2,0241_000,IRAN,diplomacy,7,False,False
climax_w2,0241_002,IRAN,diplomacy,15,False,False
climax_w2,0241_004,IRAN,military_action,1,False,True
climax_w2,0241_006,ARAGHCHI,military_action,10,False,True
climax_w2,0241_006,ARAGHCHI,diplomacy,7,False,True
climax_w2,0241_006,IRAN,military_action,7,False,True
climax_w2,0241_006,IRAN,diplomacy,4,False,True
climax_w2,0241_006,ISRAEL,military_action,4,False,True
climax_w2,0241_006,ISRAEL,diplomacy,7,False,True
climax_w2,0241_007,ISRAEL,diplomacy,10,False,False
climax_w2,0241_007,NETANYAHU,diplomacy,6,False,False
climax_w2,0241_007,USA,diplomacy,3,False,False
climax_w2,0241_007,TRUMP,diplomacy,5,False,False
climax_w2,0241_008,TRUMP,military_action,16,False,False
climax_w2,0241_008,ISRAEL,military_action,0,False,False
climax_w2,0241_008,IRAN,military_action,1,False,False
climax_w2,0241_009,IRAN,deterrence,12,False,False
climax_w2,0241_009,ISRAEL,deterrence,8,False,False
climax_w2,0241_009,USA,deterrence,6,False,False
climax_w2,0241_010,IRAN,strike_claims,0,False,False
climax_w2,0241_010,ISRAEL,strike_claims,7,False,False
climax_w2,0241_010,USA,strike_claims,4,False,False
climax_w2,0241_015,IRAN,military_action,0,True,True
climax_w2,0241_015,ISRAEL,military_action,0,False,True
climax_w2,0241_016,IRAN,diplomacy,3,False,False
climax_w2,0241_016,ISRAEL,diplomacy,2,False,False
climax_w2,0241_016,GAZA,diplomacy,9,False,False
climax_w2,0241_016,LEBANON,diplomacy,11,False,False
climax_w2,0241_017,USA,diplomacy,2,False,False
climax_w2,0241_017,IRAN,diplomacy,17,False,False
climax_w2,0242_003,RUSSIA,diplomacy,7,True,True
climax_w2,0242_005,ARAGHCHI,military_action,6,True,True
climax_w2,0242_005,ARAGHCHI,strike_claims,19,True,True
climax_w2,0242_005,RUSSIA,military_action,3,False,True
climax_w2,0242_005,RUSSIA,strike_claims,7,False,True
climax_w2,0242_005,IRAN,military_action,1,False,True
climax_w2,0242_005,IRAN,strike_claims,9,False,True
climax_w2,0242_005,ISRAEL,military_action,24,False,True
climax_w2,0242_005,ISRAEL,strike_claims,11,False,True
climax_w2,0242_005,USA,military_action,3,False,True
climax_w2,0242_005,USA,strike_claims,7,False,True
climax_w2,0242_006,IRAN,strike_claims,1,True,True
climax_w2,0242_006,ARAGHCHI,strike_claims,13,False,True
climax_w2,0242_007,PUTIN,military_action,6,True,True
climax_w2,0242_007,RUSSIA,military_action,3,False,True
climax_w2,0242_007,IRAN,military_action,1,False,True
climax_w2,0242_010,ISRAEL,military_action,14,False,True
climax_w2,0242_010,ISRAEL,nuclear_program,18,False,True
climax_w2,0242_010,IRAN,military_action,0,False,True
climax_w2,0242_010,IRAN,nuclear_program,1,False,True
climax_w2,0242_010,USA,military_action,6,False,True
climax_w2,0242_010,USA,nuclear_program,1,False,True
climax_w2,0242_012,RUSSIA,military_action,3,False,False
climax_w2,0242_012,IRAN,military_action,1,False,False
aftermath_jun-jul,0243_001,IRAN,strike_claims,4,False,False
aftermath_jun-jul,0243_001,ISRAEL,strike_claims,4,False,False
aftermath_jun-jul,0243_001,USA,strike_claims,16,False,False
aftermath_jun-jul,0243_003,USA,military_action,3,False,False
aftermath_jun-jul,0243_003,USA,strike_claims,2,False,False
aftermath_jun-jul,0243_003,IRAN,military_action,13,False,False
aftermath_jun-jul,0243_003,IRAN,strike_claims,4,False,False
aftermath_jun-jul,0243_007,IRAN,nuclear_program,30,False,False
aftermath_jun-jul,0243_007,IRAN,deterrence,21,False,False
aftermath_jun-jul,0243_008,UN_SECURITY_COUNCIL,military_action,22,False,False
aftermath_jun-jul,0243_008,UN_SECURITY_COUNCIL,nuclear_program,37,False,False
aftermath_jun-jul,0243_008,UN_SECURITY_COUNCIL,strike_claims,46,False,False
aftermath_jun-jul,0243_008,USA,military_action,1,False,False
aftermath_jun-jul,0243_008,USA,nuclear_program,16,False,False
aftermath_jun-jul,0243_008,USA,strike_claims,25,False,False
aftermath_jun-jul,0243_008,IRAN,military_action,9,False,False
aftermath_jun-jul,0243_008,IRAN,nuclear_program,4,False,False
aftermath_jun-jul,0243_008,IRAN,strike_claims,13,False,False
aftermath_jun-jul,0243_009,USA,military_action,0,False,False
aftermath_jun-jul,0243_009,USA,strike_claims,10,False,False
aftermath_jun-jul,0243_010,USA,military_action,22,False,False
aftermath_jun-jul,0243_011,USA,military_action,10,False,False
aftermath_jun-jul,0243_011,ISRAEL,military_action,7,False,False
aftermath_jun-jul,0243_011,IRAN,military_action,1,False,False
aftermath_jun-jul,0243_012,USA,military_action,27,False,False
aftermath_jun-jul,0243_012,ISRAEL,military_action,9,False,False
aftermath_jun-jul,0243_014,USA,strike_claims,7,False,False
aftermath_jun-jul,0243_018,USA,deterrence,4,False,True
aftermath_jun-jul,0243_018,IRAN,deterrence,2,False,True
aftermath_jun-jul,0243_018,ISRAEL,deterrence,2,False,True
aftermath_jun-jul,0243_019,IAEA,nuclear_program,0,False,True
aftermath_jun-jul,0243_019,IRAN,nuclear_program,8,True,True
aftermath_jun-jul,0243_020,IRAN,nuclear_program,3,False,False
aftermath_jun-jul,0243_023,IRAN,nuclear_program,10,False,False
aftermath_jun-jul,0243_023,IAEA,nuclear_program,0,False,False
aftermath_jun-jul,0243_024,IRAN,military_action,17,False,False
aftermath_jun-jul,0243_024,IRAN,nuclear_program,13,False,False
aftermath_jun-jul,0243_026,IRAN,military_action,10,False,True
aftermath_jun-jul,0243_026,IRAN,nuclear_program,0,False,True
aftermath_jun-jul,0243_026,IRAN,deterrence,5,False,True
aftermath_jun-jul,0243_026,USA,military_action,2,False,True
aftermath_jun-jul,0243_026,USA,nuclear_program,14,False,True
aftermath_jun-jul,0243_026,USA,deterrence,7,False,True
aftermath_jun-jul,0243_026,ISRAEL,military_action,15,False,True
aftermath_jun-jul,0243_026,ISRAEL,nuclear_program,2,False,True
aftermath_jun-jul,0243_026,ISRAEL,deterrence,10,False,True
aftermath_jun-jul,0243_027,USA,strike_claims,15,True,True
aftermath_jun-jul,0243_027,ISRAEL,strike_claims,12,False,True
aftermath_jun-jul,0243_029,IRAN,nuclear_program,0,False,True
aftermath_jun-jul,0243_029,USA,nuclear_program,8,False,True
aftermath_jun-jul,0243_029,ISRAEL,nuclear_program,6,False,True
aftermath_jun-jul,0243_030,UN_SECURITY_COUNCIL,military_action,2,False,False
aftermath_jun-jul,0243_031,IAEA,military_action,12,False,True
aftermath_jun-jul,0243_031,IAEA,nuclear_program,18,False,True
aftermath_jun-jul,0243_031,IAEA,deterrence,14,False,True
aftermath_jun-jul,0243_031,IAEA,strike_claims,7,False,True
aftermath_jun-jul,0243_032,IAEA,nuclear_program,0,False,False
aftermath_jun-jul,0243_033,USA,military_action,2,False,False
aftermath_jun-jul,0243_033,USA,nuclear_program,16,False,False
aftermath_jun-jul,0243_033,ISRAEL,military_action,0,False,False
aftermath_jun-jul,0243_033,ISRAEL,nuclear_program,14,False,False
aftermath_jun-jul,0243_036,IRAN,diplomacy,8,False,True
aftermath_jun-jul,0243_036,USA,diplomacy,3,False,True
aftermath_jun-jul,0243_036,EU,diplomacy,5,False,True
aftermath_jun-jul,0243_037,USA,diplomacy,5,False,False
aftermath_jun-jul,0243_038,IRAN,military_action,1,False,False
aftermath_jun-jul,0243_038,IRAN,diplomacy,13,False,False
aftermath_jun-jul,0243_038,USA,military_action,12,False,False
aftermath_jun-jul,0243_038,USA,diplomacy,18,False,False
aftermath_jun-jul,0243_038,ISRAEL,military_action,4,False,False
aftermath_jun-jul,0243_038,ISRAEL,diplomacy,28,False,False
aftermath_jun-jul,0243_039,ISRAEL,military_action,6,False,False
aftermath_jun-jul,0243_039,USA,military_action,1,False,False
aftermath_jun-jul,0243_040,USA,military_action,12,False,False
aftermath_jun-jul,0243_041,USA,diplomacy,3,False,False
aftermath_jun-jul,0243_041,ISRAEL,diplomacy,7,False,False
aftermath_jun-jul,0243_041,IRAN,diplomacy,10,False,False
aftermath_jun-jul,0243_046,ISRAEL,strike_claims,36,False,False
aftermath_jun-jul,0243_047,USA,deterrence,26,False,False
aftermath_jun-jul,0243_047,USA,strike_claims,33,False,False
aftermath_jun-jul,0243_048,IAEA,nuclear_program,27,False,False
aftermath_jun-jul,0243_048,IAEA,strike_claims,8,False,False
aftermath_jun-jul,0243_052,USA,strike_claims,21,False,False
aftermath_jun-jul,0243_052,ISRAEL,strike_claims,19,False,False
aftermath_jun-jul,0243_055,IRAN,military_action,4,False,False
aftermath_jun-jul,0243_058,USA,military_action,23,False,False
aftermath_jun-jul,0243_058,USA,strike_claims,28,False,False
aftermath_jun-jul,0243_058,ISRAEL,military_action,3,False,False
aftermath_jun-jul,0243_058,ISRAEL,strike_claims,8,False,False
aftermath_jun-jul,0243_058,IRAN,military_action,12,False,False
aftermath_jun-jul,0243_058,IRAN,strike_claims,7,False,False
aftermath_jun-jul,0243_059,USA,nuclear_program,22,False,False
aftermath_jun-jul,0243_059,USA,deterrence,53,False,False
aftermath_jun-jul,0243_059,USA,strike_claims,85,False,False
aftermath_jun-jul,0243_059,ISRAEL,nuclear_program,9,False,False
aftermath_jun-jul,0243_059,ISRAEL,deterrence,19,False,False
aftermath_jun-jul,0243_059,ISRAEL,strike_claims,51,False,False
aftermath_jun-jul,0243_059,IRAN,nuclear_program,2,False,False
aftermath_jun-jul,0243_059,IRAN,deterrence,65,False,False
aftermath_jun-jul,0243_059,IRAN,strike_claims,32,False,False
aftermath_jun-jul,0243_063,IRAN,nuclear_program,36,False,True
aftermath_jun-jul,0243_063,IRAN,strike_claims,23,False,True
aftermath_jun-jul,0243_063,UN_SECURITY_COUNCIL,nuclear_program,71,False,True
aftermath_jun-jul,0243_063,UN_SECURITY_COUNCIL,strike_claims,58,False,True
aftermath_jun-jul,0243_063,ISRAEL,nuclear_program,29,False,True
aftermath_jun-jul,0243_063,ISRAEL,strike_claims,16,False,True
aftermath_jun-jul,0243_063,USA,nuclear_program,24,False,True
aftermath_jun-jul,0243_063,USA,strike_claims,11,False,True
aftermath_jun-jul,0243_063,IAEA,nuclear_program,0,False,True
aftermath_jun-jul,0243_063,IAEA,strike_claims,11,False,True
aftermath_jun-jul,0243_065,IRAN,nuclear_program,44,False,True
aftermath_jun-jul,0243_065,UN_SECURITY_COUNCIL,nuclear_program,29,False,True
aftermath_jun-jul,0243_065,ISRAEL,nuclear_program,6,False,True
aftermath_jun-jul,0243_065,IAEA,nuclear_program,7,False,True
aftermath_jun-jul,0243_076,ISRAEL,strike_claims,3,False,False
aftermath_jun-jul,0243_076,IRAN,strike_claims,4,False,False
aftermath_jun-jul,0243_076,USA,strike_claims,15,False,False
climax_w2,0244_000,IRAN,military_action,19,False,False
climax_w2,0244_000,QATAR,military_action,6,False,False
climax_w2,0244_002,USA,military_action,30,False,True
climax_w2,0244_002,USA,strike_claims,39,False,True
climax_w2,0244_002,IRAN,military_action,1,False,True
climax_w2,0244_002,IRAN,strike_claims,2,False,True
climax_w2,0244_007,ISRAEL,military_action,14,False,False
climax_w2,0244_007,ISRAEL,nuclear_program,18,False,False
climax_w2,0244_007,IRAN,military_action,0,False,False
climax_w2,0244_007,IRAN,nuclear_program,1,False,False
climax_w2,0244_007,USA,military_action,6,False,False
climax_w2,0244_007,USA,nuclear_program,1,False,False
climax_w2,0244_008,IRAN,military_action,4,True,True
climax_w2,0244_008,USA,military_action,0,False,True
climax_w2,0244_008,QATAR,military_action,10,False,True
climax_w1,0245_002,ISRAEL,military_action,2,False,False
climax_w1,0245_002,ISRAEL,diplomacy,13,False,False
climax_w1,0245_002,IRAN,military_action,1,False,False
climax_w1,0245_002,IRAN,diplomacy,6,False,False
climax_w1,0245_002,USA,military_action,6,False,False
climax_w1,0245_002,USA,diplomacy,3,False,False
climax_w1,0245_003,IRAN,military_action,1,False,False
climax_w1,0245_003,IRAN,strike_claims,14,False,False
climax_w1,0245_004,ISRAEL,military_action,0,False,False
climax_w1,0245_004,ISRAEL,strike_claims,17,False,False
climax_w1,0245_004,IAEA,military_action,7,False,False
climax_w1,0245_004,IAEA,strike_claims,3,False,False
climax_w1,0245_004,IRAN,military_action,25,False,False
climax_w1,0245_004,IRAN,strike_claims,7,False,False
climax_w1,0245_006,IRAN,nuclear_program,0,False,False
climax_w1,0245_011,IRAN,military_action,2,False,True
climax_w1,0245_011,ISRAEL,military_action,1,True,True
climax_w1,0245_012,IRAN,military_action,6,False,False
climax_w1,0245_012,ISRAEL,military_action,0,False,False
climax_w1,0245_013,IRAN,nuclear_program,0,False,True
climax_w1,0245_014,ISRAEL,deterrence,11,False,False
climax_w1,0245_016,ISRAEL,military_action,1,False,False
climax_w1,0245_016,IRAN,military_action,0,False,False
climax_w1,0245_017,IRAN,military_action,6,False,False
climax_w1,0245_022,ISRAEL,military_action,2,False,False
climax_w1,0245_023,ISRAEL,military_action,5,False,False
climax_w1,0245_025,IRAN,military_action,1,False,False
climax_w1,0245_025,IRAN,strike_claims,14,False,False
climax_w1,0245_025,ISRAEL,military_action,0,False,False
climax_w1,0245_025,ISRAEL,strike_claims,17,False,False
aftermath_jun-jul,0246_002,IRAN,nuclear_program,2,True,True
aftermath_jun-jul,0246_002,IAEA,nuclear_program,0,False,True
aftermath_jun-jul,0246_004,IRAN,nuclear_program,2,True,True
aftermath_jun-jul,0246_004,IAEA,nuclear_program,0,False,True
aftermath_jun-jul,0246_006,IRAN,military_action,5,False,False
aftermath_jun-jul,0246_006,USA,military_action,2,False,False
aftermath_jun-jul,0246_006,ISRAEL,military_action,5,False,False
aftermath_jun-jul,0246_010,IAEA,military_action,34,False,False
aftermath_jun-jul,0246_010,IAEA,nuclear_program,37,False,False
aftermath_jun-jul,0246_010,GROSSI,military_action,31,False,False
aftermath_jun-jul,0246_010,GROSSI,nuclear_program,34,False,False
aftermath_jun-jul,0246_010,IRAN,military_action,5,False,False
aftermath_jun-jul,0246_010,IRAN,nuclear_program,1,False,False
aftermath_jun-jul,0246_010,ISRAEL,military_action,15,False,False
aftermath_jun-jul,0246_010,ISRAEL,nuclear_program,18,False,False
aftermath_jun-jul,0246_010,USA,military_action,1,False,False
aftermath_jun-jul,0246_010,USA,nuclear_program,4,False,False
aftermath_jun-jul,0246_012,IAEA,nuclear_program,0,False,False
aftermath_jun-jul,0246_012,IRAN,nuclear_program,4,False,False
aftermath_jun-jul,0247_007,IRAN,military_action,6,False,True
aftermath_jun-jul,0247_007,ISRAEL,military_action,1,False,True
aftermath_jun-jul,0247_009,IRAN,military_action,3,False,False
aftermath_jun-jul,0247_014,ISRAEL,nuclear_program,17,False,True
aftermath_jun-jul,0247_014,IRAN,nuclear_program,1,False,True
aftermath_jun-jul,0247_014,USA,nuclear_program,4,False,True
aftermath_jun-jul,0247_015,USA,military_action,0,True,True
aftermath_jun-jul,0247_015,USA,nuclear_program,2,True,True
aftermath_jun-jul,0247_015,IRAN,military_action,4,False,True
aftermath_jun-jul,0247_015,IRAN,nuclear_program,1,False,True
aftermath_jun-jul,0247_017,ISRAEL,military_action,2,False,False
aftermath_jun-jul,0247_018,ISRAEL,diplomacy,11,False,True
aftermath_jun-jul,0247_018,IRAN,diplomacy,20,False,True
aftermath_jun-jul,0248_000,IRAN,military_action,39,False,False
aftermath_jun-jul,0248_000,IRAN,nuclear_program,25,False,False
aftermath_jun-jul,0248_000,IRAN,strike_claims,21,False,False
aftermath_jun-jul,0248_000,ISRAEL,military_action,62,False,False
aftermath_jun-jul,0248_000,ISRAEL,nuclear_program,48,False,False
aftermath_jun-jul,0248_000,ISRAEL,strike_claims,44,False,False
aftermath_jun-jul,0248_000,USA,military_action,58,False,False
aftermath_jun-jul,0248_000,USA,nuclear_program,44,False,False
aftermath_jun-jul,0248_000,USA,strike_claims,40,False,False
aftermath_jun-jul,0248_001,ISRAEL,strike_claims,29,False,False
aftermath_jun-jul,0248_001,USA,strike_claims,21,False,False
aftermath_jun-jul,0248_001,IRAN,strike_claims,23,False,False
aftermath_jun-jul,0248_005,ISRAEL,military_action,12,False,False
aftermath_jun-jul,0248_005,ISRAEL,nuclear_program,32,False,False
aftermath_jun-jul,0248_005,IRAN,military_action,0,False,False
aftermath_jun-jul,0248_005,IRAN,nuclear_program,1,False,False
aftermath_jun-jul,0248_005,USA,military_action,10,False,False
aftermath_jun-jul,0248_005,USA,nuclear_program,8,False,False
aftermath_jun-jul,0248_007,IRAN,military_action,0,False,False
aftermath_jun-jul,0248_008,ISRAEL,military_action,2,False,False
aftermath_jun-jul,0248_009,USA,military_action,0,False,False
aftermath_jun-jul,0248_009,IRAN,military_action,0,False,False
aftermath_jun-jul,0248_009,QATAR,military_action,14,False,False
aftermath_jun-jul,0249_000,IAEA,nuclear_program,0,False,False
aftermath_jun-jul,0249_002,IRAN,military_action,2,False,False
aftermath_jun-jul,0249_002,IRAN,nuclear_program,4,False,False
aftermath_jun-jul,0249_002,IAEA,military_action,7,False,False
aftermath_jun-jul,0249_002,IAEA,nuclear_program,0,False,False
aftermath_jun-jul,0249_002,RUSSIA,military_action,11,False,False
aftermath_jun-jul,0249_002,RUSSIA,nuclear_program,3,False,False
aftermath_jun-jul,0249_004,USA,nuclear_program,5,False,False
aftermath_jun-jul,0249_004,IRAN,nuclear_program,1,False,False
aftermath_jun-jul,0249_007,IRAN,nuclear_program,14,False,False
aftermath_jun-jul,0249_007,IAEA,nuclear_program,0,False,False
aftermath_jun-jul,0249_008,RUSSIA,deterrence,15,False,False
aftermath_jun-jul,0249_011,UN_SECURITY_COUNCIL,nuclear_program,2,False,False
aftermath_jun-jul,0249_012,IRAN,military_action,1,False,False
aftermath_jun-jul,0249_012,IRAN,nuclear_program,7,False,False
aftermath_jun-jul,0249_013,USA,military_action,1,False,False
aftermath_jun-jul,0249_013,ISRAEL,military_action,6,False,False
aftermath_jun-jul,0249_015,RUSSIA,military_action,3,False,False
aftermath_jun-jul,0249_015,RUSSIA,nuclear_program,13,False,False
aftermath_jun-jul,0249_015,IRAN,military_action,1,False,False
aftermath_jun-jul,0249_015,IRAN,nuclear_program,7,False,False
aftermath_jun-jul,0249_015,IAEA,military_action,9,False,False
aftermath_jun-jul,0249_015,IAEA,nuclear_program,0,False,False
aftermath_jun-jul,0249_016,ISRAEL,nuclear_program,3,False,True
aftermath_jun-jul,0249_018,RUSSIA,military_action,9,False,False
aftermath_jun-jul,0249_018,RUSSIA,nuclear_program,5,False,False
aftermath_jun-jul,0249_018,IRAN,military_action,7,False,False
aftermath_jun-jul,0249_018,IRAN,nuclear_program,3,False,False
aftermath_jun-jul,0249_018,IAEA,military_action,3,False,False
aftermath_jun-jul,0249_018,IAEA,nuclear_program,0,False,False
aftermath_jun-jul,0249_018,USA,military_action,0,False,False
aftermath_jun-jul,0249_018,USA,nuclear_program,0,False,False
climax_w1,0250_001,IAEA,nuclear_program,12,False,True
climax_w1,0250_001,IAEA,strike_claims,5,False,True
climax_w1,0250_001,GROSSI,nuclear_program,4,False,True
climax_w1,0250_001,GROSSI,strike_claims,1,False,True
climax_w1,0250_001,IRAN,nuclear_program,1,False,True
climax_w1,0250_001,IRAN,strike_claims,9,False,True
climax_w1,0250_002,GROSSI,nuclear_program,4,False,True
climax_w1,0250_002,IRAN,nuclear_program,1,False,True
climax_w1,0250_003,GROSSI,strike_claims,0,False,False
climax_w1,0250_003,IRAN,strike_claims,2,False,False
climax_w1,0250_008,ISRAEL,military_action,1,False,False
climax_w1,0250_008,IRAN,military_action,0,False,False
climax_w1,0250_009,IRAN,military_action,6,False,False
climax_w1,0250_014,ISRAEL,military_action,2,False,False
climax_w1,0250_015,IRAN,strike_claims,2,False,False
climax_w1,0250_015,GROSSI,strike_claims,0,False,False
climax_w1,0250_016,IAEA,strike_claims,2,False,False
climax_w1,0250_016,GROSSI,strike_claims,4,False,False
aftermath_jun-jul,0251_001,IAEA,military_action,35,False,False
aftermath_jun-jul,0251_001,IAEA,nuclear_program,38,False,False
aftermath_jun-jul,0251_001,GROSSI,military_action,31,False,False
aftermath_jun-jul,0251_001,GROSSI,nuclear_program,34,False,False
aftermath_jun-jul,0251_001,IRAN,military_action,5,False,False
aftermath_jun-jul,0251_001,IRAN,nuclear_program,1,False,False
aftermath_jun-jul,0251_001,ISRAEL,military_action,15,False,False
aftermath_jun-jul,0251_001,ISRAEL,nuclear_program,18,False,False
aftermath_jun-jul,0251_001,USA,military_action,1,False,False
aftermath_jun-jul,0251_001,USA,nuclear_program,4,False,False
aftermath_jun-jul,0251_002,IRAN,military_action,1,False,True
aftermath_jun-jul,0251_002,IAEA,military_action,6,True,True
aftermath_jun-jul,0251_003,IAEA,nuclear_program,0,False,True
aftermath_jun-jul,0251_004,IAEA,nuclear_program,0,False,False
aftermath_jun-jul,0251_004,IRAN,nuclear_program,4,False,False
aftermath_jun-jul,0251_005,IRAN,nuclear_program,1,False,False
aftermath_jun-jul,0251_007,IRAN,nuclear_program,2,False,False
aftermath_jun-jul,0251_007,IAEA,nuclear_program,0,False,False
aftermath_jun-jul,0252_004,ISRAEL,military_action,12,False,False
aftermath_jun-jul,0252_004,ISRAEL,nuclear_program,32,False,False
aftermath_jun-jul,0252_004,IRAN,military_action,0,False,False
aftermath_jun-jul,0252_004,IRAN,nuclear_program,1,False,False
aftermath_jun-jul,0252_004,USA,military_action,10,False,False
aftermath_jun-jul,0252_004,USA,nuclear_program,8,False,False
aftermath_jun-jul,0252_006,IRAN,military_action,0,False,False
aftermath_jun-jul,0252_007,ISRAEL,military_action,2,False,False
aftermath_jun-jul,0252_008,USA,military_action,0,False,False
aftermath_jun-jul,0252_008,IRAN,military_action,0,False,False
aftermath_jun-jul,0252_008,QATAR,military_action,14,False,False
aftermath_jun-jul,0253_002,IRAN,military_action,0,False,False
aftermath_jun-jul,0253_002,ISRAEL,military_action,8,False,False
aftermath_jun-jul,0253_008,ISRAEL,military_action,12,False,False
aftermath_jun-jul,0253_008,ISRAEL,nuclear_program,32,False,False
aftermath_jun-jul,0253_008,IRAN,military_action,0,False,False
aftermath_jun-jul,0253_008,IRAN,nuclear_program,1,False,False
aftermath_jun-jul,0253_008,USA,military_action,10,False,False
aftermath_jun-jul,0253_008,USA,nuclear_program,8,False,False
aftermath_jun-jul,0253_010,IRAN,military_action,0,False,False
aftermath_jun-jul,0253_011,ISRAEL,military_action,2,False,False
aftermath_jun-jul,0253_012,USA,military_action,0,False,False
aftermath_jun-jul,0253_012,IRAN,military_action,0,False,False
aftermath_jun-jul,0253_012,QATAR,military_action,14,False,False
climax_w1,0254_001,IRAN,nuclear_program,0,False,False
climax_w1,0254_001,FRANCE,nuclear_program,11,False,False
climax_w1,0254_002,IRAN,military_action,3,False,True
climax_w1,0254_002,IRAN,nuclear_program,0,False,True
climax_w1,0254_002,IRAN,strike_claims,6,False,True
climax_w1,0254_002,ISRAEL,military_action,4,False,True
climax_w1,0254_002,ISRAEL,nuclear_program,25,False,True
climax_w1,0254_002,ISRAEL,strike_claims,16,False,True
climax_w1,0254_004,ISRAEL,military_action,0,False,False
climax_w1,0254_004,IRAN,military_action,11,False,False
climax_w1,0254_009,IRAN,military_action,16,False,True
climax_w1,0254_009,IRAN,strike_claims,3,False,True
climax_w1,0254_009,ISRAEL,military_action,0,False,True
climax_w1,0254_009,ISRAEL,strike_claims,34,False,True
climax_w1,0254_010,IRAN,military_action,0,True,True
climax_w1,0254_010,IRAN,strike_claims,6,True,True
climax_w1,0254_012,ISRAEL,military_action,3,False,False
climax_w1,0254_012,IRAN,military_action,1,False,False
climax_w1,0254_013,ISRAEL,deterrence,1,False,False
climax_w1,0254_013,IRAN,deterrence,11,False,False
climax_w1,0254_015,ISRAEL,military_action,5,False,False
climax_w1,0254_015,IRAN,military_action,1,False,False
climax_w1,0254_017,ISRAEL,military_action,11,False,True
climax_w1,0254_018,IRAN,nuclear_program,1,False,False
climax_w1,0254_018,FRANCE,nuclear_program,4,False,False
climax_w1,0254_019,FRANCE,nuclear_program,5,False,False
climax_w1,0254_019,IRAN,nuclear_program,0,False,False
climax_w2,0255_000,USA,nuclear_program,15,False,False
climax_w2,0255_000,IRAN,nuclear_program,12,False,False
climax_w2,0255_001,USA,military_action,6,False,True
climax_w2,0255_001,USA,nuclear_program,7,False,True
climax_w2,0255_001,IAEA,military_action,9,False,True
climax_w2,0255_001,IAEA,nuclear_program,0,False,True
climax_w2,0255_002,IAEA,nuclear_program,0,False,False
climax_w2,0255_003,IAEA,strike_claims,12,False,False
climax_w2,0255_008,IRAN,military_action,6,False,False
climax_w2,0255_008,IRAN,nuclear_program,13,False,False
climax_w2,0255_013,TRUMP,nuclear_program,3,False,False
climax_w2,0255_013,TRUMP,strike_claims,2,False,False
climax_w2,0255_015,USA,military_action,3,False,False
climax_w2,0255_017,USA,military_action,6,False,False
climax_w2,0255_017,USA,deterrence,3,False,False
climax_w2,0255_017,TRUMP,military_action,3,False,False
climax_w2,0255_017,TRUMP,deterrence,19,False,False
climax_w2,0255_017,ISRAEL,military_action,4,False,False
climax_w2,0255_017,ISRAEL,deterrence,10,False,False
climax_w2,0255_017,IRAN,military_action,7,False,False
climax_w2,0255_017,IRAN,deterrence,7,False,False
climax_w2,0255_019,IRAN,military_action,3,False,False
climax_w2,0255_019,USA,military_action,1,False,False
climax_w2,0255_019,ISRAEL,military_action,0,False,False
aftermath_jun-jul,0256_005,ISRAEL,military_action,12,False,False
aftermath_jun-jul,0256_005,ISRAEL,nuclear_program,32,False,False
aftermath_jun-jul,0256_005,IRAN,military_action,0,False,False
aftermath_jun-jul,0256_005,IRAN,nuclear_program,1,False,False
aftermath_jun-jul,0256_005,USA,military_action,10,False,False
aftermath_jun-jul,0256_005,USA,nuclear_program,8,False,False
aftermath_jun-jul,0256_006,QATAR,military_action,12,False,False
aftermath_jun-jul,0256_006,QATAR,nuclear_program,17,False,False
aftermath_jun-jul,0256_006,QATAR,deterrence,9,False,False
aftermath_jun-jul,0256_006,USA,military_action,0,False,False
aftermath_jun-jul,0256_006,USA,nuclear_program,5,False,False
aftermath_jun-jul,0256_006,USA,deterrence,1,False,False
aftermath_jun-jul,0256_006,IRAN,military_action,3,False,False
aftermath_jun-jul,0256_006,IRAN,nuclear_program,0,False,False
aftermath_jun-jul,0256_006,IRAN,deterrence,6,False,False
aftermath_jun-jul,0257_002,ISRAEL,military_action,12,False,False
aftermath_jun-jul,0257_002,ISRAEL,nuclear_program,32,False,False
aftermath_jun-jul,0257_002,IRAN,military_action,0,False,False
aftermath_jun-jul,0257_002,IRAN,nuclear_program,1,False,False
aftermath_jun-jul,0257_002,USA,military_action,10,False,False
aftermath_jun-jul,0257_002,USA,nuclear_program,8,False,False
aftermath_jun-jul,0257_004,IRAN,military_action,0,False,False
aftermath_jun-jul,0257_005,ISRAEL,military_action,2,False,False
aftermath_jun-jul,0257_009,USA,diplomacy,7,False,False
aftermath_jun-jul,0257_009,IRAN,diplomacy,14,False,False
aftermath_jun-jul,0257_013,IRAN,military_action,3,False,False
aftermath_jun-jul,0258_001,USA,military_action,0,False,False
aftermath_jun-jul,0258_001,USA,nuclear_program,9,False,False
aftermath_jun-jul,0258_001,IRAN,military_action,1,False,False
aftermath_jun-jul,0258_001,IRAN,nuclear_program,6,False,False
aftermath_jun-jul,0258_003,ISRAEL,military_action,2,False,False
aftermath_jun-jul,0258_003,ISRAEL,diplomacy,14,False,False
aftermath_jun-jul,0258_003,USA,military_action,0,False,False
aftermath_jun-jul,0258_003,USA,diplomacy,3,False,False
aftermath_jun-jul,0258_003,IRAN,military_action,1,False,False
aftermath_jun-jul,0258_003,IRAN,diplomacy,1,False,False
aftermath_jun-jul,0258_005,USA,diplomacy,1,False,False
aftermath_jun-jul,0258_006,IRAN,military_action,1,False,False
aftermath_jun-jul,0258_006,IRAN,nuclear_program,0,False,False
aftermath_jun-jul,0258_009,ISRAEL,military_action,17,False,False
aftermath_jun-jul,0258_009,ISRAEL,strike_claims,20,False,False
aftermath_jun-jul,0258_009,USA,military_action,14,False,False
aftermath_jun-jul,0258_009,USA,strike_claims,17,False,False
aftermath_jun-jul,0258_009,IRAN,military_action,9,False,False
aftermath_jun-jul,0258_009,IRAN,strike_claims,12,False,False
aftermath_jun-jul,0258_010,RUSSIA,military_action,3,False,False
aftermath_jun-jul,0258_010,UKRAINE,military_action,1,False,False
aftermath_jun-jul,0258_013,TRUMP,military_action,12,False,False
aftermath_jun-jul,0258_013,USA,military_action,4,False,False
aftermath_jun-jul,0258_013,ISRAEL,military_action,2,False,False
aftermath_jun-jul,0258_013,IRAN,military_action,5,False,False
aftermath_jun-jul,0258_014,IRAN,deterrence,10,True,True
aftermath_jun-jul,0258_014,USA,deterrence,13,False,True
aftermath_jun-jul,0258_016,IRAN,strike_claims,9,False,True
aftermath_jun-jul,0258_016,ISRAEL,strike_claims,3,False,True
aftermath_jun-jul,0258_019,USA,military_action,0,False,False
aftermath_jun-jul,0258_019,USA,nuclear_program,3,False,False
aftermath_jun-jul,0258_019,IRAN,military_action,1,False,False
aftermath_jun-jul,0258_019,IRAN,nuclear_program,0,False,False
aftermath_jun-jul,0258_020,USA,military_action,0,False,False
aftermath_jun-jul,0258_020,USA,nuclear_program,3,False,False
aftermath_jun-jul,0258_020,IRAN,military_action,1,False,False
aftermath_jun-jul,0258_020,IRAN,nuclear_program,0,False,False
aftermath_jun-jul,0259_000,IAEA,nuclear_program,0,False,True
aftermath_jun-jul,0259_000,ARAGHCHI,nuclear_program,14,False,True
aftermath_jun-jul,0259_003,GROSSI,military_action,23,True,True
aftermath_jun-jul,0259_003,GROSSI,nuclear_program,26,True,True
aftermath_jun-jul,0259_003,IRAN,military_action,1,False,True
aftermath_jun-jul,0259_003,IRAN,nuclear_program,0,False,True
aftermath_jun-jul,0259_003,ISRAEL,military_action,2,False,True
aftermath_jun-jul,0259_003,ISRAEL,nuclear_program,5,False,True
aftermath_jun-jul,0259_003,USA,military_action,0,False,True
aftermath_jun-jul,0259_003,USA,nuclear_program,3,False,True
aftermath_jun-jul,0259_004,GROSSI,nuclear_program,10,False,True
aftermath_jun-jul,0259_004,IAEA,nuclear_program,0,False,True
aftermath_jun-jul,0259_004,ARAGHCHI,nuclear_program,8,False,True
aftermath_jun-jul,0259_006,IAEA,nuclear_program,0,True,True
aftermath_jun-jul,0259_007,GROSSI,military_action,4,False,True
aftermath_jun-jul,0259_007,ARAGHCHI,military_action,14,True,True
aftermath_jun-jul,0259_008,IRAN,strike_claims,0,False,True
aftermath_jun-jul,0259_010,GROSSI,military_action,31,False,False
aftermath_jun-jul,0259_010,GROSSI,nuclear_program,34,False,False
aftermath_jun-jul,0259_010,IRAN,military_action,5,False,False
aftermath_jun-jul,0259_010,IRAN,nuclear_program,1,False,False
aftermath_jun-jul,0259_010,ISRAEL,military_action,15,False,False
aftermath_jun-jul,0259_010,ISRAEL,nuclear_program,18,False,False
aftermath_jun-jul,0259_010,USA,military_action,1,False,False
aftermath_jun-jul,0259_010,USA,nuclear_program,4,False,False
aftermath_jun-jul,0259_012,IRAN,military_action,6,False,False
aftermath_jun-jul,0259_012,IRAN,nuclear_program,1,False,False
aftermath_jun-jul,0259_012,IAEA,military_action,4,False,False
aftermath_jun-jul,0259_012,IAEA,nuclear_program,0,False,False
climax_w1,0260_001,IRAN,deterrence,8,False,True
climax_w1,0260_001,IRAN,diplomacy,7,False,True
climax_w1,0260_001,IRAN,strike_claims,20,False,True
climax_w1,0260_001,ISRAEL,deterrence,9,False,True
climax_w1,0260_001,ISRAEL,diplomacy,9,False,True
climax_w1,0260_001,ISRAEL,strike_claims,1,False,True
climax_w1,0260_004,IRAN,nuclear_program,4,False,False
climax_w1,0260_005,EU,diplomacy,2,True,True
climax_w1,0260_008,IRAN,nuclear_program,0,False,True
climax_w1,0260_008,EU,nuclear_program,15,False,True
climax_w1,0260_008,IAEA,nuclear_program,14,False,True
climax_w1,0260_009,IRAN,nuclear_program,5,True,True
climax_w1,0260_009,ISRAEL,nuclear_program,2,False,True
climax_w1,0260_011,IRAN,nuclear_program,22,False,False
climax_w1,0260_011,IAEA,nuclear_program,13,False,False
climax_w1,0260_011,ISRAEL,nuclear_program,6,False,False
climax_w1,0260_012,IRAN,nuclear_program,3,False,False
climax_w1,0260_013,ISRAEL,deterrence,7,True,True
climax_w1,0260_013,ISRAEL,diplomacy,7,True,True
climax_w1,0260_013,ISRAEL,strike_claims,3,True,True
climax_w1,0260_013,IRAN,deterrence,18,True,True
climax_w1,0260_013,IRAN,diplomacy,18,True,True
climax_w1,0260_013,IRAN,strike_claims,0,True,True
climax_w1,0260_014,ISRAEL,military_action,2,False,False
climax_w1,0260_014,IRAN,military_action,1,False,False
climax_w1,0260_015,IRAN,military_action,9,False,True
climax_w1,0260_015,ISRAEL,military_action,0,False,True
climax_w1,0260_017,IRAN,strike_claims,4,True,True
climax_w1,0260_017,ISRAEL,strike_claims,8,False,True
climax_w1,0260_019,IRAN,military_action,3,False,False
climax_w1,0260_019,ISRAEL,military_action,2,False,False
climax_w1,0260_023,IRAN,deterrence,1,False,True
climax_w1,0260_023,IRAN,diplomacy,1,False,True
climax_w1,0260_023,IRAN,strike_claims,1,False,True
climax_w1,0260_023,EU,deterrence,5,False,True
climax_w1,0260_023,EU,diplomacy,4,False,True
climax_w1,0260_023,EU,strike_claims,24,False,True
climax_w1,0260_023,ISRAEL,deterrence,3,True,True
climax_w1,0260_023,ISRAEL,diplomacy,3,True,True
climax_w1,0260_023,ISRAEL,strike_claims,1,True,True
climax_w1,0260_024,IRAN,strike_claims,6,False,False
climax_w1,0260_024,ISRAEL,strike_claims,0,False,False
climax_w1,0260_025,IRAN,strike_claims,6,False,False
climax_w1,0260_025,ISRAEL,strike_claims,0,False,False
climax_w2,0261_000,ISRAEL,military_action,17,False,False
climax_w2,0261_000,ISRAEL,nuclear_program,21,False,False
climax_w2,0261_000,IRAN,military_action,5,False,False
climax_w2,0261_000,IRAN,nuclear_program,1,False,False
climax_w2,0261_000,USA,military_action,4,False,False
climax_w2,0261_000,USA,nuclear_program,8,False,False
climax_w2,0261_003,IRAN,strike_claims,23,False,False
climax_w2,0261_003,USA,strike_claims,27,False,False
climax_w2,0261_005,USA,strike_claims,8,False,False
climax_w2,0261_005,ISRAEL,strike_claims,13,False,False
climax_w2,0261_005,IRAN,strike_claims,44,False,False
climax_w2,0261_007,USA,military_action,2,False,False
climax_w2,0261_007,IRAN,military_action,0,False,False
climax_w2,0261_007,ISRAEL,military_action,15,False,False
climax_w2,0261_009,USA,nuclear_program,30,False,True
climax_w2,0261_009,USA,strike_claims,8,False,True
climax_w2,0261_009,IRAN,nuclear_program,51,False,True
climax_w2,0261_009,IRAN,strike_claims,10,False,True
climax_w2,0261_011,IRAN,nuclear_program,17,False,False
climax_w2,0261_011,IAEA,nuclear_program,0,False,False
climax_w2,0261_014,IRAN,strike_claims,25,False,False
climax_w2,0261_014,USA,strike_claims,1,False,False
climax_w2,0261_017,IAEA,nuclear_program,0,False,True
climax_w2,0261_018,USA,military_action,0,False,False
climax_w2,0261_018,USA,nuclear_program,13,False,False
climax_w2,0261_018,IRAN,military_action,5,False,False
climax_w2,0261_018,IRAN,nuclear_program,6,False,False
climax_w2,0261_018,IAEA,military_action,12,False,False
climax_w2,0261_018,IAEA,nuclear_program,0,False,False
climax_w2,0261_019,USA,diplomacy,2,False,False
climax_w2,0261_019,USA,strike_claims,35,False,False
climax_w2,0261_019,ISRAEL,diplomacy,8,False,False
climax_w2,0261_019,ISRAEL,strike_claims,13,False,False
climax_w2,0261_019,IRAN,diplomacy,29,False,False
climax_w2,0261_019,IRAN,strike_claims,1,False,False
climax_w2,0261_020,UN_SECURITY_COUNCIL,strike_claims,24,False,False
climax_w2,0261_022,IRAN,military_action,4,False,False
climax_w2,0261_022,USA,military_action,0,False,False
aftermath_jun-jul,0262_000,IRAN,diplomacy,10,False,True
aftermath_jun-jul,0262_000,USA,diplomacy,4,False,True
aftermath_jun-jul,0262_004,USA,diplomacy,1,True,True
aftermath_jun-jul,0262_004,IRAN,diplomacy,23,False,True
aftermath_jun-jul,0262_005,USA,military_action,34,False,False
aftermath_jun-jul,0262_005,USA,deterrence,3,False,False
aftermath_jun-jul,0262_005,USA,strike_claims,20,False,False
aftermath_jun-jul,0262_005,TRUMP,military_action,31,False,False
aftermath_jun-jul,0262_005,TRUMP,deterrence,0,False,False
aftermath_jun-jul,0262_005,TRUMP,strike_claims,17,False,False
aftermath_jun-jul,0262_006,IRAN,nuclear_program,0,False,False
aftermath_jun-jul,0262_007,USA,military_action,0,False,False
aftermath_jun-jul,0262_007,USA,nuclear_program,3,False,False
aftermath_jun-jul,0262_007,IRAN,military_action,5,False,False
aftermath_jun-jul,0262_007,IRAN,nuclear_program,1,False,False
aftermath_jun-jul,0262_007,ISRAEL,military_action,18,False,False
aftermath_jun-jul,0262_007,ISRAEL,nuclear_program,14,False,False
aftermath_jun-jul,0262_009,IRAN,diplomacy,9,False,False
aftermath_jun-jul,0262_009,USA,diplomacy,11,False,False
aftermath_jun-jul,0262_010,USA,diplomacy,2,True,True
aftermath_jun-jul,0262_010,IRAN,diplomacy,12,False,True
climax_w1,0263_000,EU,military_action,13,False,False
climax_w1,0263_000,ARAGHCHI,military_action,5,False,False
climax_w1,0263_000,ISRAEL,military_action,2,False,False
climax_w1,0263_000,IRAN,military_action,1,False,False
climax_w1,0263_000,USA,military_action,6,False,False
climax_w1,0263_001,IRAN,diplomacy,1,False,False
climax_w1,0263_001,USA,diplomacy,4,False,False
climax_w1,0263_001,ISRAEL,diplomacy,10,False,False
climax_w1,0263_002,ARAGHCHI,military_action,24,False,True
climax_w1,0263_002,ARAGHCHI,nuclear_program,27,False,True
climax_w1,0263_002,ARAGHCHI,strike_claims,15,False,True
climax_w1,0263_002,ISRAEL,military_action,10,False,True
climax_w1,0263_002,ISRAEL,nuclear_program,13,False,True
climax_w1,0263_002,ISRAEL,strike_claims,1,False,True
climax_w1,0263_002,IRAN,military_action,1,False,True
climax_w1,0263_002,IRAN,nuclear_program,0,False,True
climax_w1,0263_002,IRAN,strike_claims,0,False,True
climax_w1,0263_003,EU,strike_claims,41,False,True
climax_w1,0263_003,ISRAEL,strike_claims,8,False,True
climax_w1,0263_003,IRAN,strike_claims,1,False,True
climax_w1,0263_003,ARAGHCHI,strike_claims,15,False,True
climax_w1,0263_004,EU,deterrence,7,False,False
climax_w1,0263_004,EU,diplomacy,3,False,False
climax_w1,0263_005,IRAN,nuclear_program,0,False,False
climax_w1,0263_005,IRAN,diplomacy,1,False,False
climax_w1,0263_005,USA,nuclear_program,21,False,False
climax_w1,0263_005,USA,diplomacy,27,False,False
climax_w1,0263_005,OMAN,nuclear_program,9,False,False
climax_w1,0263_005,OMAN,diplomacy,15,False,False
climax_w1,0263_007,IRAN,military_action,6,False,False
climax_w1,0263_007,IRAN,nuclear_program,4,False,False
climax_w1,0263_007,IRAN,diplomacy,1,False,False
climax_w1,0263_007,USA,military_action,6,False,False
climax_w1,0263_007,USA,nuclear_program,19,False,False
climax_w1,0263_007,USA,diplomacy,4,False,False
climax_w1,0263_007,OMAN,military_action,6,False,False
climax_w1,0263_007,OMAN,nuclear_program,19,False,False
climax_w1,0263_007,OMAN,diplomacy,11,False,False
climax_w1,0263_007,ISRAEL,military_action,1,False,False
climax_w1,0263_007,ISRAEL,nuclear_program,14,False,False
climax_w1,0263_007,ISRAEL,diplomacy,16,False,False
climax_w1,0263_008,IRAN,military_action,7,False,False
climax_w1,0263_009,ISRAEL,military_action,5,False,True
climax_w1,0263_009,IRAN,military_action,24,False,True
climax_w1,0263_009,ARAGHCHI,military_action,31,False,True
climax_w1,0264_000,RUSSIA,nuclear_program,43,False,True
climax_w1,0264_000,IRAN,nuclear_program,0,False,True
climax_w1,0264_000,USA,nuclear_program,14,False,True
climax_w1,0264_001,IRAN,diplomacy,24,False,False
climax_w1,0264_001,RUSSIA,diplomacy,21,False,False
climax_w1,0264_003,RUSSIA,nuclear_program,30,False,False
climax_w1,0264_003,IAEA,nuclear_program,21,False,False
climax_w1,0264_003,IRAN,nuclear_program,0,False,False
climax_w1,0264_004,ISRAEL,military_action,1,False,False
climax_w1,0264_004,ISRAEL,nuclear_program,3,False,False
climax_w1,0264_004,ISRAEL,deterrence,8,False,False
climax_w1,0264_004,ISRAEL,strike_claims,10,False,False
climax_w1,0264_004,IRAN,military_action,3,False,False
climax_w1,0264_004,IRAN,nuclear_program,1,False,False
climax_w1,0264_004,IRAN,deterrence,6,False,False
climax_w1,0264_004,IRAN,strike_claims,8,False,False
climax_w1,0264_005,RUSSIA,nuclear_program,6,False,True
climax_w1,0264_005,ISRAEL,nuclear_program,10,False,True
climax_w1,0264_005,IRAN,nuclear_program,1,False,True
climax_w1,0264_007,RUSSIA,military_action,7,False,False
climax_w1,0264_007,IRAN,military_action,5,False,False
climax_w1,0264_007,ISRAEL,military_action,0,False,False
aftermath_jun-jul,0265_001,KHAMENEI,military_action,3,False,False
aftermath_jun-jul,0265_001,KHAMENEI,strike_claims,14,False,False
aftermath_jun-jul,0265_001,ISRAEL,military_action,10,False,False
aftermath_jun-jul,0265_001,ISRAEL,strike_claims,3,False,False
aftermath_jun-jul,0265_001,IRAN,military_action,1,False,False
aftermath_jun-jul,0265_001,IRAN,strike_claims,6,False,False
aftermath_jun-jul,0265_002,KHAMENEI,military_action,23,True,True
aftermath_jun-jul,0265_002,ISRAEL,military_action,7,True,True
aftermath_jun-jul,0265_008,KHAMENEI,military_action,5,True,True
aftermath_jun-jul,0265_008,KHAMENEI,strike_claims,21,True,True
aftermath_jun-jul,0265_008,USA,military_action,0,False,True
aftermath_jun-jul,0265_008,USA,strike_claims,9,False,True
aftermath_jun-jul,0265_008,IRAN,military_action,0,False,True
aftermath_jun-jul,0265_008,IRAN,strike_claims,14,False,True
aftermath_jun-jul,0265_008,ISRAEL,military_action,9,False,True
aftermath_jun-jul,0265_008,ISRAEL,strike_claims,5,False,True
aftermath_jun-jul,0265_009,USA,military_action,0,True,True
aftermath_jun-jul,0265_009,KHAMENEI,military_action,6,True,True
aftermath_jun-jul,0265_009,IRAN,military_action,1,False,True
aftermath_jun-jul,0265_015,KHAMENEI,military_action,10,True,True
aftermath_jun-jul,0265_015,IRAN,military_action,3,False,True
aftermath_jun-jul,0265_015,USA,military_action,2,False,True
aftermath_jun-jul,0265_020,TRUMP,nuclear_program,18,False,False
aftermath_jun-jul,0265_020,IRAN,nuclear_program,14,False,False
aftermath_jun-jul,0265_020,KHAMENEI,nuclear_program,9,False,False
aftermath_jun-jul,0265_026,USA,nuclear_program,15,False,False
aftermath_jun-jul,0265_026,IRAN,nuclear_program,10,False,False
aftermath_jun-jul,0265_035,KHAMENEI,military_action,17,False,False
aftermath_jun-jul,0265_035,IRAN,military_action,1,False,False
aftermath_jun-jul,0265_035,ISRAEL,military_action,7,False,False
climax_w1,0266_001,IRAN,military_action,0,False,False
climax_w1,0266_001,ARAGHCHI,military_action,19,False,False
climax_w1,0266_001,ISRAEL,military_action,4,False,False
climax_w1,0266_003,IRAN,military_action,19,False,False
climax_w1,0266_003,USA,military_action,6,False,False
climax_w1,0266_003,ISRAEL,military_action,0,False,False
climax_w1,0266_003,ARAGHCHI,military_action,0,False,False
climax_w1,0266_005,USA,military_action,1,False,False
climax_w1,0266_005,TRUMP,military_action,16,False,False
climax_w1,0266_005,ISRAEL,military_action,0,False,False
climax_w1,0266_006,USA,military_action,6,False,True
climax_w1,0266_006,ISRAEL,military_action,0,False,True
climax_w1,0266_006,IRAN,military_action,1,False,True
climax_w1,0266_006,ARAGHCHI,military_action,4,False,True
climax_w1,0266_008,ARAGHCHI,military_action,5,False,False
climax_w1,0266_008,IRAN,military_action,2,False,False
climax_w1,0266_009,ARAGHCHI,military_action,15,True,True
climax_w1,0266_009,IRAN,military_action,11,False,True
climax_w1,0266_009,ISRAEL,military_action,3,False,True
climax_w1,0266_010,ISRAEL,military_action,1,False,False
climax_w1,0266_010,ISRAEL,nuclear_program,14,False,False
climax_w1,0266_010,IRAN,military_action,6,False,False
climax_w1,0266_010,IRAN,nuclear_program,4,False,False
climax_w1,0266_011,IRAN,military_action,11,False,False
climax_w1,0266_012,ISRAEL,strike_claims,9,False,False
climax_w1,0266_014,IRAN,military_action,7,False,False
climax_w1,0266_014,USA,military_action,3,False,False
climax_w1,0266_014,ISRAEL,military_action,0,False,False
aftermath_jun-jul,0267_002,ARAGHCHI,military_action,17,False,True
aftermath_jun-jul,0267_002,CHINA,military_action,13,False,True
aftermath_jun-jul,0267_002,ISRAEL,military_action,4,False,True
aftermath_jun-jul,0267_002,USA,military_action,0,False,True
aftermath_jun-jul,0267_002,IRAN,military_action,1,False,True
aftermath_jun-jul,0267_004,ARAGHCHI,military_action,5,False,True
aftermath_jun-jul,0267_004,ARAGHCHI,deterrence,40,False,True
aftermath_jun-jul,0267_004,USA,military_action,2,False,True
aftermath_jun-jul,0267_004,USA,deterrence,2,False,True
aftermath_jun-jul,0267_004,QATAR,military_action,7,False,True
aftermath_jun-jul,0267_004,QATAR,deterrence,26,False,True
aftermath_jun-jul,0267_004,IRAN,military_action,15,False,True
aftermath_jun-jul,0267_004,IRAN,deterrence,6,False,True
aftermath_jun-jul,0267_005,CHINA,strike_claims,5,False,False
aftermath_jun-jul,0267_005,IRAN,strike_claims,0,False,False
aftermath_jun-jul,0267_005,ISRAEL,strike_claims,6,False,False
aftermath_jun-jul,0267_005,USA,strike_claims,8,False,False
aftermath_jun-jul,0267_006,USA,military_action,0,False,False
aftermath_jun-jul,0267_006,USA,nuclear_program,4,False,False
aftermath_jun-jul,0267_006,USA,strike_claims,3,False,False
aftermath_jun-jul,0267_006,IRAN,military_action,6,False,False
aftermath_jun-jul,0267_006,IRAN,nuclear_program,5,False,False
aftermath_jun-jul,0267_006,IRAN,strike_claims,14,False,False
aftermath_jun-jul,0267_012,IRAN,military_action,1,False,False
aftermath_jun-jul,0267_012,USA,military_action,1,False,False
climax_w1,0268_002,IRAN,military_action,9,False,False
climax_w1,0268_002,IRAN,nuclear_program,12,False,False
climax_w1,0268_002,IAEA,military_action,23,False,False
climax_w1,0268_002,IAEA,nuclear_program,19,False,False
climax_w1,0268_003,ISRAEL,military_action,0,False,False
climax_w1,0268_003,ISRAEL,strike_claims,7,False,False
climax_w1,0268_003,IRAN,military_action,1,False,False
climax_w1,0268_003,IRAN,strike_claims,4,False,False
climax_w1,0268_005,ISRAEL,military_action,10,False,True
climax_w1,0268_005,ISRAEL,nuclear_program,5,False,True
climax_w1,0268_005,ISRAEL,deterrence,3,False,True
climax_w1,0268_005,IRAN,military_action,0,False,True
climax_w1,0268_005,IRAN,nuclear_program,17,False,True
climax_w1,0268_005,IRAN,deterrence,15,False,True
climax_w1,0268_006,IRAN,nuclear_program,0,True,True
climax_w1,0268_006,IRAN,diplomacy,5,True,True
climax_w1,0268_006,ISRAEL,nuclear_program,6,False,True
climax_w1,0268_006,ISRAEL,diplomacy,1,False,True
climax_w1,0268_007,IRAN,strike_claims,3,True,True
climax_w1,0268_009,ISRAEL,diplomacy,6,False,False
climax_w1,0268_009,USA,diplomacy,10,False,False
climax_w1,0268_011,ISRAEL,military_action,2,False,False
climax_w1,0268_011,IRAN,military_action,1,False,False
climax_w1,0268_012,IRAN,military_action,6,False,False
climax_w1,0268_015,IRAN,military_action,28,False,False
climax_w1,0268_015,ISRAEL,military_action,5,False,False
climax_w1,0268_017,IRAN,military_action,0,False,False
climax_w1,0268_017,ISRAEL,military_action,6,False,False
climax_w1,0268_018,ISRAEL,military_action,14,False,False
climax_w1,0268_018,IRAN,military_action,6,False,False
climax_w1,0268_020,IRAN,strike_claims,3,True,True
aftermath_jun-jul,0269_000,IRAN,nuclear_program,0,False,True
aftermath_jun-jul,0269_000,IRAN,deterrence,5,False,True
aftermath_jun-jul,0269_001,ISRAEL,strike_claims,19,False,False
aftermath_jun-jul,0269_001,IRAN,strike_claims,5,False,False
aftermath_jun-jul,0269_003,ISRAEL,strike_claims,3,False,False
aftermath_jun-jul,0269_003,IRAN,strike_claims,0,False,False
aftermath_jun-jul,0269_007,ISRAEL,deterrence,6,False,False
aftermath_jun-jul,0269_008,IRAN,nuclear_program,6,False,False
aftermath_jun-jul,0269_009,IAEA,military_action,11,False,False
aftermath_jun-jul,0269_009,IAEA,nuclear_program,0,False,False
aftermath_jun-jul,0269_009,GROSSI,military_action,5,False,False
aftermath_jun-jul,0269_009,GROSSI,nuclear_program,4,False,False
aftermath_jun-jul,0269_009,IRAN,military_action,1,False,False
aftermath_jun-jul,0269_009,IRAN,nuclear_program,13,False,False
aftermath_jun-jul,0269_010,IAEA,military_action,5,False,False
aftermath_jun-jul,0269_010,IAEA,nuclear_program,0,False,False
aftermath_jun-jul,0269_011,IAEA,nuclear_program,0,False,False
aftermath_jun-jul,0269_012,IAEA,nuclear_program,0,False,False
aftermath_jun-jul,0269_016,IRAN,deterrence,9,False,False
aftermath_jun-jul,0269_016,IRAN,strike_claims,8,False,False
aftermath_jun-jul,0269_018,IRAN,deterrence,21,False,False
climax_w1,0270_000,IRAN,military_action,1,False,True
climax_w1,0270_000,PEZESHKIAN,military_action,19,False,True
climax_w1,0270_000,USA,military_action,6,False,True
climax_w1,0270_000,ISRAEL,military_action,0,False,True
climax_w1,0270_002,OMAN,military_action,15,False,True
climax_w1,0270_002,PEZESHKIAN,military_action,12,False,True
climax_w1,0270_002,IRAN,military_action,3,True,True
climax_w1,0270_002,ISRAEL,military_action,2,False,True
climax_w1,0270_005,PEZESHKIAN,nuclear_program,27,True,True
climax_w1,0270_005,PEZESHKIAN,diplomacy,6,True,True
climax_w1,0270_005,OMAN,nuclear_program,17,False,True
climax_w1,0270_005,OMAN,diplomacy,2,False,True
climax_w1,0270_005,IRAN,nuclear_program,0,False,True
climax_w1,0270_005,IRAN,diplomacy,19,False,True
climax_w1,0270_006,PEZESHKIAN,military_action,18,True,True
climax_w1,0270_006,USA,military_action,5,False,True
climax_w1,0270_006,ISRAEL,military_action,5,False,True
climax_w1,0270_006,IRAN,military_action,1,False,True
climax_w1,0270_008,PEZESHKIAN,military_action,14,False,True
climax_w1,0270_008,PEZESHKIAN,deterrence,9,False,True
climax_w1,0270_008,PEZESHKIAN,diplomacy,8,False,True
climax_w1,0270_008,USA,military_action,36,False,True
climax_w1,0270_008,USA,deterrence,11,False,True
climax_w1,0270_008,USA,diplomacy,12,False,True
climax_w1,0270_008,ISRAEL,military_action,0,False,True
climax_w1,0270_008,ISRAEL,deterrence,6,False,True
climax_w1,0270_008,ISRAEL,diplomacy,7,False,True
climax_w1,0270_008,IRAN,military_action,4,False,True
climax_w1,0270_008,IRAN,deterrence,0,False,True
climax_w1,0270_008,IRAN,diplomacy,1,False,True
climax_w1,0270_008,OMAN,military_action,4,True,True
climax_w1,0270_008,OMAN,deterrence,19,True,True
climax_w1,0270_008,OMAN,diplomacy,18,True,True
climax_w1,0270_011,IRAN,military_action,6,False,False
climax_w1,0270_011,IRAN,deterrence,3,False,False
climax_w1,0270_011,ISRAEL,military_action,0,False,False
climax_w1,0270_011,ISRAEL,deterrence,1,False,False
climax_w1,0270_011,USA,military_action,3,False,False
climax_w1,0270_011,USA,deterrence,6,False,False
aftermath_jun-jul,0271_008,TRUMP,diplomacy,4,False,False
aftermath_jun-jul,0271_016,TRUMP,military_action,5,False,False
aftermath_jun-jul,0271_016,TRUMP,nuclear_program,8,False,False
aftermath_jun-jul,0271_016,IRAN,military_action,1,False,False
aftermath_jun-jul,0271_016,IRAN,nuclear_program,0,False,False
aftermath_jun-jul,0271_017,IRAN,nuclear_program,0,False,False
aftermath_jun-jul,0271_017,TRUMP,nuclear_program,0,False,False
aftermath_jun-jul,0271_018,USA,military_action,3,False,False
aftermath_jun-jul,0271_018,IRAN,military_action,2,False,False
aftermath_jun-jul,0271_021,USA,military_action,0,False,False
aftermath_jun-jul,0271_021,NATO,military_action,1,False,False
aftermath_jun-jul,0272_003,ISRAEL,military_action,0,False,False
aftermath_jun-jul,0272_003,IRAN,military_action,1,False,False
aftermath_jun-jul,0272_005,ISRAEL,military_action,0,False,False
aftermath_jun-jul,0272_005,IRAN,military_action,1,False,False
aftermath_jun-jul,0272_009,IRAN,nuclear_program,5,True,True
aftermath_jun-jul,0272_017,IRAN,military_action,1,True,True
aftermath_jun-jul,0272_017,USA,military_action,19,False,True
aftermath_jun-jul,0272_017,ISRAEL,military_action,21,False,True
aftermath_jun-jul,0272_018,IRAN,strike_claims,0,False,True
aftermath_jun-jul,0272_018,USA,strike_claims,9,True,True
aftermath_jun-jul,0272_018,TRUMP,strike_claims,11,False,True
aftermath_jun-jul,0272_021,USA,diplomacy,8,False,False
aftermath_jun-jul,0272_021,IRAN,diplomacy,4,False,False
aftermath_jun-jul,0272_023,IRAN,diplomacy,0,True,True
aftermath_jun-jul,0272_023,USA,diplomacy,12,False,True
aftermath_jun-jul,0272_023,GERMANY,diplomacy,14,False,True
aftermath_jun-jul,0272_024,ISRAEL,diplomacy,3,False,False
aftermath_jun-jul,0272_024,IRAN,diplomacy,1,False,False
aftermath_jun-jul,0272_026,IRAN,diplomacy,1,False,False
aftermath_jun-jul,0272_028,ISRAEL,military_action,0,False,False
aftermath_jun-jul,0272_028,ISRAEL,diplomacy,12,False,False
aftermath_jun-jul,0272_028,IRAN,military_action,0,False,False
aftermath_jun-jul,0272_028,IRAN,diplomacy,3,False,False
aftermath_jun-jul,0272_028,USA,military_action,5,False,False
aftermath_jun-jul,0272_028,USA,diplomacy,2,False,False
aftermath_jun-jul,0273_000,IRAN,nuclear_program,5,False,True
aftermath_jun-jul,0273_000,IAEA,nuclear_program,0,False,True
aftermath_jun-jul,0273_007,USA,nuclear_program,7,False,False
aftermath_jun-jul,0273_007,USA,strike_claims,12,False,False
aftermath_jun-jul,0273_007,TRUMP,nuclear_program,4,False,False
aftermath_jun-jul,0273_007,TRUMP,strike_claims,9,False,False
aftermath_jun-jul,0273_007,IRAN,nuclear_program,0,False,False
aftermath_jun-jul,0273_007,IRAN,strike_claims,5,False,False
aftermath_jun-jul,0273_008,TRUMP,military_action,4,True,True
aftermath_jun-jul,0273_008,TRUMP,strike_claims,10,True,True
aftermath_jun-jul,0273_008,USA,military_action,0,False,True
aftermath_jun-jul,0273_008,USA,strike_claims,6,False,True
aftermath_jun-jul,0273_008,IRAN,military_action,6,False,True
aftermath_jun-jul,0273_008,IRAN,strike_claims,0,False,True
aftermath_jun-jul,0273_013,USA,strike_claims,10,False,False
aftermath_jun-jul,0273_014,USA,military_action,0,False,False
aftermath_jun-jul,0273_014,USA,strike_claims,13,False,False
aftermath_jun-jul,0273_014,IRAN,military_action,6,False,False
aftermath_jun-jul,0273_014,IRAN,strike_claims,4,False,False
aftermath_jun-jul,0273_019,USA,nuclear_program,4,False,False
aftermath_jun-jul,0273_019,USA,strike_claims,9,False,False
aftermath_jun-jul,0273_019,IRAN,nuclear_program,0,False,False
aftermath_jun-jul,0273_019,IRAN,strike_claims,5,False,False
aftermath_jun-jul,0273_024,IRAN,nuclear_program,0,False,False
aftermath_jun-jul,0273_025,IRAN,military_action,12,False,False
aftermath_jun-jul,0273_025,IRAN,nuclear_program,7,False,False
aftermath_jun-jul,0273_025,USA,military_action,0,False,False
aftermath_jun-jul,0273_025,USA,nuclear_program,2,False,False
aftermath_jun-jul,0273_029,USA,military_action,14,False,False
aftermath_jun-jul,0273_029,IRAN,military_action,9,False,False
aftermath_jun-jul,0273_030,USA,strike_claims,10,False,False
aftermath_jun-jul,0273_030,IRAN,strike_claims,8,False,False
aftermath_jun-jul,0273_033,IAEA,nuclear_program,0,False,False
aftermath_jun-jul,0273_033,IAEA,diplomacy,13,False,False
aftermath_jun-jul,0273_033,IRAN,nuclear_program,3,False,False
aftermath_jun-jul,0273_033,IRAN,diplomacy,9,False,False
aftermath_jun-jul,0273_033,ISRAEL,nuclear_program,15,False,False
aftermath_jun-jul,0273_033,ISRAEL,diplomacy,1,False,False
aftermath_jun-jul,0273_038,IAEA,nuclear_program,0,False,False
aftermath_jun-jul,0273_039,IAEA,nuclear_program,0,False,False
aftermath_jun-jul,0273_045,IRAN,nuclear_program,5,False,True
aftermath_jun-jul,0273_050,IAEA,nuclear_program,0,False,False
aftermath_jun-jul,0273_055,IRAN,nuclear_program,5,False,False
aftermath_jun-jul,0273_056,IRAN,nuclear_program,0,False,False
aftermath_jun-jul,0273_061,ISRAEL,military_action,1,False,False
aftermath_jun-jul,0273_061,USA,military_action,3,False,False
aftermath_jun-jul,0273_067,USA,diplomacy,2,False,False
aftermath_jun-jul,0273_072,ISRAEL,military_action,1,False,False
aftermath_jun-jul,0273_072,IRAN,military_action,0,False,False
aftermath_jun-jul,0273_072,OMAN,military_action,9,False,False
aftermath_jun-jul,0273_088,IRAN,diplomacy,4,False,False
aftermath_jun-jul,0273_095,ISRAEL,diplomacy,2,False,False
aftermath_jun-jul,0273_095,IRAN,diplomacy,4,False,False
aftermath_jun-jul,0273_103,IRAN,military_action,5,False,False
aftermath_jun-jul,0273_108,IRAN,military_action,1,False,False
aftermath_jun-jul,0273_108,IRAN,strike_claims,4,False,False
aftermath_jun-jul,0273_108,ISRAEL,military_action,1,False,False
aftermath_jun-jul,0273_108,ISRAEL,strike_claims,12,False,False
aftermath_jun-jul,0273_116,ISRAEL,strike_claims,2,False,False
aftermath_jun-jul,0273_118,USA,military_action,1,False,False
aftermath_jun-jul,0273_118,ISRAEL,military_action,5,False,False
aftermath_jun-jul,0273_119,IRAN,diplomacy,10,False,False
aftermath_jun-jul,0273_131,SYRIA,strike_claims,14,False,False
aftermath_jun-jul,0273_131,LEBANON,strike_claims,12,False,False
aftermath_jun-jul,0273_136,QATAR,military_action,5,False,False
aftermath_jun-jul,0273_136,USA,military_action,2,False,False
aftermath_jun-jul,0273_136,IRAN,military_action,21,False,False
aftermath_jun-jul,0273_143,QATAR,military_action,8,False,False
aftermath_jun-jul,0274_000,IRAN,nuclear_program,23,False,False
aftermath_jun-jul,0274_000,USA,nuclear_program,9,False,False
aftermath_jun-jul,0274_001,USA,military_action,2,False,True
aftermath_jun-jul,0274_001,IRAN,military_action,1,False,True
aftermath_jun-jul,0274_002,IRAN,military_action,1,False,True
aftermath_jun-jul,0274_002,IRAN,strike_claims,8,False,True
aftermath_jun-jul,0274_003,IRAN,nuclear_program,0,False,False
aftermath_jun-jul,0274_003,IAEA,nuclear_program,3,False,False
aftermath_jun-jul,0274_005,IRAN,nuclear_program,13,False,False
aftermath_jun-jul,0274_005,IRAN,deterrence,7,False,False
aftermath_jun-jul,0274_005,IAEA,nuclear_program,0,False,False
aftermath_jun-jul,0274_005,IAEA,deterrence,5,False,False
aftermath_jun-jul,0274_005,USA,nuclear_program,2,False,False
aftermath_jun-jul,0274_005,USA,deterrence,8,False,False
aftermath_jun-jul,0274_007,USA,nuclear_program,31,False,False
aftermath_jun-jul,0274_007,ISRAEL,nuclear_program,29,False,False
aftermath_jun-jul,0274_007,UN_SECURITY_COUNCIL,nuclear_program,5,False,False
aftermath_jun-jul,0274_009,ISRAEL,nuclear_program,6,False,False
aftermath_jun-jul,0274_009,IAEA,nuclear_program,7,False,False
aftermath_jun-jul,0274_012,USA,military_action,2,False,False
climax_w1,0275_000,IRAN,military_action,1,False,False
climax_w1,0275_003,ARAGHCHI,military_action,3,False,True
climax_w1,0275_003,ARAGHCHI,strike_claims,22,False,True
climax_w1,0275_003,ISRAEL,military_action,0,False,True
climax_w1,0275_003,ISRAEL,strike_claims,19,False,True
climax_w1,0275_003,IRAN,military_action,1,False,True
climax_w1,0275_003,IRAN,strike_claims,3,False,True
climax_w1,0275_004,ARAGHCHI,deterrence,3,True,True
climax_w1,0275_004,IRAN,deterrence,12,False,True
climax_w1,0275_005,IRAN,military_action,9,False,True
climax_w1,0275_005,IRAN,deterrence,22,False,True
climax_w1,0275_005,ISRAEL,military_action,0,False,True
climax_w1,0275_005,ISRAEL,deterrence,13,False,True
climax_w1,0275_005,ARAGHCHI,military_action,7,True,True
climax_w1,0275_005,ARAGHCHI,deterrence,4,True,True
climax_w1,0275_006,ISRAEL,military_action,3,False,False
climax_w1,0275_006,ISRAEL,nuclear_program,11,False,False
climax_w1,0275_006,IRAN,military_action,3,False,False
climax_w1,0275_006,IRAN,nuclear_program,3,False,False
climax_w1,0275_007,ISRAEL,deterrence,1,False,False
climax_w1,0275_007,IRAN,deterrence,11,False,False
climax_w1,0275_009,ISRAEL,military_action,5,False,False
climax_w1,0275_009,IRAN,military_action,1,False,False
climax_w1,0275_011,ISRAEL,military_action,2,False,True
climax_w1,0275_011,IRAN,military_action,1,False,True
climax_w1,0275_014,IRAN,military_action,1,False,False
aftermath_jun-jul,0276_000,IRAN,diplomacy,4,False,True
aftermath_jun-jul,0276_000,USA,diplomacy,15,False,True
aftermath_jun-jul,0276_002,USA,diplomacy,1,True,True
aftermath_jun-jul,0276_002,TRUMP,diplomacy,11,False,True
aftermath_jun-jul,0276_002,IRAN,diplomacy,8,False,True
aftermath_jun-jul,0276_003,USA,military_action,3,False,False
aftermath_jun-jul,0276_003,USA,nuclear_program,7,False,False
aftermath_jun-jul,0276_003,USA,diplomacy,31,False,False
aftermath_jun-jul,0276_003,IRAN,military_action,2,False,False
aftermath_jun-jul,0276_003,IRAN,nuclear_program,0,False,False
aftermath_jun-jul,0276_003,IRAN,diplomacy,38,False,False
aftermath_jun-jul,0276_003,ISRAEL,military_action,17,False,False
aftermath_jun-jul,0276_003,ISRAEL,nuclear_program,12,False,False
aftermath_jun-jul,0276_003,ISRAEL,diplomacy,53,False,False
aftermath_jun-jul,0276_005,USA,diplomacy,1,False,False
aftermath_jun-jul,0276_005,IRAN,diplomacy,3,False,False
aftermath_jun-jul,0276_005,OMAN,diplomacy,11,False,False
aftermath_jun-jul,0276_008,IRAN,military_action,2,False,False
aftermath_jun-jul,0276_008,IRAN,nuclear_program,2,False,False
aftermath_jun-jul,0276_010,IRAN,military_action,14,False,True
aftermath_jun-jul,0276_010,IRAN,nuclear_program,20,False,True
aftermath_jun-jul,0276_010,IRAN,deterrence,26,False,True
aftermath_jun-jul,0276_010,IRAN,diplomacy,7,False,True
aftermath_jun-jul,0276_010,USA,military_action,46,False,True
aftermath_jun-jul,0276_010,USA,nuclear_program,52,False,True
aftermath_jun-jul,0276_010,USA,deterrence,58,False,True
aftermath_jun-jul,0276_010,USA,diplomacy,2,False,True
aftermath_jun-jul,0277_001,IRAN,nuclear_program,9,False,False
aftermath_jun-jul,0277_001,USA,nuclear_program,20,False,False
aftermath_jun-jul,0277_004,IRAN,military_action,5,True,True
aftermath_jun-jul,0277_004,IRAN,nuclear_program,16,True,True
aftermath_jun-jul,0277_004,IRAN,strike_claims,12,True,True
aftermath_jun-jul,0277_004,USA,military_action,1,False,True
aftermath_jun-jul,0277_004,USA,nuclear_program,26,False,True
aftermath_jun-jul,0277_004,USA,strike_claims,22,False,True
aftermath_jun-jul,0277_007,USA,military_action,13,False,True
aftermath_jun-jul,0277_007,USA,nuclear_program,8,False,True
aftermath_jun-jul,0277_007,IRAN,military_action,16,False,True
aftermath_jun-jul,0277_007,IRAN,nuclear_program,24,False,True
aftermath_jun-jul,0277_011,IRAN,military_action,8,True,True
aftermath_jun-jul,0277_011,IRAN,nuclear_program,1,True,True
aftermath_jun-jul,0277_011,IAEA,military_action,25,False,True
aftermath_jun-jul,0277_011,IAEA,nuclear_program,18,False,True
aftermath_jun-jul,0277_011,ISRAEL,military_action,4,False,True
aftermath_jun-jul,0277_011,ISRAEL,nuclear_program,10,False,True
aftermath_jun-jul,0277_011,USA,military_action,6,False,True
aftermath_jun-jul,0277_011,USA,nuclear_program,12,False,True
aftermath_jun-jul,0277_012,USA,strike_claims,5,False,False
aftermath_jun-jul,0277_012,IRAN,strike_claims,4,False,False
climax_w1,0278_001,RUSSIA,military_action,5,False,False
climax_w1,0278_001,RUSSIA,deterrence,15,False,False
climax_w1,0278_002,RUSSIA,military_action,21,False,False
climax_w1,0278_002,ISRAEL,military_action,1,False,False
climax_w1,0278_002,IRAN,military_action,1,False,False
climax_w1,0278_004,ISRAEL,military_action,1,False,False
climax_w1,0278_004,IRAN,military_action,0,False,False
climax_w1,0278_005,IRAN,military_action,6,False,False
climax_w1,0278_010,ISRAEL,military_action,2,False,False
aftermath_jun-jul,0279_009,ISRAEL,deterrence,6,False,True
aftermath_jun-jul,0279_009,IRAN,deterrence,9,False,True
aftermath_jun-jul,0279_010,GAZA,military_action,1,False,False
aftermath_jun-jul,0279_010,LEBANON,military_action,5,False,False
aftermath_jun-jul,0279_010,ISRAEL,military_action,23,False,False
aftermath_jun-jul,0279_012,ISRAEL,deterrence,20,False,False
aftermath_jun-jul,0279_012,USA,deterrence,17,False,False
aftermath_jun-jul,0279_016,ISRAEL,military_action,2,True,True
aftermath_jun-jul,0279_016,IRAN,military_action,9,False,True
aftermath_jun-jul,0279_021,ISRAEL,military_action,2,True,True
aftermath_jun-jul,0279_021,ISRAEL,nuclear_program,20,True,True
aftermath_jun-jul,0279_021,IRAN,military_action,0,False,True
aftermath_jun-jul,0279_021,IRAN,nuclear_program,5,False,True
aftermath_jun-jul,0279_021,IAEA,military_action,31,False,True
aftermath_jun-jul,0279_021,IAEA,nuclear_program,2,False,True
aftermath_jun-jul,0279_023,ISRAEL,deterrence,8,False,False
aftermath_jun-jul,0279_026,ISRAEL,strike_claims,2,True,True
aftermath_jun-jul,0279_030,ISRAEL,strike_claims,2,False,False
aftermath_jun-jul,0279_046,ISRAEL,deterrence,6,True,True
aftermath_jun-jul,0279_050,SYRIA,deterrence,6,False,False
aftermath_jun-jul,0279_050,IRAQ,deterrence,7,False,False
aftermath_jun-jul,0279_054,IRAN,military_action,4,False,False
aftermath_jun-jul,0279_058,IRAN,military_action,1,False,False
aftermath_jun-jul,0279_072,USA,military_action,4,False,False
aftermath_jun-jul,0279_072,ISRAEL,military_action,8,False,False
aftermath_jun-jul,0279_072,GAZA,military_action,4,False,False
aftermath_jun-jul,0279_072,IRAN,military_action,0,False,False
aftermath_jun-jul,0279_079,ISRAEL,military_action,2,True,True
aftermath_jun-jul,0279_079,IRAN,military_action,1,False,True
aftermath_jun-jul,0279_095,ISRAEL,diplomacy,1,False,False
aftermath_jun-jul,0279_095,USA,diplomacy,3,False,False
aftermath_jun-jul,0279_100,ISRAEL,strike_claims,12,False,False
aftermath_jun-jul,0279_124,ISRAEL,military_action,1,True,True
aftermath_jun-jul,0279_124,ISRAEL,nuclear_program,3,True,True
aftermath_jun-jul,0279_124,IAEA,military_action,5,False,True
aftermath_jun-jul,0279_124,IAEA,nuclear_program,2,False,True
aftermath_jun-jul,0279_124,IRAN,military_action,0,False,True
aftermath_jun-jul,0279_124,IRAN,nuclear_program,9,False,True
aftermath_jun-jul,0279_129,ISRAEL,military_action,11,True,True
aftermath_jun-jul,0279_129,ISRAEL,nuclear_program,4,True,True
aftermath_jun-jul,0279_129,IAEA,military_action,15,False,True
aftermath_jun-jul,0279_129,IAEA,nuclear_program,8,False,True
aftermath_jun-jul,0279_129,IRAN,military_action,0,False,True
aftermath_jun-jul,0279_129,IRAN,nuclear_program,15,False,True
aftermath_jun-jul,0279_131,IAEA,nuclear_program,0,False,False
aftermath_jun-jul,0279_131,ISRAEL,nuclear_program,10,False,False
aftermath_jun-jul,0279_135,USA,military_action,0,False,False
aftermath_jun-jul,0279_135,USA,nuclear_program,12,False,False
aftermath_jun-jul,0279_135,IRAN,military_action,1,False,False
aftermath_jun-jul,0279_135,IRAN,nuclear_program,9,False,False
aftermath_jun-jul,0279_135,IAEA,military_action,11,False,False
aftermath_jun-jul,0279_135,IAEA,nuclear_program,0,False,False
aftermath_jun-jul,0279_138,USA,nuclear_program,3,False,False
aftermath_jun-jul,0279_138,USA,deterrence,8,False,False
aftermath_jun-jul,0279_138,USA,strike_claims,12,False,False
aftermath_jun-jul,0279_138,IRAN,nuclear_program,0,False,False
aftermath_jun-jul,0279_138,IRAN,deterrence,5,False,False
aftermath_jun-jul,0279_138,IRAN,strike_claims,9,False,False
aftermath_jun-jul,0279_139,ISRAEL,nuclear_program,4,False,True
aftermath_jun-jul,0279_139,ISRAEL,strike_claims,3,False,True
aftermath_jun-jul,0279_139,USA,nuclear_program,3,True,True
aftermath_jun-jul,0279_139,USA,strike_claims,4,True,True
aftermath_jun-jul,0279_140,IAEA,military_action,23,False,False
aftermath_jun-jul,0279_140,IAEA,nuclear_program,0,False,False
aftermath_jun-jul,0279_140,IAEA,deterrence,29,False,False
aftermath_jun-jul,0279_140,IRAN,military_action,13,False,False
aftermath_jun-jul,0279_140,IRAN,nuclear_program,9,False,False
aftermath_jun-jul,0279_140,IRAN,deterrence,19,False,False
aftermath_jun-jul,0279_142,IRAN,military_action,5,False,False
aftermath_jun-jul,0279_142,IRAN,deterrence,15,False,False
aftermath_jun-jul,0279_142,IRAN,strike_claims,24,False,False
aftermath_jun-jul,0279_142,USA,military_action,24,False,False
aftermath_jun-jul,0279_142,USA,deterrence,2,False,False
aftermath_jun-jul,0279_142,USA,strike_claims,5,False,False
aftermath_jun-jul,0279_142,ISRAEL,military_action,26,False,False
aftermath_jun-jul,0279_142,ISRAEL,deterrence,4,False,False
aftermath_jun-jul,0279_142,ISRAEL,strike_claims,3,False,False
aftermath_jun-jul,0279_143,IRAN,deterrence,7,True,True
aftermath_jun-jul,0279_143,IRAN,diplomacy,1,True,True
aftermath_jun-jul,0279_143,IRAN,strike_claims,6,True,True
aftermath_jun-jul,0279_146,USA,diplomacy,23,False,False
aftermath_jun-jul,0279_148,IRAN,military_action,0,False,True
aftermath_jun-jul,0279_148,USA,military_action,3,True,True
aftermath_jun-jul,0280_000,IRAN,nuclear_program,8,False,False
aftermath_jun-jul,0280_000,ISRAEL,nuclear_program,12,False,False
aftermath_jun-jul,0280_001,IAEA,military_action,5,False,False
aftermath_jun-jul,0280_001,IAEA,strike_claims,9,False,False
aftermath_jun-jul,0280_008,IRAN,strike_claims,15,False,False
aftermath_jun-jul,0280_010,USA,military_action,0,False,False
aftermath_jun-jul,0280_010,IRAN,military_action,0,False,False
aftermath_jun-jul,0280_010,ISRAEL,military_action,6,False,False
aftermath_jun-jul,0280_011,IRAN,military_action,0,False,False
aftermath_jun-jul,0280_012,IRAN,military_action,6,False,False
aftermath_jun-jul,0280_018,RUSSIA,military_action,3,False,False
aftermath_jun-jul,0280_018,RUSSIA,nuclear_program,16,False,False
aftermath_jun-jul,0280_018,USA,military_action,3,False,False
aftermath_jun-jul,0280_018,USA,nuclear_program,8,False,False
aftermath_jun-jul,0280_018,ISRAEL,military_action,5,False,False
aftermath_jun-jul,0280_018,ISRAEL,nuclear_program,6,False,False
aftermath_jun-jul,0280_019,RUSSIA,military_action,2,False,False
aftermath_jun-jul,0280_019,RUSSIA,nuclear_program,10,False,False
aftermath_jun-jul,0280_019,IRAN,military_action,1,False,False
aftermath_jun-jul,0280_019,IRAN,nuclear_program,5,False,False
aftermath_jun-jul,0281_000,RUSSIA,military_action,25,False,False
aftermath_jun-jul,0281_000,RUSSIA,nuclear_program,14,False,False
aftermath_jun-jul,0281_000,IRAN,military_action,1,False,False
aftermath_jun-jul,0281_000,IRAN,nuclear_program,6,False,False
aftermath_jun-jul,0281_000,IAEA,military_action,10,False,False
aftermath_jun-jul,0281_000,IAEA,nuclear_program,0,False,False
aftermath_jun-jul,0281_000,USA,military_action,4,False,False
aftermath_jun-jul,0281_000,USA,nuclear_program,3,False,False
aftermath_jun-jul,0281_000,ISRAEL,military_action,7,False,False
aftermath_jun-jul,0281_000,ISRAEL,nuclear_program,18,False,False
aftermath_jun-jul,0281_002,IAEA,nuclear_program,0,False,False
aftermath_jun-jul,0281_002,IRAN,nuclear_program,10,False,False
aftermath_jun-jul,0281_003,IAEA,nuclear_program,0,False,False
aftermath_jun-jul,0281_006,IAEA,nuclear_program,0,False,False
aftermath_jun-jul,0281_006,IRAN,nuclear_program,1,False,False
aftermath_jun-jul,0281_007,IAEA,nuclear_program,0,False,True
aftermath_jun-jul,0281_007,GROSSI,nuclear_program,2,False,True
aftermath_jun-jul,0281_007,IRAN,nuclear_program,9,False,True
aftermath_jun-jul,0281_012,GROSSI,nuclear_program,24,True,True
aftermath_jun-jul,0281_012,GROSSI,strike_claims,9,True,True
aftermath_jun-jul,0281_012,IRAN,nuclear_program,12,False,True
aftermath_jun-jul,0281_012,IRAN,strike_claims,0,False,True
aftermath_jun-jul,0281_012,USA,nuclear_program,5,False,True
aftermath_jun-jul,0281_012,USA,strike_claims,2,False,True
aftermath_jun-jul,0281_012,ISRAEL,nuclear_program,3,False,True
aftermath_jun-jul,0281_012,ISRAEL,strike_claims,9,False,True
aftermath_jun-jul,0281_014,IRAN,nuclear_program,4,False,True
aftermath_jun-jul,0281_014,IRAN,strike_claims,0,False,True
aftermath_jun-jul,0281_014,IAEA,nuclear_program,40,False,True
aftermath_jun-jul,0281_014,IAEA,strike_claims,9,False,True
aftermath_jun-jul,0281_015,USA,military_action,2,False,False
aftermath_jun-jul,0281_015,ISRAEL,military_action,4,False,False
aftermath_jun-jul,0281_015,IRAN,military_action,6,False,False
aftermath_jun-jul,0281_016,IRAN,nuclear_program,3,False,False
aftermath_jun-jul,0281_016,IAEA,nuclear_program,0,False,False
aftermath_jun-jul,0281_016,ISRAEL,nuclear_program,14,False,False
aftermath_jun-jul,0281_018,RUSSIA,nuclear_program,6,False,False
aftermath_jun-jul,0281_018,USA,nuclear_program,4,False,False
aftermath_jun-jul,0281_018,ISRAEL,nuclear_program,3,False,False
aftermath_jun-jul,0281_018,IRAN,nuclear_program,0,False,False
aftermath_jun-jul,0281_018,IAEA,nuclear_program,0,False,False
aftermath_jun-jul,0282_002,PEZESHKIAN,military_action,30,False,True
aftermath_jun-jul,0282_002,PEZESHKIAN,nuclear_program,24,False,True
aftermath_jun-jul,0282_002,IRAN,military_action,5,False,True
aftermath_jun-jul,0282_002,IRAN,nuclear_program,0,False,True
aftermath_jun-jul,0282_002,IAEA,military_action,19,False,True
aftermath_jun-jul,0282_002,IAEA,nuclear_program,13,False,True
aftermath_jun-jul,0282_004,ISRAEL,nuclear_program,11,False,True
aftermath_jun-jul,0282_004,ISRAEL,strike_claims,16,False,True
aftermath_jun-jul,0282_004,PEZESHKIAN,nuclear_program,9,True,True
aftermath_jun-jul,0282_004,PEZESHKIAN,strike_claims,14,True,True
aftermath_jun-jul,0282_006,PEZESHKIAN,military_action,13,False,False
aftermath_jun-jul,0282_006,PEZESHKIAN,diplomacy,5,False,False
aftermath_jun-jul,0282_006,IRAN,military_action,8,False,False
aftermath_jun-jul,0282_006,IRAN,diplomacy,0,False,False
aftermath_jun-jul,0282_006,USA,military_action,2,False,False
aftermath_jun-jul,0282_006,USA,diplomacy,1,False,False
aftermath_jun-jul,0282_006,ISRAEL,military_action,5,False,False
aftermath_jun-jul,0282_006,ISRAEL,diplomacy,13,False,False
aftermath_jun-jul,0282_008,PEZESHKIAN,nuclear_program,5,True,True
aftermath_jun-jul,0282_008,IRAN,nuclear_program,0,False,True
aftermath_jun-jul,0282_008,IAEA,nuclear_program,8,False,True
aftermath_jun-jul,0282_011,IRAN,military_action,1,False,False
aftermath_jun-jul,0282_011,ISRAEL,military_action,0,False,False
aftermath_jun-jul,0282_011,FRANCE,military_action,10,False,False
aftermath_jun-jul,0282_014,PEZESHKIAN,deterrence,12,False,False
aftermath_jun-jul,0282_014,IAEA,deterrence,10,False,False
aftermath_jun-jul,0282_014,ISRAEL,deterrence,2,False,False
climax_w1,0283_001,ISRAEL,military_action,0,False,False
climax_w1,0283_001,IRAN,military_action,1,False,False
climax_w1,0283_004,GROSSI,strike_claims,46,False,False
climax_w1,0283_004,CHINA,strike_claims,29,False,False
climax_w1,0283_004,ISRAEL,strike_claims,14,False,False
climax_w1,0283_004,IRAN,strike_claims,4,False,False
climax_w1,0283_006,ISRAEL,military_action,29,False,False
climax_w1,0283_006,USA,military_action,9,False,False
climax_w1,0283_006,IRAN,military_action,4,False,False
climax_w1,0283_008,IAEA,nuclear_program,8,False,False
climax_w1,0283_015,UN_SECURITY_COUNCIL,nuclear_program,19,False,True
climax_w1,0283_015,UN_SECURITY_COUNCIL,deterrence,16,False,True
climax_w1,0283_015,IAEA,nuclear_program,16,False,True
climax_w1,0283_015,IAEA,deterrence,13,False,True
climax_w1,0283_015,IRAN,nuclear_program,0,False,True
climax_w1,0283_015,IRAN,deterrence,1,False,True
climax_w1,0283_015,ISRAEL,nuclear_program,3,False,True
climax_w1,0283_015,ISRAEL,deterrence,0,False,True
climax_w1,0283_016,ISRAEL,deterrence,13,False,True
climax_w1,0283_016,IRAN,deterrence,4,True,True
climax_w1,0283_021,UN_SECURITY_COUNCIL,military_action,9,False,False
climax_w1,0283_021,UN_SECURITY_COUNCIL,nuclear_program,6,False,False
climax_w1,0283_021,UN_SECURITY_COUNCIL,deterrence,11,False,False
climax_w1,0283_021,UN_SECURITY_COUNCIL,strike_claims,22,False,False
climax_w1,0283_024,ISRAEL,strike_claims,3,False,False
climax_w1,0283_024,IRAQ,strike_claims,0,False,False
climax_w1,0283_025,IRAQ,strike_claims,0,False,True
climax_w1,0283_025,UN_SECURITY_COUNCIL,strike_claims,7,False,True
climax_w1,0283_028,ISRAEL,strike_claims,3,False,False
climax_w1,0283_030,ISRAEL,strike_claims,14,False,True
climax_w1,0283_030,IRAN,strike_claims,4,True,True
climax_w1,0283_034,IAEA,military_action,23,False,False
climax_w1,0283_034,IAEA,nuclear_program,0,False,False
climax_w1,0283_037,ISRAEL,diplomacy,8,False,False
climax_w1,0283_041,USA,military_action,1,False,True
climax_w1,0283_041,ISRAEL,military_action,0,False,True
climax_w1,0283_041,IRAN,military_action,19,True,True
climax_w1,0283_047,ISRAEL,military_action,1,False,False
climax_w1,0283_047,ISRAEL,strike_claims,29,False,False
climax_w1,0283_047,IRAQ,military_action,1,False,False
climax_w1,0283_047,IRAQ,strike_claims,25,False,False
climax_w1,0283_056,IRAN,deterrence,9,False,False
climax_w1,0283_056,IRAN,strike_claims,18,False,False
climax_w1,0283_061,ISRAEL,military_action,0,False,False
climax_w1,0283_061,IRAN,military_action,0,False,False
climax_w1,0283_062,ISRAEL,strike_claims,1,False,False
climax_w1,0283_068,ISRAEL,military_action,0,False,False
climax_w1,0283_068,IRAN,military_action,1,False,False
climax_w2,0284_001,IRAN,military_action,2,False,False
climax_w2,0284_001,IRAN,nuclear_program,0,False,False
climax_w2,0284_001,IRAN,deterrence,6,False,False
climax_w2,0284_001,QATAR,military_action,6,False,False
climax_w2,0284_001,QATAR,nuclear_program,23,False,False
climax_w2,0284_001,QATAR,deterrence,15,False,False
climax_w2,0284_001,USA,military_action,1,False,False
climax_w2,0284_001,USA,nuclear_program,5,False,False
climax_w2,0284_001,USA,deterrence,1,False,False
climax_w2,0284_003,IRAN,military_action,12,False,False
climax_w2,0284_003,IRAN,nuclear_program,0,False,False
climax_w2,0284_003,USA,military_action,5,False,False
climax_w2,0284_003,USA,nuclear_program,7,False,False
climax_w2,0284_004,USA,military_action,19,False,False
climax_w2,0284_004,QATAR,military_action,16,False,False
climax_w2,0284_004,IRAN,military_action,1,False,False
climax_w1,0285_000,IRAN,military_action,1,False,True
climax_w1,0285_000,ARAGHCHI,military_action,20,False,True
climax_w1,0285_000,ISRAEL,military_action,1,False,True
climax_w1,0285_001,IRAN,strike_claims,0,True,True
climax_w1,0285_001,ARAGHCHI,strike_claims,16,False,True
climax_w1,0285_005,ISRAEL,military_action,2,False,True
climax_w1,0285_005,ISRAEL,nuclear_program,11,False,True
climax_w1,0285_005,IRAN,military_action,11,False,True
climax_w1,0285_005,IRAN,nuclear_program,8,False,True
climax_w1,0285_005,ARAGHCHI,military_action,13,True,True
climax_w1,0285_005,ARAGHCHI,nuclear_program,16,True,True
climax_w1,0285_007,ARAGHCHI,military_action,2,True,True
climax_w1,0285_007,ARAGHCHI,diplomacy,10,True,True
climax_w1,0285_007,USA,military_action,9,False,True
climax_w1,0285_007,USA,diplomacy,1,False,True
climax_w1,0285_008,IRAN,deterrence,6,False,False
climax_w1,0285_008,IRAN,strike_claims,33,False,False
climax_w1,0285_010,ARAGHCHI,military_action,3,False,False
climax_w1,0285_010,ARAGHCHI,strike_claims,12,False,False
climax_w1,0285_011,ISRAEL,strike_claims,4,False,False
climax_w1,0285_011,IRAN,strike_claims,7,False,False
climax_w1,0285_014,IRAN,deterrence,0,False,False
climax_w1,0285_014,ISRAEL,deterrence,7,False,False
climax_w1,0285_015,ISRAEL,military_action,4,False,False
climax_w1,0285_015,ARAGHCHI,military_action,9,False,False
climax_w1,0285_015,IRAN,military_action,27,False,False
climax_w1,0285_017,ARAGHCHI,military_action,3,False,True
climax_w1,0285_017,IRAN,military_action,0,False,True
climax_w1,0285_017,ISRAEL,military_action,1,False,True
climax_w2,0286_000,USA,military_action,2,False,False
climax_w2,0286_000,USA,nuclear_program,10,False,False
climax_w2,0286_000,ISRAEL,military_action,0,False,False
climax_w2,0286_000,ISRAEL,nuclear_program,24,False,False
climax_w2,0286_000,IRAN,military_action,9,False,False
climax_w2,0286_000,IRAN,nuclear_program,13,False,False
climax_w2,0286_001,IRAN,nuclear_program,1,False,False
climax_w2,0286_001,IRAN,deterrence,20,False,False
climax_w2,0286_006,IRAN,military_action,6,False,False
climax_w2,0286_006,IRAN,nuclear_program,8,False,False
climax_w2,0287_003,EU,nuclear_program,5,False,False
climax_w2,0287_003,IRAN,nuclear_program,0,False,False
climax_w2,0287_003,IAEA,nuclear_program,6,False,False
climax_w2,0287_003,ARAGHCHI,nuclear_program,11,False,False
climax_w2,0287_004,ISRAEL,military_action,0,False,False
climax_w2,0287_004,ISRAEL,strike_claims,20,False,False
climax_w2,0287_004,IRAN,military_action,1,False,False
climax_w2,0287_004,IRAN,strike_claims,17,False,False
climax_w2,0287_005,ARAGHCHI,military_action,15,False,True
climax_w2,0287_005,ARAGHCHI,nuclear_program,18,False,True
climax_w2,0287_005,EU,military_action,7,False,True
climax_w2,0287_005,EU,nuclear_program,10,False,True
climax_w2,0287_005,ISRAEL,military_action,0,False,True
climax_w2,0287_005,ISRAEL,nuclear_program,3,False,True
climax_w2,0287_005,IRAN,military_action,1,False,True
climax_w2,0287_005,IRAN,nuclear_program,0,False,True
climax_w2,0287_009,ARAGHCHI,diplomacy,7,True,True
climax_w2,0287_009,IRAN,diplomacy,5,False,True
climax_w2,0287_009,EU,diplomacy,2,False,True
climax_w2,0287_012,ISRAEL,military_action,3,True,True
climax_w2,0287_012,IRAN,military_action,1,False,True
climax_w2,0287_014,IRAN,military_action,0,False,False
climax_w2,0287_015,ISRAEL,military_action,2,False,False
aftermath_jun-jul,0288_011,IRAN,military_action,0,True,True
aftermath_jun-jul,0288_011,USA,military_action,5,False,True
aftermath_jun-jul,0288_011,ISRAEL,military_action,2,False,True
aftermath_jun-jul,0288_012,TRUMP,deterrence,14,False,False
aftermath_jun-jul,0288_012,IRAN,deterrence,2,False,False
aftermath_jun-jul,0288_012,USA,deterrence,17,False,False
aftermath_jun-jul,0288_015,IRAN,diplomacy,11,False,False
aftermath_jun-jul,0288_015,EU,diplomacy,4,False,False
aftermath_jun-jul,0288_015,UK,diplomacy,1,False,False
aftermath_jun-jul,0288_015,FRANCE,diplomacy,2,False,False
aftermath_jun-jul,0288_015,GERMANY,diplomacy,4,False,False
aftermath_jun-jul,0288_016,IRAN,diplomacy,12,True,True
aftermath_jun-jul,0288_019,ISRAEL,military_action,8,False,False
aftermath_jun-jul,0288_019,IRAN,military_action,2,False,False
aftermath_jun-jul,0288_020,IRAN,military_action,0,True,True
aftermath_jun-jul,0288_029,IRAN,military_action,1,True,True
aftermath_jun-jul,0288_029,IRAN,nuclear_program,0,True,True
aftermath_jun-jul,0288_029,IAEA,military_action,4,False,True
aftermath_jun-jul,0288_029,IAEA,nuclear_program,7,False,True
aftermath_jun-jul,0288_029,USA,military_action,2,False,True
aftermath_jun-jul,0288_029,USA,nuclear_program,5,False,True
aftermath_jun-jul,0288_029,ISRAEL,military_action,0,False,True
aftermath_jun-jul,0288_029,ISRAEL,nuclear_program,3,False,True
aftermath_jun-jul,0288_030,IAEA,military_action,8,False,True
aftermath_jun-jul,0288_030,GROSSI,military_action,30,False,True
aftermath_jun-jul,0288_030,IRAN,military_action,12,False,True
aftermath_jun-jul,0288_031,IRAN,deterrence,22,False,False
aftermath_jun-jul,0288_031,ISRAEL,deterrence,8,False,False
aftermath_jun-jul,0288_040,IRAN,deterrence,5,True,True
aftermath_jun-jul,0288_040,IRAN,diplomacy,10,True,True
aftermath_jun-jul,0288_041,IRAN,diplomacy,0,False,False
aftermath_jun-jul,0288_046,IRAN,nuclear_program,2,True,True
aftermath_jun-jul,0288_052,IRAN,military_action,9,False,False
aftermath_jun-jul,0289_005,KHAMENEI,military_action,1,False,True
aftermath_jun-jul,0289_005,IRAN,military_action,6,False,True
aftermath_jun-jul,0289_007,USA,military_action,2,True,True
aftermath_jun-jul,0289_007,USA,nuclear_program,8,True,True
aftermath_jun-jul,0289_007,USA,deterrence,8,True,True
aftermath_jun-jul,0289_007,IRAN,military_action,11,False,True
aftermath_jun-jul,0289_007,IRAN,nuclear_program,0,False,True
aftermath_jun-jul,0289_007,IRAN,deterrence,5,False,True
aftermath_jun-jul,0289_007,QATAR,military_action,12,False,True
aftermath_jun-jul,0289_007,QATAR,nuclear_program,22,False,True
aftermath_jun-jul,0289_007,QATAR,deterrence,18,False,True
aftermath_jun-jul,0289_009,USA,strike_claims,8,False,True
aftermath_jun-jul,0289_009,ISRAEL,strike_claims,4,False,True
aftermath_jun-jul,0289_010,USA,military_action,0,True,True
aftermath_jun-jul,0289_010,ISRAEL,military_action,15,True,True
aftermath_jun-jul,0289_010,IRAN,military_action,0,False,True
aftermath_jun-jul,0289_012,USA,deterrence,4,False,True
aftermath_jun-jul,0289_012,TRUMP,deterrence,6,False,True
aftermath_jun-jul,0289_012,IRAN,deterrence,1,False,True
aftermath_jun-jul,0289_018,IRAN,military_action,9,False,False
aftermath_jun-jul,0289_018,USA,military_action,5,False,False
climax_w1,0290_001,IRAN,military_action,1,False,False
climax_w1,0290_001,ISRAEL,military_action,0,False,False
climax_w1,0290_004,IRAN,military_action,1,False,True
climax_w1,0290_004,ISRAEL,military_action,0,False,True
climax_w1,0290_007,ISRAEL,military_action,3,False,False
climax_w1,0290_007,ISRAEL,nuclear_program,11,False,False
climax_w1,0290_007,IRAN,military_action,3,False,False
climax_w1,0290_007,IRAN,nuclear_program,3,False,False
climax_w1,0290_008,ISRAEL,deterrence,1,False,False
climax_w1,0290_008,IRAN,deterrence,11,False,False
climax_w1,0290_010,ISRAEL,military_action,5,False,False
climax_w1,0290_010,IRAN,military_action,1,False,False
climax_w1,0290_012,ISRAEL,military_action,2,False,True
climax_w1,0290_012,IRAN,military_action,1,False,True
climax_w1,0291_001,IRAN,military_action,1,False,False
climax_w1,0291_001,IRAN,strike_claims,9,False,False
climax_w1,0291_003,ISRAEL,military_action,1,False,False
climax_w1,0291_003,IRAN,military_action,2,False,False
climax_w1,0291_005,ISRAEL,military_action,0,False,False
climax_w1,0291_006,IRAN,military_action,0,False,False
climax_w1,0291_006,ISRAEL,military_action,10,False,False
climax_w1,0291_007,ISRAEL,military_action,6,False,False
climax_w1,0291_007,IRAN,military_action,1,False,False
climax_w1,0292_001,ISRAEL,military_action,0,False,False
climax_w1,0292_001,IRAN,military_action,1,False,False
climax_w1,0292_003,ISRAEL,military_action,3,False,False
climax_w1,0292_003,ISRAEL,nuclear_program,11,False,False
climax_w1,0292_003,IRAN,military_action,3,False,False
climax_w1,0292_003,IRAN,nuclear_program,3,False,False
climax_w1,0292_004,ISRAEL,deterrence,1,False,False
climax_w1,0292_004,IRAN,deterrence,11,False,False
climax_w1,0292_006,ISRAEL,military_action,5,False,False
climax_w1,0292_006,IRAN,military_action,1,False,False
climax_w1,0292_008,ISRAEL,military_action,2,False,True
climax_w1,0292_008,IRAN,military_action,1,False,True
climax_w1,0293_002,ISRAEL,military_action,5,False,False
climax_w1,0293_002,ISRAEL,strike_claims,45,False,False
climax_w1,0293_002,IRAN,military_action,4,False,False
climax_w1,0293_002,IRAN,strike_claims,34,False,False
climax_w1,0293_003,IRAN,nuclear_program,5,False,False
climax_w1,0293_003,IRAN,deterrence,22,False,False
climax_w1,0293_004,IRAN,strike_claims,6,False,False
climax_w1,0293_004,ISRAEL,strike_claims,20,False,False
climax_w1,0293_006,ISRAEL,military_action,5,False,False
climax_w1,0293_006,IRAN,military_action,4,False,False
climax_w1,0293_007,ISRAEL,deterrence,1,False,False
climax_w1,0293_007,IRAN,deterrence,11,False,False
climax_w1,0293_009,ISRAEL,military_action,0,False,False
climax_w1,0293_009,IRAN,military_action,1,False,False
climax_w1,0294_002,ISRAEL,military_action,14,False,False
climax_w1,0294_002,IRAN,military_action,2,False,False
climax_w1,0294_005,ISRAEL,military_action,12,False,False
climax_w1,0294_005,IRAN,military_action,0,False,False
climax_w1,0294_009,IRAN,nuclear_program,4,False,False
climax_w1,0294_009,ISRAEL,nuclear_program,17,False,False
climax_w1,0294_010,ISRAEL,military_action,15,False,False
climax_w1,0294_010,IRAN,military_action,0,False,False
climax_w1,0294_017,IRAN,military_action,0,False,False
climax_w1,0294_017,ISRAEL,military_action,2,False,False
climax_w1,0294_022,ISRAEL,military_action,2,False,False
climax_w1,0294_022,IRAN,military_action,1,False,False
climax_w1,0294_023,IRAN,military_action,6,False,False
climax_w1,0294_028,IRAN,military_action,2,False,False
climax_w1,0294_028,ISRAEL,military_action,2,False,False
climax_w1,0294_031,IRAN,military_action,0,False,False
climax_w1,0294_031,ISRAEL,military_action,6,False,False
climax_w1,0294_032,ISRAEL,military_action,14,False,False
climax_w1,0294_032,IRAN,military_action,6,False,False
climax_w1,0294_033,IRAN,military_action,1,False,False
climax_w1,0294_033,IRAN,nuclear_program,3,False,False
climax_w1,0294_033,ISRAEL,military_action,8,False,False
climax_w1,0294_033,ISRAEL,nuclear_program,7,False,False
climax_w1,0295_000,ISRAEL,deterrence,8,False,True
climax_w1,0295_000,ISRAEL,strike_claims,17,False,True
climax_w1,0295_000,IRAN,deterrence,1,False,True
climax_w1,0295_000,IRAN,strike_claims,6,False,True
climax_w1,0295_004,CHINA,strike_claims,29,False,False
climax_w1,0295_004,ISRAEL,strike_claims,14,False,False
climax_w1,0295_004,IRAN,strike_claims,4,False,False
climax_w1,0295_007,ISRAEL,military_action,29,False,False
climax_w1,0295_007,USA,military_action,9,False,False
climax_w1,0295_007,IRAN,military_action,4,False,False
climax_w1,0295_009,IAEA,nuclear_program,8,False,False
climax_w1,0295_016,UN_SECURITY_COUNCIL,nuclear_program,19,False,True
climax_w1,0295_016,UN_SECURITY_COUNCIL,deterrence,16,False,True
climax_w1,0295_016,IAEA,nuclear_program,16,False,True
climax_w1,0295_016,IAEA,deterrence,13,False,True
climax_w1,0295_016,IRAN,nuclear_program,0,False,True
climax_w1,0295_016,IRAN,deterrence,1,False,True
climax_w1,0295_016,ISRAEL,nuclear_program,3,False,True
climax_w1,0295_016,ISRAEL,deterrence,0,False,True
climax_w1,0295_017,ISRAEL,deterrence,5,True,True
climax_w1,0295_022,UN_SECURITY_COUNCIL,military_action,9,False,False
climax_w1,0295_022,UN_SECURITY_COUNCIL,nuclear_program,6,False,False
climax_w1,0295_022,UN_SECURITY_COUNCIL,deterrence,11,False,False
climax_w1,0295_022,UN_SECURITY_COUNCIL,strike_claims,22,False,False
climax_w1,0295_025,ISRAEL,strike_claims,3,False,False
climax_w1,0295_025,IRAQ,strike_claims,0,False,False
climax_w1,0295_026,IRAQ,strike_claims,0,False,True
climax_w1,0295_026,UN_SECURITY_COUNCIL,strike_claims,7,False,True
climax_w1,0295_029,ISRAEL,strike_claims,3,False,False
climax_w1,0295_031,ISRAEL,strike_claims,5,True,True
climax_w1,0295_034,IAEA,military_action,23,False,False
climax_w1,0295_034,IAEA,nuclear_program,0,False,False
climax_w1,0295_037,ISRAEL,diplomacy,8,False,False
climax_w1,0295_041,USA,military_action,1,False,True
climax_w1,0295_041,ISRAEL,military_action,0,True,True
climax_w1,0295_047,ISRAEL,military_action,1,False,False
climax_w1,0295_047,ISRAEL,strike_claims,29,False,False
climax_w1,0295_047,IRAQ,military_action,1,False,False
climax_w1,0295_047,IRAQ,strike_claims,25,False,False
climax_w1,0295_055,IRAN,deterrence,9,False,False
climax_w1,0295_055,IRAN,strike_claims,18,False,False
climax_w1,0295_062,ISRAEL,military_action,0,False,False
climax_w1,0295_062,IRAN,military_action,0,False,False
climax_w1,0295_063,ISRAEL,strike_claims,1,False,False
climax_w1,0296_004,ISRAEL,strike_claims,25,False,False
climax_w1,0296_006,ISRAEL,military_action,7,True,True
climax_w1,0296_006,ISRAEL,deterrence,1,True,True
climax_w1,0296_006,IRAN,military_action,2,False,True
climax_w1,0296_006,IRAN,deterrence,13,False,True
climax_w1,0296_010,ISRAEL,military_action,4,False,False
climax_w1,0296_010,IRAN,military_action,4,False,False
climax_w1,0296_011,IAEA,nuclear_program,1,False,False
climax_w1,0296_012,ISRAEL,military_action,1,False,False
climax_w1,0296_012,ISRAEL,deterrence,11,False,False
climax_w1,0296_014,ISRAEL,strike_claims,5,False,False
climax_w1,0296_015,ISRAEL,strike_claims,7,False,False
climax_w1,0296_015,IRAN,strike_claims,6,False,False
climax_w1,0296_024,IRAN,military_action,2,False,True
climax_w1,0296_024,IRAN,nuclear_program,5,False,True
climax_w1,0296_024,IRAN,strike_claims,43,False,True
climax_w1,0296_024,UN_SECURITY_COUNCIL,military_action,28,False,True
climax_w1,0296_024,UN_SECURITY_COUNCIL,nuclear_program,40,False,True
climax_w1,0296_024,UN_SECURITY_COUNCIL,strike_claims,16,False,True
climax_w1,0296_024,ISRAEL,military_action,8,False,True
climax_w1,0296_024,ISRAEL,nuclear_program,2,False,True
climax_w1,0296_024,ISRAEL,strike_claims,31,False,True
climax_w1,0297_000,ISRAEL,military_action,7,False,True
climax_w1,0297_000,IRAN,military_action,3,False,True
climax_w1,0297_004,ISRAEL,strike_claims,16,False,False
climax_w1,0297_004,IRAN,strike_claims,11,False,False
climax_w1,0297_005,IRAN,military_action,0,True,True
climax_w1,0297_005,IRAN,nuclear_program,18,True,True
climax_w1,0297_006,ISRAEL,military_action,10,False,False
climax_w1,0297_006,ISRAEL,nuclear_program,12,False,False
climax_w1,0297_006,ISRAEL,deterrence,30,False,False
climax_w1,0297_006,ISRAEL,strike_claims,15,False,False
climax_w1,0297_006,IRAN,military_action,0,False,False
climax_w1,0297_006,IRAN,nuclear_program,0,False,False
climax_w1,0297_006,IRAN,deterrence,18,False,False
climax_w1,0297_006,IRAN,strike_claims,3,False,False
climax_w1,0297_014,ISRAEL,strike_claims,2,False,True
climax_w1,0297_015,ISRAEL,deterrence,0,False,False
climax_w1,0297_015,IRAN,deterrence,3,False,False
climax_w1,0297_016,IRAN,military_action,0,False,False
climax_w1,0297_016,ISRAEL,military_action,10,False,False
climax_w1,0297_017,ISRAEL,military_action,6,False,False
climax_w1,0297_017,IRAN,military_action,1,False,False
aftermath_jun-jul,0298_011,USA,military_action,15,False,False
aftermath_jun-jul,0298_011,IRAN,military_action,3,False,False
aftermath_jun-jul,0298_011,ISRAEL,military_action,6,False,False
aftermath_jun-jul,0298_018,ISRAEL,military_action,3,True,True
aftermath_jun-jul,0298_018,IRAN,military_action,1,False,True
aftermath_jun-jul,0298_020,IRAN,military_action,0,False,False
aftermath_jun-jul,0298_021,ISRAEL,military_action,2,False,False
aftermath_jun-jul,0299_001,ISRAEL,military_action,3,True,True
aftermath_jun-jul,0299_001,IRAN,military_action,1,False,True
aftermath_jun-jul,0299_003,IRAN,military_action,8,False,False
aftermath_jun-jul,0299_005,IRAN,military_action,0,False,False
aftermath_jun-jul,0299_006,ISRAEL,military_action,2,False,False
aftermath_jun-jul,0299_006,ISRAEL,diplomacy,26,False,False
climax_w2,0300_000,ISRAEL,military_action,0,False,False
climax_w2,0300_000,IRAN,military_action,6,False,False
climax_w2,0300_001,ISRAEL,military_action,0,False,False
climax_w2,0300_001,ISRAEL,strike_claims,4,False,False
climax_w2,0300_005,ISRAEL,military_action,3,True,True
climax_w2,0300_005,IRAN,military_action,1,False,True
climax_w2,0300_007,IRAN,military_action,0,False,False
climax_w2,0300_008,ISRAEL,military_action,2,False,False
climax_w2,0300_009,ISRAEL,military_action,4,False,False
climax_w2,0300_009,ISRAEL,diplomacy,17,False,False
climax_w2,0300_009,IRAN,military_action,1,False,False
climax_w2,0300_009,IRAN,diplomacy,24,False,False
climax_w2,0300_010,ISRAEL,military_action,0,False,False
climax_w2,0300_010,IRAN,military_action,3,False,False
climax_w2,0301_000,IRAN,military_action,0,False,False
climax_w2,0301_001,ISRAEL,nuclear_program,3,False,False
climax_w2,0301_003,IRAN,military_action,0,False,True
climax_w2,0301_003,ISRAEL,military_action,5,True,True
climax_w2,0301_006,ISRAEL,military_action,4,True,True
climax_w2,0301_006,IRAN,military_action,1,False,True
climax_w2,0301_008,IRAN,military_action,0,False,False
climax_w2,0301_009,ISRAEL,military_action,2,False,False
climax_w2,0301_009,IRAN,military_action,0,False,False
climax_w1,0302_001,IRAN,military_action,1,False,False
climax_w1,0302_001,ISRAEL,military_action,0,False,False
climax_w1,0302_003,IRAN,military_action,1,False,False
climax_w1,0302_003,IRAN,strike_claims,3,False,False
climax_w1,0302_003,ISRAEL,military_action,0,False,False
climax_w1,0302_003,ISRAEL,strike_claims,6,False,False
climax_w1,0302_007,IRAN,military_action,1,False,True
climax_w1,0302_007,IRAN,strike_claims,7,False,True
climax_w1,0302_007,IAEA,military_action,13,False,True
climax_w1,0302_007,IAEA,strike_claims,4,False,True
climax_w1,0302_007,ISRAEL,military_action,0,False,True
climax_w1,0302_007,ISRAEL,strike_claims,10,False,True
climax_w1,0302_011,ISRAEL,military_action,2,False,False
climax_w1,0302_011,IRAN,military_action,1,False,False
climax_w1,0302_012,IRAN,military_action,6,False,False
climax_w1,0302_015,IRAN,deterrence,4,False,False
climax_w1,0302_015,IRAN,diplomacy,3,False,False
climax_w1,0302_015,ISRAEL,deterrence,10,False,False
climax_w1,0302_015,ISRAEL,diplomacy,9,False,False
aftermath_jun-jul,0303_001,ISRAEL,military_action,2,False,False
aftermath_jun-jul,0303_001,ISRAEL,deterrence,16,False,False
aftermath_jun-jul,0303_001,ISRAEL,strike_claims,8,False,False
aftermath_jun-jul,0303_001,USA,military_action,0,False,False
aftermath_jun-jul,0303_001,USA,deterrence,14,False,False
aftermath_jun-jul,0303_001,USA,strike_claims,6,False,False
aftermath_jun-jul,0303_001,IRAN,military_action,1,False,False
aftermath_jun-jul,0303_001,IRAN,deterrence,11,False,False
aftermath_jun-jul,0303_001,IRAN,strike_claims,3,False,False
aftermath_jun-jul,0303_002,RUSSIA,military_action,15,False,False
aftermath_jun-jul,0303_005,IAEA,military_action,4,False,False
aftermath_jun-jul,0303_005,IAEA,deterrence,1,False,False
aftermath_jun-jul,0303_006,IRAN,military_action,1,False,False
aftermath_jun-jul,0303_006,IRAN,nuclear_program,0,False,False
aftermath_jun-jul,0303_006,IAEA,military_action,10,False,False
aftermath_jun-jul,0303_006,IAEA,nuclear_program,7,False,False
aftermath_jun-jul,0303_008,USA,military_action,2,False,False
aftermath_jun-jul,0303_008,ISRAEL,military_action,0,False,False
aftermath_jun-jul,0303_008,IRAN,military_action,1,False,False
aftermath_jun-jul,0304_001,PEZESHKIAN,military_action,25,False,True
aftermath_jun-jul,0304_001,ISRAEL,military_action,14,False,True
aftermath_jun-jul,0304_001,IRAN,military_action,1,False,True
aftermath_jun-jul,0304_003,IRAN,military_action,0,False,True
aftermath_jun-jul,0304_003,IRAN,strike_claims,2,False,True
aftermath_jun-jul,0304_003,PEZESHKIAN,military_action,9,False,True
aftermath_jun-jul,0304_003,PEZESHKIAN,strike_claims,13,False,True
aftermath_jun-jul,0304_003,ISRAEL,military_action,2,False,True
aftermath_jun-jul,0304_003,ISRAEL,strike_claims,6,False,True
aftermath_jun-jul,0304_004,IRAN,military_action,15,False,False
aftermath_jun-jul,0304_006,PEZESHKIAN,military_action,16,False,True
aftermath_jun-jul,0304_006,USA,military_action,0,False,True
aftermath_jun-jul,0304_006,IRAN,military_action,0,False,True
aftermath_jun-jul,0304_006,QATAR,military_action,14,False,True
aftermath_jun-jul,0304_008,IRAN,strike_claims,13,False,True
aftermath_jun-jul,0304_008,PEZESHKIAN,strike_claims,24,True,True
aftermath_jun-jul,0304_011,ISRAEL,diplomacy,14,False,False
aftermath_jun-jul,0304_012,IRAN,military_action,13,False,False
aftermath_jun-jul,0304_012,IRAN,strike_claims,3,False,False
aftermath_jun-jul,0304_014,ISRAEL,military_action,6,False,False
aftermath_jun-jul,0304_014,IRAN,military_action,0,False,False
climax_w2,0305_001,IRAN,diplomacy,10,False,False
climax_w2,0305_001,EU,diplomacy,1,False,False
climax_w2,0305_004,USA,military_action,5,True,True
climax_w2,0305_004,IRAN,military_action,1,False,True
climax_w2,0305_010,ISRAEL,military_action,3,True,True
climax_w2,0305_010,IRAN,military_action,1,False,True
climax_w2,0305_012,IRAN,military_action,0,False,False
climax_w2,0305_013,ISRAEL,military_action,2,False,False
climax_w1,0306_004,ARAGHCHI,military_action,9,True,True
climax_w1,0306_004,ARAGHCHI,nuclear_program,15,True,True
climax_w1,0306_004,ISRAEL,military_action,0,False,True
climax_w1,0306_004,ISRAEL,nuclear_program,6,False,True
climax_w1,0306_004,IRAN,military_action,1,False,True
climax_w1,0306_004,IRAN,nuclear_program,3,False,True
climax_w1,0306_009,IRAN,military_action,0,False,False
climax_w1,0306_009,ISRAEL,military_action,10,False,False
climax_w1,0306_010,ISRAEL,military_action,6,False,False
climax_w1,0306_010,IRAN,military_action,1,False,False
climax_w1,0307_000,IRAN,strike_claims,12,False,False
climax_w1,0307_000,ISRAEL,strike_claims,9,False,False
climax_w1,0307_001,IRAN,military_action,0,True,True
climax_w1,0307_001,ISRAEL,military_action,2,False,True
climax_w1,0307_001,USA,military_action,9,False,True
climax_w1,0307_002,ISRAEL,diplomacy,15,False,False
climax_w1,0307_002,IRAN,diplomacy,1,False,False
climax_w1,0307_002,USA,diplomacy,3,False,False
climax_w1,0307_004,ISRAEL,military_action,0,False,False
climax_w1,0307_004,IRAN,military_action,10,False,False
climax_w1,0307_005,ISRAEL,military_action,1,False,False
climax_w1,0307_005,ISRAEL,nuclear_program,14,False,False
climax_w1,0307_005,IRAN,military_action,6,False,False
climax_w1,0307_005,IRAN,nuclear_program,4,False,False
climax_w1,0307_007,ISRAEL,military_action,2,False,False
climax_w1,0307_011,IRAN,military_action,0,False,False
climax_w1,0307_011,USA,military_action,1,False,False
climax_w1,0308_002,ISRAEL,military_action,3,False,False
climax_w1,0308_002,ISRAEL,strike_claims,13,False,False
climax_w1,0308_002,IRAN,military_action,10,False,False
climax_w1,0308_002,IRAN,strike_claims,0,False,False
climax_w1,0308_003,ISRAEL,deterrence,5,False,False
climax_w1,0308_003,IRAN,deterrence,1,False,False
climax_w1,0308_007,IRAN,military_action,2,False,False
climax_w1,0308_007,IRAN,strike_claims,0,False,False
climax_w1,0308_008,ISRAEL,strike_claims,0,False,False
climax_w1,0308_010,IRAN,deterrence,6,False,False
climax_w1,0308_011,IRAN,military_action,1,False,False
climax_w1,0308_011,ISRAEL,military_action,0,False,False
climax_w1,0308_012,IRAN,military_action,3,True,True
climax_w1,0308_012,IRAN,diplomacy,1,True,True
climax_w1,0308_012,ISRAEL,military_action,0,False,True
climax_w1,0308_012,ISRAEL,diplomacy,16,False,True
climax_w1,0308_016,IRAN,military_action,6,False,False
climax_w1,0308_016,ISRAEL,military_action,0,False,False
climax_w1,0308_018,IRAN,military_action,1,False,False
climax_w1,0309_005,ISRAEL,military_action,3,False,False
climax_w1,0309_005,ISRAEL,nuclear_program,5,False,False
climax_w1,0309_007,ISRAEL,military_action,6,False,False
climax_w1,0309_008,ISRAEL,military_action,1,False,False
climax_w1,0309_008,IRAN,military_action,7,False,False
climax_w1,0309_010,IRAN,military_action,7,False,False
climax_w1,0309_010,USA,military_action,4,False,False
climax_w1,0309_010,ISRAEL,military_action,0,False,False
climax_w1,0309_014,OMAN,military_action,14,False,False
climax_w1,0309_014,OMAN,diplomacy,1,False,False
climax_w1,0309_014,IRAN,military_action,16,False,False
climax_w1,0309_014,IRAN,diplomacy,3,False,False
climax_w1,0309_016,ISRAEL,diplomacy,9,False,False
climax_w1,0309_016,GAZA,diplomacy,12,False,False
climax_w1,0309_018,IRAN,military_action,8,False,False
climax_w1,0309_018,ISRAEL,military_action,0,False,False
climax_w1,0309_021,IRAN,military_action,20,False,False
climax_w2,0310_001,IRAN,military_action,0,False,False
climax_w2,0310_001,IRAN,diplomacy,23,False,False
climax_w2,0310_001,ISRAEL,military_action,2,False,False
climax_w2,0310_001,ISRAEL,diplomacy,19,False,False
climax_w2,0310_002,IRAN,military_action,1,False,False
climax_w2,0310_002,ISRAEL,military_action,9,False,False
climax_w2,0310_003,IRAN,military_action,12,True,True
climax_w2,0310_003,IRAN,diplomacy,11,True,True
climax_w2,0310_003,ISRAEL,military_action,23,False,True
climax_w2,0310_003,ISRAEL,diplomacy,19,False,True
climax_w2,0310_003,USA,military_action,6,False,True
climax_w2,0310_003,USA,diplomacy,2,False,True
climax_w2,0310_007,ISRAEL,military_action,3,True,True
climax_w2,0310_007,IRAN,military_action,1,False,True
climax_w2,0310_009,IRAN,military_action,0,False,False
climax_w2,0310_010,ISRAEL,military_action,2,False,False
climax_w1,0311_001,IRAN,military_action,3,False,False
climax_w1,0311_001,ISRAEL,military_action,0,False,False
climax_w1,0311_002,ISRAEL,military_action,4,False,False
climax_w1,0311_002,ISRAEL,strike_claims,7,False,False
climax_w1,0311_002,IRAN,military_action,7,False,False
climax_w1,0311_002,IRAN,strike_claims,4,False,False
climax_w1,0311_003,ISRAEL,military_action,4,False,False
climax_w1,0311_003,IRAN,military_action,1,False,False
climax_w1,0311_004,ISRAEL,military_action,15,False,False
climax_w1,0311_004,USA,military_action,9,False,False
climax_w1,0311_008,ISRAEL,military_action,5,False,False
climax_w1,0311_008,IRAN,military_action,4,False,False
climax_w1,0311_009,ISRAEL,deterrence,1,False,False
climax_w1,0311_009,IRAN,deterrence,11,False,False
climax_w1,0311_011,ISRAEL,military_action,5,False,False
climax_w1,0311_011,IRAN,military_action,1,False,False
climax_w1,0311_018,IRAN,military_action,4,False,False
climax_w1,0311_018,ISRAEL,military_action,1,False,False
climax_w2,0312_001,ISRAEL,diplomacy,4,False,False
climax_w2,0312_001,IRAN,diplomacy,12,False,False
climax_w2,0312_002,ISRAEL,military_action,2,False,False
climax_w2,0312_002,IRAN,military_action,7,False,False
climax_w2,0312_006,ISRAEL,military_action,3,True,True
climax_w2,0312_006,IRAN,military_action,1,False,True
climax_w2,0312_008,IRAN,military_action,0,False,False
climax_w2,0312_009,ISRAEL,military_action,2,False,False
climax_w2,0312_012,IRAN,military_action,9,False,False
climax_w2,0312_012,ISRAEL,military_action,1,False,False
aftermath_jun-jul,0313_004,TRUMP,military_action,27,False,False
aftermath_jun-jul,0313_004,TRUMP,deterrence,32,False,False
aftermath_jun-jul,0313_004,IRAN,military_action,2,False,False
aftermath_jun-jul,0313_004,IRAN,deterrence,7,False,False
aftermath_jun-jul,0313_004,ISRAEL,military_action,10,False,False
aftermath_jun-jul,0313_004,ISRAEL,deterrence,5,False,False
aftermath_jun-jul,0313_012,ISRAEL,military_action,3,True,True
aftermath_jun-jul,0313_012,IRAN,military_action,1,False,True
aftermath_jun-jul,0313_014,IRAN,military_action,0,False,False
aftermath_jun-jul,0313_015,ISRAEL,military_action,2,False,False
climax_w1,0314_001,IAEA,military_action,9,False,False
climax_w1,0314_001,GROSSI,military_action,10,False,False
climax_w1,0314_001,IRAN,military_action,3,False,False
climax_w1,0314_001,ISRAEL,military_action,2,False,False
climax_w1,0314_002,GROSSI,military_action,42,True,True
climax_w1,0314_002,GROSSI,nuclear_program,14,True,True
climax_w1,0314_004,IRAN,nuclear_program,3,False,False
climax_w1,0314_004,IAEA,nuclear_program,0,False,False
climax_w1,0314_004,GROSSI,nuclear_program,0,False,False
climax_w1,0314_006,IAEA,military_action,10,False,False
climax_w1,0314_006,IRAN,military_action,3,False,False
climax_w1,0314_006,ISRAEL,military_action,2,False,False
climax_w1,0314_007,GROSSI,military_action,2,False,False
climax_w1,0314_007,ISRAEL,military_action,0,False,False
climax_w1,0314_007,IRAN,military_action,1,False,False
climax_w1,0315_001,IRAN,military_action,6,False,False
climax_w1,0315_001,ISRAEL,military_action,0,False,False
climax_w1,0315_004,ARAGHCHI,military_action,4,False,True
climax_w1,0315_004,ARAGHCHI,strike_claims,8,False,True
climax_w1,0315_004,IRAN,military_action,5,False,True
climax_w1,0315_004,IRAN,strike_claims,0,False,True
climax_w1,0315_004,ISRAEL,military_action,1,False,True
climax_w1,0315_004,ISRAEL,strike_claims,5,False,True
climax_w1,0315_007,ISRAEL,military_action,6,False,False
climax_w1,0315_007,IRAN,military_action,0,False,False
climax_w1,0315_008,ISRAEL,military_action,1,False,False
climax_w1,0315_008,ISRAEL,nuclear_program,14,False,False
climax_w1,0315_008,IRAN,military_action,6,False,False
climax_w1,0315_008,IRAN,nuclear_program,4,False,False
climax_w1,0315_009,IRAN,military_action,11,False,False
climax_w1,0315_010,ISRAEL,military_action,7,False,True
climax_w1,0315_010,IRAN,military_action,1,False,True
climax_w1,0316_001,IRAN,military_action,21,False,False
climax_w1,0316_001,ISRAEL,military_action,8,False,False
climax_w1,0316_003,IRAN,military_action,2,True,True
climax_w1,0316_003,ISRAEL,military_action,21,False,True
climax_w1,0316_003,USA,military_action,8,False,True
climax_w1,0316_007,ISRAEL,deterrence,0,True,True
climax_w1,0316_007,IRAN,deterrence,3,False,True
climax_w1,0316_009,GAZA,strike_claims,45,False,True
climax_w1,0316_009,ISRAEL,strike_claims,38,False,True
climax_w1,0316_009,IRAN,strike_claims,24,True,True
climax_w1,0316_010,ISRAEL,military_action,1,False,False
climax_w1,0316_010,IRAN,military_action,7,False,False
climax_w1,0316_012,IRAN,military_action,7,True,True
climax_w1,0316_012,IRAN,nuclear_program,7,True,True
climax_w1,0316_012,IRAN,deterrence,2,True,True
climax_w1,0316_022,IRAN,military_action,7,False,False
climax_w1,0316_022,IRAN,nuclear_program,0,False,False
climax_w1,0316_023,IRAN,nuclear_program,12,True,True
climax_w1,0316_023,IRAN,strike_claims,15,True,True
climax_w1,0316_023,ISRAEL,nuclear_program,9,False,True
climax_w1,0316_023,ISRAEL,strike_claims,12,False,True
climax_w1,0316_025,UK,military_action,21,False,False
climax_w1,0316_025,UK,nuclear_program,26,False,False
climax_w1,0316_025,FRANCE,military_action,20,False,False
climax_w1,0316_025,FRANCE,nuclear_program,25,False,False
climax_w1,0316_025,GERMANY,military_action,18,False,False
climax_w1,0316_025,GERMANY,nuclear_program,23,False,False
climax_w1,0316_025,ISRAEL,military_action,0,False,False
climax_w1,0316_025,ISRAEL,nuclear_program,5,False,False
climax_w1,0316_030,IRAN,military_action,1,True,True
climax_w1,0316_030,IRAN,nuclear_program,0,True,True
climax_w1,0316_030,ISRAEL,military_action,41,False,True
climax_w1,0316_030,ISRAEL,nuclear_program,6,False,True
aftermath_jun-jul,0317_003,ISRAEL,strike_claims,0,False,True
aftermath_jun-jul,0317_003,GAZA,strike_claims,3,False,True
aftermath_jun-jul,0317_009,IRAN,military_action,8,False,False
aftermath_jun-jul,0317_009,ISRAEL,military_action,1,False,False
aftermath_jun-jul,0317_012,ISRAEL,military_action,14,False,False
aftermath_jun-jul,0317_012,GAZA,military_action,23,False,False
aftermath_jun-jul,0317_016,NETANYAHU,military_action,16,False,False
aftermath_jun-jul,0317_016,NETANYAHU,nuclear_program,19,False,False
aftermath_jun-jul,0317_016,USA,military_action,0,False,False
aftermath_jun-jul,0317_016,USA,nuclear_program,3,False,False
aftermath_jun-jul,0317_016,TRUMP,military_action,6,False,False
aftermath_jun-jul,0317_016,TRUMP,nuclear_program,9,False,False
aftermath_jun-jul,0317_016,IRAN,military_action,1,False,False
aftermath_jun-jul,0317_016,IRAN,nuclear_program,0,False,False
aftermath_jun-jul,0317_017,IRAN,nuclear_program,0,False,False
aftermath_jun-jul,0317_017,IRAN,diplomacy,13,False,False
aftermath_jun-jul,0317_017,TRUMP,nuclear_program,8,False,False
aftermath_jun-jul,0317_017,TRUMP,diplomacy,2,False,False
aftermath_jun-jul,0317_017,ISRAEL,nuclear_program,13,False,False
aftermath_jun-jul,0317_017,ISRAEL,diplomacy,1,False,False
aftermath_jun-jul,0317_019,NETANYAHU,deterrence,6,False,False
climax_w1,0318_002,PEZESHKIAN,diplomacy,10,True,True
climax_w1,0318_002,USA,diplomacy,2,True,True
climax_w1,0318_002,ISRAEL,diplomacy,7,False,True
climax_w1,0318_006,ISRAEL,military_action,1,False,False
climax_w1,0318_006,ISRAEL,nuclear_program,14,False,False
climax_w1,0318_006,IRAN,military_action,6,False,False
climax_w1,0318_006,IRAN,nuclear_program,4,False,False
climax_w1,0318_008,ISRAEL,military_action,1,False,False
climax_w2,0319_000,IRAN,military_action,8,False,False
climax_w2,0319_000,ISRAEL,military_action,2,False,False
climax_w2,0319_006,ISRAEL,military_action,16,False,False
climax_w2,0319_015,ISRAEL,military_action,1,False,False
climax_w2,0319_015,IRAN,military_action,10,False,False
climax_w2,0319_017,ISRAEL,military_action,6,False,False
climax_w2,0319_017,IRAN,military_action,1,False,False
climax_w2,0319_018,IRAN,military_action,0,False,False
climax_w2,0319_018,ISRAEL,military_action,0,False,False
aftermath_jun-jul,0320_006,ISRAEL,military_action,3,True,True
aftermath_jun-jul,0320_006,IRAN,military_action,1,False,True
aftermath_jun-jul,0320_008,IRAN,military_action,0,False,False
aftermath_jun-jul,0320_009,ISRAEL,military_action,2,False,False
climax_w1,0321_003,ARAGHCHI,military_action,7,False,False
climax_w1,0321_003,ISRAEL,military_action,5,False,False
climax_w1,0321_003,IRAN,military_action,1,False,False
climax_w1,0321_004,ARAGHCHI,military_action,2,True,True
climax_w1,0321_004,EU,military_action,9,False,True
climax_w1,0321_004,ISRAEL,military_action,18,False,True
climax_w1,0321_005,ARAGHCHI,deterrence,0,False,True
climax_w1,0321_005,IRAN,deterrence,11,False,True
climax_w1,0321_005,ISRAEL,deterrence,7,False,True
climax_w1,0321_005,USA,deterrence,14,False,True
climax_w1,0321_011,ARAGHCHI,military_action,10,False,True
climax_w1,0321_011,ARAGHCHI,strike_claims,0,False,True
climax_w1,0321_011,EU,military_action,51,False,True
climax_w1,0321_011,EU,strike_claims,12,False,True
climax_w1,0321_011,ISRAEL,military_action,30,False,True
climax_w1,0321_011,ISRAEL,strike_claims,3,False,True
climax_w1,0321_011,IRAN,military_action,5,False,True
climax_w1,0321_011,IRAN,strike_claims,5,False,True
climax_w1,0321_014,ARAGHCHI,military_action,7,False,False
climax_w1,0321_014,ISRAEL,military_action,5,False,False
climax_w1,0321_014,IRAN,military_action,1,False,False
climax_w1,0322_001,IRAN,deterrence,2,False,False
climax_w1,0322_001,ISRAEL,deterrence,7,False,False
climax_w1,0322_011,ISRAEL,nuclear_program,4,False,False
climax_w1,0322_011,IAEA,nuclear_program,3,False,False
climax_w1,0322_015,ISRAEL,military_action,3,False,False
climax_w1,0322_016,ISRAEL,military_action,9,True,True
climax_w1,0322_016,IRAN,military_action,4,False,True
climax_w1,0322_021,ISRAEL,military_action,2,False,False
climax_w1,0322_021,IRAN,military_action,7,False,False
climax_w1,0322_025,IRAN,military_action,5,False,False
climax_w1,0322_038,IRAN,military_action,2,False,True
climax_w1,0322_045,IRAN,deterrence,5,False,False
climax_w1,0322_051,USA,military_action,6,False,False
climax_w1,0322_053,OMAN,diplomacy,5,False,False
climax_w1,0322_060,IRAN,military_action,1,False,False
climax_w1,0322_060,ISRAEL,military_action,0,False,False
climax_w1,0322_064,ISRAEL,strike_claims,0,False,False
climax_w1,0322_081,ISRAEL,nuclear_program,8,False,False
climax_w1,0322_082,ISRAEL,nuclear_program,3,True,True
climax_w1,0322_082,IAEA,nuclear_program,0,False,True
climax_w1,0322_083,ISRAEL,military_action,2,True,True
climax_w1,0322_083,GAZA,military_action,13,False,True
climax_w1,0322_085,IRAN,strike_claims,8,False,False
climax_w1,0322_090,IRAN,deterrence,2,False,False
climax_w1,0322_090,ISRAEL,deterrence,7,False,False
climax_w1,0322_091,IRAN,deterrence,6,False,False
climax_w1,0322_091,ISRAEL,deterrence,2,False,False
climax_w2,0323_001,ISRAEL,military_action,0,False,False
climax_w2,0323_001,IRAN,military_action,1,False,False
climax_w2,0323_007,ISRAEL,military_action,0,False,False
climax_w2,0323_007,ISRAEL,nuclear_program,5,False,False
climax_w2,0323_007,IRAN,military_action,18,False,False
climax_w2,0323_007,IRAN,nuclear_program,13,False,False
climax_w2,0323_008,IRAN,strike_claims,0,False,False
climax_w2,0323_009,IRAN,military_action,13,False,False
climax_w2,0323_010,ISRAEL,military_action,0,False,False
climax_w2,0323_010,ISRAEL,strike_claims,25,False,False
climax_w2,0323_010,IRAN,military_action,1,False,False
climax_w2,0323_010,IRAN,strike_claims,22,False,False
climax_w2,0323_015,IAEA,military_action,1,False,False
climax_w2,0323_016,OMAN,military_action,6,False,False
climax_w2,0323_016,OMAN,diplomacy,1,False,False
climax_w2,0323_017,ISRAEL,deterrence,3,False,False
climax_w2,0323_019,ISRAEL,military_action,11,False,False
climax_w2,0323_019,ISRAEL,deterrence,9,False,False
climax_w2,0323_019,IRAN,military_action,55,False,False
climax_w2,0323_019,IRAN,deterrence,6,False,False
climax_w2,0323_029,ISRAEL,strike_claims,2,False,False
aftermath_jun-jul,0324_003,TRUMP,strike_claims,5,False,False
aftermath_jun-jul,0324_004,IRAN,military_action,8,False,False
aftermath_jun-jul,0324_004,IRAN,nuclear_program,0,False,False
aftermath_jun-jul,0324_004,USA,military_action,1,False,False
aftermath_jun-jul,0324_004,USA,nuclear_program,4,False,False
aftermath_jun-jul,0324_004,QATAR,military_action,4,False,False
aftermath_jun-jul,0324_004,QATAR,nuclear_program,8,False,False
aftermath_jun-jul,0324_005,USA,military_action,2,False,False
aftermath_jun-jul,0324_005,IRAN,military_action,1,False,False
aftermath_jun-jul,0324_006,TRUMP,military_action,10,False,False
aftermath_jun-jul,0324_006,TRUMP,deterrence,6,False,False
aftermath_jun-jul,0324_006,IRAN,military_action,2,False,False
aftermath_jun-jul,0324_006,IRAN,deterrence,0,False,False
aftermath_jun-jul,0324_012,IRAN,military_action,1,False,False
aftermath_jun-jul,0324_012,IRAN,strike_claims,5,False,False
aftermath_jun-jul,0324_012,USA,military_action,27,False,False
aftermath_jun-jul,0324_012,USA,strike_claims,22,False,False
aftermath_jun-jul,0324_012,ISRAEL,military_action,11,False,False
aftermath_jun-jul,0324_012,ISRAEL,strike_claims,15,False,False
climax_w1,0325_001,IRAN,strike_claims,16,False,False
climax_w1,0325_001,ISRAEL,strike_claims,8,False,False
climax_w1,0325_003,ISRAEL,military_action,1,True,True
climax_w1,0325_003,ISRAEL,nuclear_program,15,True,True
climax_w1,0325_003,IAEA,military_action,13,False,True
climax_w1,0325_003,IAEA,nuclear_program,0,False,True
climax_w1,0325_003,IRAN,military_action,19,True,True
climax_w1,0325_003,IRAN,nuclear_program,1,True,True
climax_w1,0325_004,IRAN,military_action,8,False,True
climax_w1,0325_004,IRAN,strike_claims,7,False,True
climax_w1,0325_004,ISRAEL,military_action,0,False,True
climax_w1,0325_004,ISRAEL,strike_claims,15,False,True
climax_w1,0325_006,ISRAEL,military_action,5,False,False
climax_w1,0325_006,IRAN,military_action,4,False,False
climax_w1,0325_007,ISRAEL,deterrence,1,False,False
climax_w1,0325_007,IRAN,deterrence,11,False,False
climax_w1,0325_009,ISRAEL,military_action,5,False,False
climax_w1,0325_009,IRAN,military_action,1,False,False
climax_w1,0325_011,ISRAEL,strike_claims,4,False,False
climax_w1,0325_012,IRAN,strike_claims,7,False,False
climax_w2,0326_002,IRAN,deterrence,19,False,False
climax_w2,0326_002,ARAGHCHI,deterrence,11,False,False
climax_w2,0326_003,ARAGHCHI,diplomacy,5,True,True
climax_w2,0326_003,IRAN,diplomacy,2,False,True
climax_w2,0326_004,USA,diplomacy,5,False,False
climax_w2,0326_004,IRAN,diplomacy,2,False,False
climax_w2,0326_004,ISRAEL,diplomacy,2,False,False
climax_w2,0326_004,ARAGHCHI,diplomacy,6,False,False
climax_w2,0326_005,ISRAEL,diplomacy,8,False,False
climax_w2,0326_006,ARAGHCHI,diplomacy,11,False,True
climax_w2,0326_006,USA,diplomacy,8,False,True
climax_w2,0326_006,IRAN,diplomacy,2,False,True
climax_w2,0326_006,ISRAEL,diplomacy,5,False,True
climax_w2,0326_011,ISRAEL,military_action,0,False,False
climax_w2,0326_011,IRAN,military_action,1,False,False
climax_w2,0326_014,ISRAEL,military_action,3,True,True
climax_w2,0326_014,IRAN,military_action,1,False,True
climax_w2,0326_016,IRAN,military_action,0,False,False
climax_w2,0326_017,ISRAEL,military_action,2,False,False
climax_w1,0327_004,PEZESHKIAN,strike_claims,13,True,True
climax_w1,0327_004,ISRAEL,strike_claims,2,False,True
climax_w1,0327_005,PEZESHKIAN,military_action,5,True,True
climax_w1,0327_005,PEZESHKIAN,diplomacy,10,True,True
climax_w1,0327_005,ISRAEL,military_action,0,False,True
climax_w1,0327_005,ISRAEL,diplomacy,5,False,True
climax_w1,0327_005,IRAN,military_action,1,False,True
climax_w1,0327_005,IRAN,diplomacy,1,False,True
climax_w1,0327_005,USA,military_action,9,False,True
climax_w1,0327_005,USA,diplomacy,3,False,True
climax_w1,0327_012,ISRAEL,military_action,0,False,False
climax_w1,0327_012,IRAN,military_action,3,False,False
climax_w1,0327_012,NETANYAHU,military_action,8,False,False
climax_w1,0327_013,GAZA,military_action,6,False,False
climax_w1,0327_013,IRAN,military_action,16,False,False
climax_w1,0327_014,PEZESHKIAN,strike_claims,13,False,True
climax_w1,0327_014,ISRAEL,strike_claims,6,False,True
climax_w2,0328_003,ISRAEL,military_action,33,False,True
climax_w2,0328_003,NETANYAHU,military_action,28,False,True
climax_w2,0328_003,TRUMP,military_action,9,False,True
climax_w2,0328_003,USA,military_action,8,False,True
climax_w2,0328_005,ISRAEL,nuclear_program,4,False,False
climax_w2,0328_006,TRUMP,military_action,10,False,False
climax_w2,0328_006,TRUMP,nuclear_program,18,False,False
climax_w2,0328_006,IRAN,military_action,4,False,False
climax_w2,0328_006,IRAN,nuclear_program,1,False,False
climax_w2,0328_007,TRUMP,military_action,6,True,True
climax_w2,0328_009,TRUMP,military_action,2,False,True
climax_w2,0328_010,USA,nuclear_program,9,False,True
climax_w2,0328_010,TRUMP,nuclear_program,18,False,True
climax_w2,0328_011,USA,military_action,0,False,False
climax_w2,0328_013,RUSSIA,military_action,4,False,False
climax_w2,0328_013,RUSSIA,strike_claims,10,False,False
climax_w2,0329_000,ISRAEL,military_action,1,False,False
climax_w2,0329_000,IRAN,military_action,2,False,False
climax_w2,0329_002,ISRAEL,military_action,0,False,False
climax_w2,0329_002,ISRAEL,deterrence,16,False,False
climax_w2,0329_002,ISRAEL,strike_claims,4,False,False
climax_w2,0329_003,ISRAEL,deterrence,5,False,False
climax_w2,0329_005,ISRAEL,military_action,21,False,False
climax_w2,0329_005,ISRAEL,nuclear_program,16,False,False
climax_w2,0329_005,ISRAEL,diplomacy,12,False,False
climax_w2,0329_005,GAZA,military_action,27,False,False
climax_w2,0329_005,GAZA,nuclear_program,22,False,False
climax_w2,0329_005,GAZA,diplomacy,18,False,False
climax_w2,0329_005,IRAN,military_action,6,False,False
climax_w2,0329_005,IRAN,nuclear_program,1,False,False
climax_w2,0329_005,IRAN,diplomacy,1,False,False
climax_w2,0329_005,IAEA,military_action,4,False,False
climax_w2,0329_005,IAEA,nuclear_program,8,False,False
climax_w2,0329_005,IAEA,diplomacy,13,False,False
climax_w2,0329_007,ISRAEL,nuclear_program,7,False,False
climax_w2,0330_002,ISRAEL,military_action,0,False,False
climax_w2,0330_002,ISRAEL,diplomacy,21,False,False
climax_w2,0330_002,IRAN,military_action,1,False,False
climax_w2,0330_002,IRAN,diplomacy,18,False,False
climax_w2,0330_007,ISRAEL,military_action,3,True,True
climax_w2,0330_007,IRAN,military_action,1,False,True
climax_w2,0330_009,IRAN,military_action,0,False,False
climax_w2,0330_010,ISRAEL,military_action,2,False,False
climax_w2,0330_013,IRAN,military_action,3,False,False
climax_w2,0330_013,ISRAEL,military_action,0,False,False
climax_w2,0331_000,ISRAEL,military_action,14,False,False
climax_w2,0331_000,ISRAEL,deterrence,2,False,False
climax_w2,0331_000,IRAN,military_action,20,False,False
climax_w2,0331_000,IRAN,deterrence,8,False,False
climax_w2,0331_002,IRAN,military_action,1,False,False
climax_w2,0331_004,IRAN,military_action,1,False,False
climax_w2,0331_007,IRAN,military_action,1,False,False
climax_w2,0331_010,ISRAEL,military_action,3,True,True
climax_w2,0331_010,IRAN,military_action,1,False,True
climax_w2,0331_012,IRAN,military_action,0,False,False
climax_w2,0331_013,IRAN,military_action,7,False,False
climax_w2,0331_013,ISRAEL,military_action,2,False,False
climax_w2,0331_014,ISRAEL,military_action,8,False,False
climax_w2,0331_014,IRAN,military_action,1,False,False
climax_w1,0332_000,ISRAEL,military_action,0,False,False
climax_w1,0332_001,ARAGHCHI,military_action,3,False,False
climax_w1,0332_001,ISRAEL,military_action,6,False,False
climax_w1,0332_002,ISRAEL,military_action,5,False,True
climax_w1,0332_002,ARAGHCHI,military_action,9,True,True
climax_w1,0332_002,IRAN,military_action,19,False,True
climax_w1,0332_003,IRAN,diplomacy,6,False,False
climax_w1,0332_003,ISRAEL,diplomacy,5,False,False
climax_w1,0332_005,IRAN,military_action,0,False,False
climax_w1,0332_005,ISRAEL,military_action,10,False,False
climax_w1,0332_006,ISRAEL,military_action,6,False,False
climax_w1,0332_006,IRAN,military_action,1,False,False
climax_w1,0332_007,ISRAEL,military_action,1,False,False
climax_w1,0332_007,ARAGHCHI,military_action,3,False,False
climax_w1,0333_000,PEZESHKIAN,military_action,19,False,True
climax_w1,0333_000,FRANCE,military_action,25,False,True
climax_w1,0333_000,IRAN,military_action,11,False,True
climax_w1,0333_000,ISRAEL,military_action,2,False,True
climax_w1,0333_001,IRAN,deterrence,1,False,True
climax_w1,0333_001,PEZESHKIAN,deterrence,0,True,True
climax_w1,0333_002,PEZESHKIAN,military_action,28,False,True
climax_w1,0333_002,PEZESHKIAN,diplomacy,19,False,True
climax_w1,0333_002,IRAN,military_action,20,False,True
climax_w1,0333_002,IRAN,diplomacy,11,False,True
climax_w1,0333_002,ISRAEL,military_action,1,True,True
climax_w1,0333_002,ISRAEL,diplomacy,2,True,True
climax_w1,0333_003,IRAN,deterrence,4,False,True
climax_w1,0333_003,PEZESHKIAN,deterrence,0,True,True
climax_w1,0333_004,ISRAEL,military_action,1,False,False
climax_w1,0333_004,ISRAEL,nuclear_program,14,False,False
climax_w1,0333_004,IRAN,military_action,6,False,False
climax_w1,0333_004,IRAN,nuclear_program,4,False,False
climax_w1,0333_005,IRAN,military_action,11,False,False
climax_w1,0333_006,ISRAEL,strike_claims,9,False,False
climax_w2,0334_002,ISRAEL,military_action,2,False,False
climax_w2,0334_005,ISRAEL,strike_claims,7,True,True
climax_w2,0334_005,IRAN,strike_claims,12,False,True
climax_w2,0334_006,IRAN,strike_claims,8,False,False
climax_w2,0334_006,ISRAEL,strike_claims,0,False,False
climax_w2,0334_010,ISRAEL,military_action,3,True,True
climax_w2,0334_010,IRAN,military_action,1,False,True
climax_w2,0334_012,IRAN,military_action,0,False,False
climax_w2,0334_013,ISRAEL,military_action,2,False,False
climax_w1,0335_006,IRAN,nuclear_program,2,False,False
climax_w1,0335_006,IRAN,diplomacy,2,False,False
climax_w1,0335_006,PEZESHKIAN,nuclear_program,10,False,False
climax_w1,0335_006,PEZESHKIAN,diplomacy,1,False,False
climax_w1,0335_008,USA,military_action,16,False,False
climax_w1,0335_008,USA,strike_claims,6,False,False
climax_w1,0335_008,ISRAEL,military_action,3,False,False
climax_w1,0335_008,ISRAEL,strike_claims,4,False,False
climax_w1,0335_008,IRAN,military_action,0,False,False
climax_w1,0335_008,IRAN,strike_claims,9,False,False
climax_w1,0335_008,PEZESHKIAN,military_action,1,False,False
climax_w1,0335_008,PEZESHKIAN,strike_claims,10,False,False
climax_w1,0335_011,ISRAEL,military_action,2,False,True
aftermath_jun-jul,0336_002,IRAN,strike_claims,1,False,False
aftermath_jun-jul,0336_002,ISRAEL,strike_claims,18,False,False
aftermath_jun-jul,0336_002,USA,strike_claims,13,False,False
aftermath_jun-jul,0336_004,IRAN,diplomacy,4,False,False
aftermath_jun-jul,0336_004,ISRAEL,diplomacy,7,False,False
aftermath_jun-jul,0336_008,ISRAEL,military_action,3,True,True
aftermath_jun-jul,0336_008,IRAN,military_action,1,False,True
aftermath_jun-jul,0336_010,IRAN,military_action,0,False,False
aftermath_jun-jul,0336_011,ISRAEL,military_action,2,False,False
climax_w1,0337_002,ISRAEL,military_action,4,False,False
climax_w1,0337_002,ISRAEL,nuclear_program,25,False,False
climax_w1,0337_002,ISRAEL,strike_claims,16,False,False
climax_w1,0337_002,IRAN,military_action,3,False,False
climax_w1,0337_002,IRAN,nuclear_program,0,False,False
climax_w1,0337_002,IRAN,strike_claims,6,False,False
climax_w1,0337_008,ISRAEL,military_action,6,False,True
climax_w1,0337_008,ISRAEL,nuclear_program,18,False,True
climax_w1,0337_008,ISRAEL,strike_claims,10,False,True
climax_w2,0338_003,IRAN,nuclear_program,0,False,False
climax_w2,0338_004,ARAGHCHI,strike_claims,11,False,True
climax_w2,0338_004,ISRAEL,strike_claims,5,False,True
climax_w2,0338_004,IRAN,strike_claims,1,False,True
climax_w2,0338_010,ISRAEL,military_action,4,True,True
climax_w2,0338_010,IRAN,military_action,1,False,True
climax_w2,0338_012,IRAN,military_action,0,False,False
climax_w2,0338_013,ISRAEL,military_action,2,False,False
climax_w1,0339_004,ISRAEL,military_action,1,False,False
climax_w1,0339_004,ISRAEL,nuclear_program,14,False,False
climax_w1,0339_004,IRAN,military_action,6,False,False
climax_w1,0339_004,IRAN,nuclear_program,4,False,False
climax_w1,0339_005,IRAN,military_action,10,False,False
climax_w1,0339_007,KHAMENEI,military_action,4,False,False
climax_w1,0339_007,ISRAEL,military_action,0,False,False
climax_w2,0340_000,IRAN,military_action,0,False,False
climax_w2,0340_000,ISRAEL,military_action,2,False,False
climax_w2,0340_002,IRAN,military_action,5,False,False
climax_w2,0340_002,IRAN,strike_claims,20,False,False
climax_w2,0340_009,ISRAEL,military_action,4,True,True
climax_w2,0340_009,IRAN,military_action,1,False,True
climax_w2,0340_011,IRAN,military_action,0,False,False
climax_w2,0340_012,ISRAEL,military_action,2,False,False
climax_w2,0340_012,IRAN,military_action,19,False,False
climax_w2,0341_003,ISRAEL,strike_claims,1,False,False
climax_w2,0341_003,GAZA,strike_claims,6,False,False
climax_w2,0341_008,ISRAEL,military_action,6,False,False
climax_w2,0341_012,ISRAEL,military_action,3,True,True
climax_w2,0341_012,IRAN,military_action,1,False,True
climax_w2,0341_014,IRAN,military_action,0,False,False
climax_w2,0341_015,ISRAEL,military_action,2,False,False
climax_w2,0342_001,IRAN,military_action,9,False,False
climax_w2,0342_001,ISRAEL,military_action,12,False,False
climax_w2,0342_002,ISRAEL,military_action,16,False,False
climax_w2,0342_002,IRAN,military_action,25,False,False
climax_w2,0342_003,IRAN,military_action,16,True,True
climax_w2,0342_003,ISRAEL,military_action,13,False,True
climax_w2,0342_007,ISRAEL,military_action,3,True,True
climax_w2,0342_007,IRAN,military_action,1,False,True
climax_w2,0342_009,IRAN,military_action,0,False,False
climax_w2,0342_010,IRAN,military_action,7,False,False
climax_w2,0342_010,ISRAEL,military_action,2,False,False
climax_w2,0342_012,IRAN,military_action,3,False,False
climax_w2,0342_012,ISRAEL,military_action,4,False,False
climax_w1,0343_000,IRAN,military_action,0,False,False
climax_w1,0343_000,ISRAEL,military_action,9,False,False
climax_w1,0343_005,ISRAEL,military_action,1,False,False
climax_w1,0343_005,IRAN,military_action,10,False,False
climax_w1,0343_007,ISRAEL,military_action,6,False,False
climax_w1,0343_007,IRAN,military_action,1,False,False
climax_w2,0344_001,IRAN,military_action,0,False,False
climax_w2,0344_001,ISRAEL,military_action,2,False,False
climax_w2,0344_002,IRAN,military_action,6,True,True
climax_w2,0344_003,IRAN,military_action,5,False,False
climax_w2,0344_003,IRAN,strike_claims,20,False,False
climax_w2,0344_005,IRAN,nuclear_program,5,False,False
climax_w2,0344_010,ISRAEL,military_action,4,True,True
climax_w2,0344_010,IRAN,military_action,1,False,True
climax_w2,0344_012,IRAN,military_action,0,False,False
climax_w2,0344_013,ISRAEL,military_action,2,False,False
climax_w1,0345_003,ISRAEL,military_action,1,False,False
climax_w1,0345_003,ISRAEL,strike_claims,20,False,False
climax_w1,0345_003,IRAN,military_action,7,False,False
climax_w1,0345_003,IRAN,strike_claims,5,False,False
climax_w1,0345_008,IRAN,deterrence,0,False,False
climax_w1,0345_015,IRAN,deterrence,4,False,False
climax_w1,0345_015,ISRAEL,deterrence,2,False,False
climax_w1,0345_025,IRAN,military_action,4,False,False
climax_w2,0346_002,PEZESHKIAN,diplomacy,12,False,False
climax_w2,0346_002,ISRAEL,diplomacy,9,False,False
climax_w2,0346_002,IRAN,diplomacy,4,False,False
climax_w2,0346_002,USA,diplomacy,2,False,False
climax_w2,0346_011,ISRAEL,military_action,4,True,True
climax_w2,0346_011,IRAN,military_action,1,False,True
climax_w2,0346_013,IRAN,military_action,0,False,False
climax_w2,0346_014,ISRAEL,military_action,2,False,False
aftermath_jun-jul,0347_005,ISRAEL,military_action,3,True,True
aftermath_jun-jul,0347_005,IRAN,military_action,1,False,True
aftermath_jun-jul,0347_007,IRAN,military_action,0,False,False
aftermath_jun-jul,0347_008,ISRAEL,military_action,2,False,False
climax_w1,0348_005,UN_SECURITY_COUNCIL,deterrence,5,False,False
climax_w1,0348_006,ISRAEL,military_action,3,False,False
climax_w1,0348_006,ISRAEL,strike_claims,6,False,False
climax_w1,0348_006,IRAN,military_action,7,False,False
climax_w1,0348_006,IRAN,strike_claims,4,False,False
climax_w1,0348_007,ISRAEL,military_action,12,False,False
climax_w1,0348_007,IRAN,military_action,13,False,False
climax_w1,0348_007,USA,military_action,10,False,False
climax_w1,0348_011,IAEA,nuclear_program,0,False,False
climax_w1,0348_011,IRAN,nuclear_program,8,False,False
climax_w1,0348_015,ISRAEL,military_action,0,False,False
climax_w1,0348_015,ISRAEL,nuclear_program,2,False,False
climax_w1,0348_017,IRAN,military_action,1,False,False
climax_w1,0348_017,IRAN,nuclear_program,23,False,False
climax_w1,0348_017,IRAN,deterrence,12,False,False
climax_w1,0348_017,IRAN,strike_claims,31,False,False
climax_w1,0348_031,ISRAEL,military_action,0,False,False
climax_w1,0348_031,ISRAEL,strike_claims,1,False,False
climax_w1,0348_031,IRAN,military_action,0,False,False
climax_w1,0348_031,IRAN,strike_claims,2,False,False
climax_w1,0348_035,ISRAEL,military_action,0,False,False
climax_w1,0348_035,IRAN,military_action,1,False,False
climax_w1,0349_000,ISRAEL,military_action,0,False,False
climax_w1,0349_001,ISRAEL,military_action,1,False,False
climax_w1,0349_001,ISRAEL,nuclear_program,14,False,False
climax_w1,0349_001,IRAN,military_action,6,False,False
climax_w1,0349_001,IRAN,nuclear_program,4,False,False
climax_w1,0349_002,IRAN,military_action,7,False,False
climax_w1,0349_003,ISRAEL,military_action,5,True,True
climax_w1,0349_004,IRAN,military_action,1,False,False
climax_w1,0349_004,ISRAEL,military_action,0,False,False
climax_w2,0350_000,IRAN,military_action,6,False,True
climax_w2,0350_001,IRAN,military_action,10,True,True
climax_w2,0350_001,ISRAEL,military_action,16,False,True
climax_w2,0350_003,ISRAEL,military_action,1,False,False
climax_w2,0350_003,IRAN,military_action,16,False,False
climax_w2,0350_007,ISRAEL,military_action,3,True,True
climax_w2,0350_007,IRAN,military_action,1,False,True
climax_w2,0350_009,IRAN,military_action,0,False,False
climax_w2,0350_010,ISRAEL,military_action,2,False,False
climax_w2,0350_010,IRAN,military_action,15,False,False
climax_w2,0351_001,PEZESHKIAN,deterrence,0,False,False
climax_w2,0351_001,PEZESHKIAN,strike_claims,4,False,False
climax_w2,0351_002,IRAN,strike_claims,6,False,True
climax_w2,0351_002,ISRAEL,strike_claims,30,False,True
climax_w2,0351_002,PEZESHKIAN,strike_claims,6,False,True
climax_w2,0351_007,ISRAEL,military_action,4,True,True
climax_w2,0351_007,IRAN,military_action,1,False,True
climax_w2,0351_009,IRAN,military_action,0,False,False
climax_w2,0351_010,ISRAEL,military_action,2,False,False
climax_w2,0352_002,IRAN,military_action,8,False,False
climax_w2,0352_002,ISRAEL,military_action,0,False,False
climax_w2,0352_003,IRAN,military_action,6,False,False
climax_w2,0352_003,IRAN,deterrence,8,False,False
climax_w2,0352_003,ISRAEL,military_action,0,False,False
climax_w2,0352_003,ISRAEL,deterrence,19,False,False
climax_w2,0352_006,ISRAEL,military_action,3,True,True
climax_w2,0352_006,IRAN,military_action,1,False,True
climax_w2,0352_008,IRAN,military_action,0,False,False
climax_w2,0352_009,ISRAEL,military_action,2,False,False
climax_w1,0353_000,IRAN,military_action,1,False,False
climax_w1,0353_000,ISRAEL,military_action,2,False,False
climax_w1,0353_001,ISRAEL,military_action,7,False,False
climax_w1,0353_001,IRAN,military_action,20,False,False
climax_w1,0353_002,IRAN,military_action,5,False,False
climax_w1,0353_002,ISRAEL,military_action,1,False,False
climax_w1,0353_003,IRAN,military_action,4,False,True
climax_w1,0353_003,IRAN,strike_claims,5,False,True
climax_w1,0353_003,ISRAEL,military_action,1,False,True
climax_w1,0353_003,ISRAEL,strike_claims,12,False,True
climax_w1,0353_004,IRAN,nuclear_program,3,False,False
climax_w1,0353_004,ISRAEL,nuclear_program,12,False,False
climax_w1,0353_009,ISRAEL,military_action,0,False,False
climax_w1,0353_012,IRAN,military_action,0,False,False
climax_w1,0353_012,ISRAEL,military_action,1,False,False
climax_w1,0354_001,IRAN,deterrence,12,False,False
climax_w1,0354_001,ISRAEL,deterrence,7,False,False
climax_w1,0354_001,NETANYAHU,deterrence,53,False,False
climax_w1,0354_002,IRAN,military_action,8,False,True
climax_w1,0354_002,ISRAEL,military_action,0,False,True
climax_w1,0354_004,IRAN,military_action,0,False,False
climax_w1,0354_004,ISRAEL,military_action,10,False,False
climax_w1,0354_005,ISRAEL,military_action,6,False,False
climax_w1,0354_005,IRAN,military_action,1,False,False
climax_w2,0355_001,IRAN,military_action,4,False,False
climax_w2,0355_002,ISRAEL,military_action,15,False,False
climax_w2,0355_002,IRAN,military_action,10,False,False
climax_w2,0355_004,IRAN,military_action,7,False,False
climax_w2,0355_004,ISRAEL,military_action,2,False,False
climax_w2,0355_006,ISRAEL,military_action,1,False,False
climax_w2,0355_007,ISRAEL,military_action,6,False,False
climax_w2,0355_007,IRAN,military_action,1,False,False
climax_w2,0355_008,IRAN,military_action,2,False,False
climax_w2,0355_008,ISRAEL,military_action,3,False,False
climax_w1,0356_004,IRAN,military_action,17,False,True
climax_w1,0356_004,ISRAEL,military_action,43,False,True
climax_w1,0356_010,ISRAEL,military_action,1,False,False
climax_w1,0356_010,ISRAEL,nuclear_program,14,False,False
climax_w1,0356_010,IRAN,military_action,6,False,False
climax_w1,0356_010,IRAN,nuclear_program,4,False,False
climax_w1,0356_011,IRAN,military_action,10,False,False
climax_w1,0356_012,IRAN,military_action,7,False,False
climax_w1,0356_012,ISRAEL,military_action,2,False,False
climax_w2,0357_001,ISRAEL,military_action,3,True,True
climax_w2,0357_001,IRAN,military_action,1,False,True
climax_w2,0357_003,IRAN,military_action,0,False,False
climax_w2,0357_004,ISRAEL,military_action,2,False,False
climax_w2,0357_006,IRAN,military_action,0,False,True
climax_w2,0357_006,ISRAEL,military_action,8,False,True
climax_w2,0357_007,ISRAEL,military_action,3,False,False
climax_w2,0357_010,ISRAEL,military_action,3,False,False
climax_w2,0357_013,IRAN,military_action,9,False,False
climax_w2,0357_025,IRAN,military_action,1,False,False
climax_w2,0358_001,ISRAEL,military_action,11,False,True
climax_w2,0358_001,USA,military_action,0,False,True
climax_w2,0358_005,ISRAEL,military_action,4,True,True
climax_w2,0358_005,IRAN,military_action,1,False,True
climax_w2,0358_007,IRAN,military_action,0,False,False
climax_w2,0358_008,ISRAEL,military_action,2,False,False
climax_w2,0359_007,IRAN,deterrence,3,False,False
climax_w2,0359_007,ISRAEL,deterrence,2,False,False
climax_w2,0359_007,IAEA,deterrence,19,False,False
climax_w2,0359_013,ISRAEL,nuclear_program,21,False,False
climax_w2,0359_013,ISRAEL,deterrence,2,False,False
climax_w2,0359_013,ISRAEL,strike_claims,16,False,False
climax_w2,0359_013,IRAN,nuclear_program,31,False,False
climax_w2,0359_013,IRAN,deterrence,5,False,False
climax_w2,0359_013,IRAN,strike_claims,26,False,False
climax_w2,0359_019,IAEA,nuclear_program,11,True,True
climax_w2,0359_020,IAEA,nuclear_program,0,False,False
climax_w2,0359_020,UN_SECURITY_COUNCIL,nuclear_program,7,False,False
climax_w2,0359_022,GAZA,nuclear_program,7,False,False
climax_w2,0359_022,GAZA,deterrence,11,False,False
climax_w1,0360_000,ISRAEL,military_action,2,False,False
climax_w1,0360_000,IRAN,military_action,4,False,False
climax_w1,0360_001,IRAN,military_action,11,False,False
climax_w1,0360_001,ISRAEL,military_action,17,False,False
climax_w1,0360_003,IRAN,military_action,2,False,False
climax_w1,0360_004,IRAN,military_action,0,False,False
climax_w1,0360_004,ISRAEL,military_action,9,False,False
climax_w1,0360_005,ISRAEL,military_action,6,False,False
climax_w1,0360_005,IRAN,military_action,1,False,False
climax_w1,0360_006,IRAN,military_action,3,False,False
climax_w1,0360_006,ISRAEL,military_action,1,False,False
aftermath_jun-jul,0361_000,RUSSIA,nuclear_program,29,False,True
aftermath_jun-jul,0361_000,IAEA,nuclear_program,14,False,True
aftermath_jun-jul,0361_000,GROSSI,nuclear_program,11,False,True
aftermath_jun-jul,0361_000,IRAN,nuclear_program,1,False,True
aftermath_jun-jul,0361_002,IRAN,nuclear_program,0,False,True
aftermath_jun-jul,0361_003,ISRAEL,military_action,0,False,True
aftermath_jun-jul,0361_003,ISRAEL,nuclear_program,15,False,True
aftermath_jun-jul,0361_003,IRAN,military_action,1,False,True
aftermath_jun-jul,0361_003,IRAN,nuclear_program,7,False,True
aftermath_jun-jul,0361_003,GROSSI,military_action,2,False,True
aftermath_jun-jul,0361_003,GROSSI,nuclear_program,18,False,True
aftermath_jun-jul,0361_007,ISRAEL,nuclear_program,38,False,True
aftermath_jun-jul,0361_007,ISRAEL,strike_claims,7,False,True
aftermath_jun-jul,0361_007,IRAN,nuclear_program,0,False,True
aftermath_jun-jul,0361_007,IRAN,strike_claims,3,False,True
aftermath_jun-jul,0361_007,IAEA,nuclear_program,10,False,True
aftermath_jun-jul,0361_007,IAEA,strike_claims,8,False,True
aftermath_jun-jul,0361_007,RUSSIA,nuclear_program,13,False,True
aftermath_jun-jul,0361_007,RUSSIA,strike_claims,15,False,True
aftermath_jun-jul,0361_007,GROSSI,nuclear_program,4,False,True
aftermath_jun-jul,0361_007,GROSSI,strike_claims,38,False,True
climax_w1,0362_005,PEZESHKIAN,nuclear_program,19,True,True
climax_w1,0362_005,ISRAEL,nuclear_program,25,False,True
climax_w1,0362_005,IRAN,nuclear_program,0,False,True
climax_w1,0362_005,USA,nuclear_program,6,False,True
climax_w1,0362_006,PEZESHKIAN,military_action,2,True,True
climax_w1,0362_006,PEZESHKIAN,diplomacy,9,True,True
climax_w1,0362_008,UAE,deterrence,8,False,False
climax_w1,0362_008,UAE,diplomacy,7,False,False
climax_w1,0362_009,PEZESHKIAN,military_action,3,False,True
climax_w1,0362_009,PEZESHKIAN,nuclear_program,24,False,True
climax_w1,0362_009,PEZESHKIAN,diplomacy,10,False,True
climax_w1,0362_009,ISRAEL,military_action,0,False,True
climax_w1,0362_009,ISRAEL,nuclear_program,21,False,True
climax_w1,0362_009,ISRAEL,diplomacy,7,False,True
climax_w1,0362_009,IRAN,military_action,5,False,True
climax_w1,0362_009,IRAN,nuclear_program,0,False,True
climax_w1,0362_009,IRAN,diplomacy,0,False,True
climax_w1,0362_009,USA,military_action,13,False,True
climax_w1,0362_009,USA,nuclear_program,6,False,True
climax_w1,0362_009,USA,diplomacy,5,False,True
climax_w1,0363_003,ISRAEL,military_action,0,False,False
climax_w1,0363_004,IRAN,military_action,13,False,False
climax_w1,0363_004,ISRAEL,military_action,0,False,False
climax_w1,0363_005,ISRAEL,military_action,1,False,False
climax_w1,0363_005,ISRAEL,nuclear_program,14,False,False
climax_w1,0363_005,IRAN,military_action,6,False,False
climax_w1,0363_005,IRAN,nuclear_program,4,False,False
climax_w1,0363_006,IRAN,military_action,11,False,False
climax_w1,0363_007,ISRAEL,military_action,0,False,False
climax_w1,0363_008,ISRAEL,military_action,16,False,False
climax_w2,0364_000,ISRAEL,military_action,1,False,False
climax_w2,0364_000,ISRAEL,strike_claims,4,False,False
climax_w2,0364_000,IRAN,military_action,3,False,False
climax_w2,0364_000,IRAN,strike_claims,10,False,False
climax_w2,0364_002,IRAN,strike_claims,0,True,True
climax_w2,0364_004,ISRAEL,military_action,5,False,False
climax_w2,0364_010,ISRAEL,military_action,3,True,True
climax_w2,0364_010,IRAN,military_action,1,False,True
climax_w2,0364_012,IRAN,military_action,0,False,False
climax_w2,0364_013,ISRAEL,military_action,2,False,False
climax_w2,0364_013,IRAN,military_action,20,False,False
climax_w1,0365_003,ISRAEL,military_action,1,False,False
climax_w1,0365_003,ISRAEL,nuclear_program,14,False,False
climax_w1,0365_003,IRAN,military_action,6,False,False
climax_w1,0365_003,IRAN,nuclear_program,4,False,False
climax_w1,0365_004,IRAN,military_action,11,False,False
climax_w1,0365_006,ISRAEL,military_action,0,False,False
aftermath_jun-jul,0366_001,IRAN,strike_claims,6,False,False
aftermath_jun-jul,0366_002,GERMANY,strike_claims,12,False,False
aftermath_jun-jul,0366_002,ISRAEL,strike_claims,1,False,False
aftermath_jun-jul,0366_005,IRAN,strike_claims,19,False,False
aftermath_jun-jul,0366_010,ISRAEL,military_action,3,True,True
aftermath_jun-jul,0366_010,IRAN,military_action,1,False,True
aftermath_jun-jul,0366_012,IRAN,military_action,0,False,False
aftermath_jun-jul,0366_013,ISRAEL,military_action,2,False,False
aftermath_jun-jul,0367_003,IRAN,military_action,15,False,True
aftermath_jun-jul,0367_003,IRAN,nuclear_program,12,False,True
aftermath_jun-jul,0367_003,IRAN,strike_claims,0,False,True
aftermath_jun-jul,0367_003,IAEA,military_action,24,False,True
aftermath_jun-jul,0367_003,IAEA,nuclear_program,7,False,True
aftermath_jun-jul,0367_003,IAEA,strike_claims,6,False,True
aftermath_jun-jul,0367_003,ISRAEL,military_action,13,False,True
aftermath_jun-jul,0367_003,ISRAEL,nuclear_program,18,False,True
aftermath_jun-jul,0367_003,ISRAEL,strike_claims,2,False,True
aftermath_jun-jul,0367_004,IAEA,strike_claims,0,False,False
aftermath_jun-jul,0367_004,IRAN,strike_claims,2,False,False
aftermath_jun-jul,0367_004,ISRAEL,strike_claims,17,False,False
aftermath_jun-jul,0367_008,IRAN,deterrence,7,False,False
climax_w2,0368_001,IRAN,military_action,6,False,True
climax_w2,0368_001,ISRAEL,military_action,10,False,True
climax_w2,0368_003,IRAN,strike_claims,7,False,False
climax_w2,0368_009,ISRAEL,military_action,3,True,True
climax_w2,0368_009,IRAN,military_action,1,False,True
climax_w2,0368_011,IRAN,military_action,0,False,False
climax_w2,0368_012,ISRAEL,military_action,2,False,False
climax_w2,0368_013,IRAN,military_action,0,False,False
climax_w2,0368_013,ISRAEL,military_action,1,False,False
climax_w1,0369_002,ISRAEL,military_action,0,False,False
climax_w1,0369_002,IRAN,military_action,17,False,False
climax_w1,0369_003,ISRAEL,military_action,0,False,True
climax_w1,0369_003,IRAN,military_action,5,False,True
climax_w1,0369_006,ISRAEL,military_action,1,False,False
climax_w1,0369_006,ISRAEL,nuclear_program,14,False,False
climax_w1,0369_006,IRAN,military_action,6,False,False
climax_w1,0369_006,IRAN,nuclear_program,4,False,False
climax_w1,0369_008,ISRAEL,military_action,1,False,False
climax_w1,0369_014,ISRAEL,military_action,0,False,False
climax_w1,0369_014,IRAN,military_action,5,False,False
climax_w2,0370_000,ARAGHCHI,nuclear_program,15,False,True
climax_w2,0370_000,IRAN,nuclear_program,1,False,True
climax_w2,0370_000,ISRAEL,nuclear_program,6,False,True
climax_w2,0370_003,NETANYAHU,strike_claims,4,False,True
climax_w2,0370_003,ISRAEL,strike_claims,13,False,True
climax_w2,0370_005,IRAN,nuclear_program,9,False,True
climax_w1,0371_003,IRAN,strike_claims,4,False,False
climax_w1,0371_003,IRAQ,strike_claims,0,False,False
climax_w1,0371_003,ISRAEL,strike_claims,9,False,False
climax_w1,0371_005,ISRAEL,military_action,2,False,False
climax_w1,0371_005,LEBANON,military_action,5,False,False
climax_w1,0371_005,SYRIA,military_action,6,False,False
climax_w1,0371_005,IRAN,military_action,8,False,False
climax_w1,0371_010,ISRAEL,military_action,1,False,False
climax_w1,0371_010,ISRAEL,nuclear_program,14,False,False
climax_w1,0371_010,IRAN,military_action,6,False,False
climax_w1,0371_010,IRAN,nuclear_program,4,False,False
climax_w1,0371_011,IRAN,military_action,10,False,False
climax_w1,0371_013,ISRAEL,military_action,0,False,False
climax_w1,0371_017,ISRAEL,military_action,1,False,False
climax_w1,0371_017,IRAN,military_action,3,False,False
climax_w2,0372_009,IRAN,diplomacy,15,False,True
climax_w2,0372_009,ISRAEL,diplomacy,1,False,True
climax_w2,0372_012,ISRAEL,military_action,3,True,True
climax_w2,0372_012,IRAN,military_action,1,False,True
climax_w2,0372_014,IRAN,military_action,0,False,False
climax_w2,0372_015,ISRAEL,military_action,2,False,False
climax_w2,0373_004,ISRAEL,military_action,10,False,False
climax_w2,0373_008,ISRAEL,military_action,5,False,True
climax_w2,0373_008,IRAN,military_action,1,False,True
climax_w2,0373_009,ISRAEL,deterrence,16,True,True
climax_w2,0373_015,ISRAEL,military_action,3,True,True
climax_w2,0373_015,IRAN,military_action,1,False,True
climax_w2,0373_017,IRAN,military_action,0,False,False
climax_w2,0373_018,IRAN,military_action,7,False,False
climax_w2,0373_018,ISRAEL,military_action,2,False,False
aftermath_jun-jul,0374_002,ISRAEL,strike_claims,39,False,True
aftermath_jun-jul,0374_002,IRAN,strike_claims,32,False,True
aftermath_jun-jul,0374_002,UN_SECURITY_COUNCIL,strike_claims,56,True,True
aftermath_jun-jul,0374_003,IAEA,military_action,7,False,False
aftermath_jun-jul,0374_003,IAEA,nuclear_program,11,False,False
aftermath_jun-jul,0374_003,IAEA,strike_claims,5,False,False
aftermath_jun-jul,0374_003,ISRAEL,military_action,1,False,False
aftermath_jun-jul,0374_003,ISRAEL,nuclear_program,8,False,False
aftermath_jun-jul,0374_003,ISRAEL,strike_claims,13,False,False
aftermath_jun-jul,0374_003,USA,military_action,4,False,False
aftermath_jun-jul,0374_003,USA,nuclear_program,3,False,False
aftermath_jun-jul,0374_003,USA,strike_claims,8,False,False
aftermath_jun-jul,0374_004,IRAN,military_action,1,False,False
aftermath_jun-jul,0374_004,IRAN,strike_claims,5,False,False
aftermath_jun-jul,0374_006,UN_SECURITY_COUNCIL,strike_claims,6,True,True
aftermath_jun-jul,0374_008,UN_SECURITY_COUNCIL,strike_claims,13,False,False
aftermath_jun-jul,0374_008,ISRAEL,strike_claims,3,False,False
aftermath_jun-jul,0374_008,IRAN,strike_claims,4,False,False
aftermath_jun-jul,0374_008,USA,strike_claims,21,False,False
climax_w1,0375_001,ISRAEL,military_action,11,False,False
climax_w1,0375_001,ISRAEL,strike_claims,2,False,False
climax_w1,0375_001,IRAN,military_action,3,False,False
climax_w1,0375_001,IRAN,strike_claims,9,False,False
climax_w1,0375_001,ARAGHCHI,military_action,2,False,False
climax_w1,0375_001,ARAGHCHI,strike_claims,15,False,False
climax_w1,0375_001,USA,military_action,26,False,False
climax_w1,0375_001,USA,strike_claims,12,False,False
climax_w1,0375_002,ARAGHCHI,military_action,24,True,True
climax_w1,0375_002,ARAGHCHI,diplomacy,9,True,True
climax_w1,0375_002,ARAGHCHI,strike_claims,19,True,True
climax_w1,0375_002,OMAN,military_action,12,False,True
climax_w1,0375_002,OMAN,diplomacy,1,False,True
climax_w1,0375_002,OMAN,strike_claims,7,False,True
climax_w1,0375_002,ISRAEL,military_action,10,False,True
climax_w1,0375_002,ISRAEL,diplomacy,3,False,True
climax_w1,0375_002,ISRAEL,strike_claims,5,False,True
climax_w1,0375_002,IRAN,military_action,5,False,True
climax_w1,0375_002,IRAN,diplomacy,8,False,True
climax_w1,0375_002,IRAN,strike_claims,0,False,True
climax_w1,0375_004,ARAGHCHI,military_action,4,True,True
climax_w1,0375_004,ISRAEL,military_action,1,False,True
climax_w1,0375_004,IRAN,military_action,1,False,True
climax_w1,0375_006,ARAGHCHI,strike_claims,19,True,True
climax_w1,0375_006,IRAN,strike_claims,5,False,True
climax_w1,0376_002,ARAGHCHI,military_action,13,False,False
climax_w1,0376_002,ISRAEL,military_action,5,False,False
climax_w1,0376_002,IRAN,military_action,2,False,False
climax_w1,0376_004,ARAGHCHI,military_action,2,False,False
climax_w1,0376_004,ARAGHCHI,diplomacy,8,False,False
climax_w1,0376_004,ISRAEL,military_action,0,False,False
climax_w1,0376_004,ISRAEL,diplomacy,6,False,False
climax_w1,0376_004,IRAN,military_action,1,False,False
climax_w1,0376_004,IRAN,diplomacy,3,False,False
climax_w1,0376_004,EU,military_action,15,False,False
climax_w1,0376_004,EU,diplomacy,9,False,False
climax_w1,0376_005,ARAGHCHI,deterrence,26,True,True
climax_w1,0376_005,IRAN,deterrence,23,False,True
climax_w1,0376_005,ISRAEL,deterrence,9,False,True
climax_w1,0376_008,EU,military_action,20,False,False
climax_w1,0376_008,ISRAEL,military_action,1,False,False
climax_w2,0377_000,GERMANY,nuclear_program,18,False,False
climax_w2,0377_000,IRAN,nuclear_program,4,False,False
climax_w2,0377_002,IRAN,nuclear_program,0,False,False
climax_w2,0377_003,IRAN,nuclear_program,3,False,False
climax_w2,0377_005,USA,military_action,0,False,False
climax_w2,0377_006,ISRAEL,military_action,14,False,False
climax_w2,0377_006,ISRAEL,nuclear_program,18,False,False
climax_w2,0377_006,IRAN,military_action,0,False,False
climax_w2,0377_006,IRAN,nuclear_program,1,False,False
climax_w2,0377_006,USA,military_action,6,False,False
climax_w2,0377_006,USA,nuclear_program,1,False,False
climax_w2,0377_007,IRAN,military_action,7,False,True
climax_w2,0377_007,USA,military_action,0,False,True
climax_w2,0377_008,IRAN,nuclear_program,3,False,False
climax_w2,0378_000,ARAGHCHI,military_action,11,False,False
climax_w2,0378_000,ARAGHCHI,nuclear_program,13,False,False
climax_w2,0378_000,USA,military_action,8,False,False
climax_w2,0378_000,USA,nuclear_program,10,False,False
climax_w2,0378_000,IRAN,military_action,0,False,False
climax_w2,0378_000,IRAN,nuclear_program,0,False,False
climax_w2,0378_002,IRAN,military_action,14,False,False
climax_w2,0378_002,ARAGHCHI,military_action,16,False,False
climax_w2,0378_002,USA,military_action,0,False,False
climax_w2,0378_003,IRAN,strike_claims,0,False,True
climax_w2,0378_004,IRAN,diplomacy,6,False,False
climax_w2,0378_005,ISRAEL,military_action,17,False,False
climax_w2,0378_005,ISRAEL,nuclear_program,21,False,False
climax_w2,0378_005,IRAN,military_action,5,False,False
climax_w2,0378_005,IRAN,nuclear_program,1,False,False
climax_w2,0378_005,USA,military_action,4,False,False
climax_w2,0378_005,USA,nuclear_program,8,False,False
climax_w2,0378_006,IRAN,military_action,6,False,False
climax_w2,0378_006,IRAN,nuclear_program,8,False,False
climax_w2,0378_006,USA,military_action,0,False,False
climax_w2,0378_006,USA,nuclear_program,2,False,False
climax_w2,0379_000,USA,military_action,14,False,False
climax_w2,0379_000,QATAR,military_action,9,False,False
climax_w2,0379_001,IRAN,military_action,1,False,False
climax_w2,0379_001,FRANCE,military_action,2,False,False
climax_w2,0379_005,IRAN,military_action,1,False,False
climax_w2,0379_005,IRAN,nuclear_program,4,False,False
climax_w2,0379_006,USA,military_action,7,False,True
climax_w2,0379_006,ISRAEL,military_action,23,False,True
climax_w2,0379_006,IRAN,military_action,1,False,True
climax_w2,0379_006,QATAR,military_action,7,False,True
climax_w2,0379_008,IRAN,military_action,0,False,False
climax_w2,0379_008,USA,military_action,1,False,False
climax_w1,0380_009,ISRAEL,military_action,1,False,False
climax_w1,0380_009,ISRAEL,nuclear_program,14,False,False
climax_w1,0380_009,IRAN,military_action,6,False,False
climax_w1,0380_009,IRAN,nuclear_program,4,False,False
climax_w1,0380_011,ISRAEL,military_action,1,False,False
aftermath_jun-jul,0381_000,ISRAEL,deterrence,2,False,False
aftermath_jun-jul,0381_000,USA,deterrence,0,False,False
aftermath_jun-jul,0381_000,KHAMENEI,deterrence,2,False,False
aftermath_jun-jul,0381_002,USA,deterrence,9,False,False
aftermath_jun-jul,0381_002,ISRAEL,deterrence,6,False,False
aftermath_jun-jul,0381_002,IRAN,deterrence,4,False,False
aftermath_jun-jul,0381_004,ISRAEL,deterrence,2,False,False
aftermath_jun-jul,0381_004,IRAN,deterrence,0,False,False
aftermath_jun-jul,0381_011,ISRAEL,military_action,46,False,False
aftermath_jun-jul,0381_011,ISRAEL,strike_claims,14,False,False
aftermath_jun-jul,0381_011,IRAN,military_action,4,False,False
aftermath_jun-jul,0381_011,IRAN,strike_claims,5,False,False
aftermath_jun-jul,0381_014,IRAN,deterrence,28,False,True
aftermath_jun-jul,0381_014,IRAN,strike_claims,48,False,True
aftermath_jun-jul,0381_014,UN_SECURITY_COUNCIL,deterrence,8,False,True
aftermath_jun-jul,0381_014,UN_SECURITY_COUNCIL,strike_claims,28,False,True
aftermath_jun-jul,0381_014,ISRAEL,deterrence,5,False,True
aftermath_jun-jul,0381_014,ISRAEL,strike_claims,13,False,True
aftermath_jun-jul,0381_014,USA,deterrence,8,False,True
aftermath_jun-jul,0381_014,USA,strike_claims,10,False,True
aftermath_jun-jul,0381_017,IRAN,deterrence,5,False,False
aftermath_jun-jul,0381_017,ISRAEL,deterrence,1,False,False
aftermath_jun-jul,0381_017,USA,deterrence,0,False,False
climax_w2,0382_001,USA,military_action,2,False,True
climax_w2,0382_001,IRAN,military_action,1,False,True
climax_w2,0382_003,ISRAEL,military_action,14,False,False
climax_w2,0382_003,ISRAEL,nuclear_program,18,False,False
climax_w2,0382_003,IRAN,military_action,0,False,False
climax_w2,0382_003,IRAN,nuclear_program,1,False,False
climax_w2,0382_003,USA,military_action,6,False,False
climax_w2,0382_003,USA,nuclear_program,1,False,False
climax_w2,0382_004,IRAN,military_action,7,False,True
climax_w2,0382_004,USA,military_action,0,False,True
climax_w2,0383_001,ARAGHCHI,military_action,6,False,True
climax_w2,0383_001,FRANCE,military_action,12,False,True
climax_w2,0383_001,USA,military_action,2,False,True
climax_w2,0383_001,IRAN,military_action,6,False,True
climax_w2,0383_002,ARAGHCHI,strike_claims,5,True,True
climax_w2,0383_004,ISRAEL,military_action,14,False,False
climax_w2,0383_004,ISRAEL,nuclear_program,18,False,False
climax_w2,0383_004,IRAN,military_action,0,False,False
climax_w2,0383_004,IRAN,nuclear_program,1,False,False
climax_w2,0383_004,USA,military_action,6,False,False
climax_w2,0383_004,USA,nuclear_program,1,False,False
climax_w2,0383_005,IRAN,military_action,7,False,True
climax_w2,0383_005,USA,military_action,0,False,True
climax_w2,0383_007,IRAN,military_action,7,False,False
climax_w2,0383_007,USA,military_action,0,False,False
climax_w1,0384_001,ISRAEL,military_action,2,False,False
climax_w1,0384_001,IRAN,military_action,5,False,False
climax_w1,0384_002,ISRAEL,military_action,3,False,False
climax_w1,0384_002,ISRAEL,nuclear_program,11,False,False
climax_w1,0384_002,IRAN,military_action,3,False,False
climax_w1,0384_002,IRAN,nuclear_program,3,False,False
climax_w1,0384_003,ISRAEL,deterrence,1,False,False
climax_w1,0384_003,IRAN,deterrence,11,False,False
climax_w1,0384_005,ISRAEL,military_action,5,False,False
climax_w1,0384_005,IRAN,military_action,1,False,False
climax_w1,0385_004,ISRAEL,nuclear_program,18,False,False
climax_w1,0385_004,IRAN,nuclear_program,10,False,False
climax_w1,0385_005,IRAN,military_action,23,False,False
climax_w1,0385_005,IRAN,nuclear_program,1,False,False
climax_w1,0386_000,IRAN,military_action,0,False,False
climax_w1,0386_000,ISRAEL,military_action,9,False,False
climax_w1,0386_001,IRAN,nuclear_program,0,True,True
climax_w1,0386_001,ISRAEL,nuclear_program,3,False,True
climax_w1,0386_002,IRAN,military_action,1,False,False
climax_w1,0386_002,EU,military_action,15,False,False
climax_w1,0386_002,ISRAEL,military_action,6,False,False
climax_w1,0386_005,IRAN,nuclear_program,0,False,False
climax_w1,0386_006,IRAN,nuclear_program,2,False,False
climax_w1,0387_020,ISRAEL,nuclear_program,19,False,False
climax_w1,0387_020,IRAN,nuclear_program,10,False,False
climax_w1,0387_020,IAEA,nuclear_program,0,False,False
climax_w1,0387_023,ISRAEL,strike_claims,7,True,True
climax_w1,0387_024,ISRAEL,military_action,2,False,False
climax_w1,0387_026,ISRAEL,military_action,2,False,False
climax_w1,0388_001,IRAN,military_action,1,False,False
climax_w1,0388_001,ISRAEL,military_action,1,False,False
climax_w1,0388_004,IRAN,deterrence,23,True,True
climax_w1,0388_005,IRAN,nuclear_program,14,True,True
climax_w1,0388_005,IRAN,deterrence,21,True,True
climax_w1,0388_005,IAEA,nuclear_program,0,False,True
climax_w1,0388_005,IAEA,deterrence,6,False,True
climax_w1,0388_011,IRAN,strike_claims,2,True,True
climax_w1,0389_021,ISRAEL,nuclear_program,19,False,False
climax_w1,0389_021,IRAN,nuclear_program,10,False,False
climax_w1,0389_021,IAEA,nuclear_program,0,False,False
climax_w1,0389_024,ISRAEL,strike_claims,7,True,True
climax_w1,0389_025,ISRAEL,military_action,2,False,False
climax_w1,0389_027,ISRAEL,military_action,2,False,False
climax_w1,0389_033,ISRAEL,military_action,0,False,True
climax_w1,0389_033,IRAN,military_action,4,False,True
climax_w2,0390_000,ISRAEL,military_action,2,False,False
climax_w2,0390_005,ISRAEL,military_action,4,True,True
climax_w2,0390_005,IRAN,military_action,1,False,True
climax_w2,0390_007,IRAN,military_action,0,False,False
climax_w2,0390_008,ISRAEL,military_action,2,False,False
climax_w2,0390_010,ISRAEL,military_action,1,False,False
climax_w2,0390_010,IRAN,military_action,1,False,False
climax_w2,0391_000,IRAN,strike_claims,3,False,False
climax_w2,0391_000,ARAGHCHI,strike_claims,11,False,False
climax_w2,0391_000,ISRAEL,strike_claims,8,False,False
climax_w2,0391_005,ISRAEL,strike_claims,9,False,False
climax_w2,0391_005,IRAN,strike_claims,2,False,False
climax_w2,0391_008,IRAN,military_action,9,False,False
climax_w2,0391_008,ISRAEL,military_action,2,False,False
climax_w2,0391_009,IAEA,military_action,5,False,False
climax_w2,0391_009,IAEA,nuclear_program,0,False,False
climax_w2,0391_009,IAEA,strike_claims,12,False,False
climax_w2,0391_010,ISRAEL,military_action,0,False,False
climax_w2,0391_010,ISRAEL,strike_claims,6,False,False
climax_w2,0391_021,ISRAEL,strike_claims,2,False,False
climax_w2,0391_028,USA,nuclear_program,19,False,False
climax_w2,0391_039,IRAN,strike_claims,5,False,False
climax_w2,0391_039,ISRAEL,strike_claims,0,False,False
climax_w1,0392_000,ISRAEL,nuclear_program,14,False,False
climax_w1,0392_000,IRAN,nuclear_program,3,False,False
climax_w1,0392_004,ISRAEL,military_action,11,False,False
climax_w1,0392_005,ISRAEL,military_action,3,False,False
climax_w1,0392_005,IRAN,military_action,4,False,False
climax_w1,0392_006,ISRAEL,military_action,6,False,False
climax_w1,0392_006,IRAN,military_action,1,False,False
climax_w1,0392_007,ISRAEL,military_action,0,False,False
climax_w1,0392_007,IRAN,military_action,7,False,False
climax_w2,0393_001,ISRAEL,military_action,5,False,False
climax_w2,0393_005,ISRAEL,military_action,4,True,True
climax_w2,0393_005,IRAN,military_action,1,False,True
climax_w2,0393_007,IRAN,military_action,0,False,False
climax_w2,0393_008,ISRAEL,military_action,2,False,False
climax_w2,0393_009,ISRAEL,military_action,1,False,False
climax_w2,0393_009,IRAN,military_action,2,False,False
climax_w2,0394_004,ISRAEL,diplomacy,3,False,False
climax_w2,0394_004,IRAN,diplomacy,7,False,False
climax_w2,0394_007,ISRAEL,military_action,3,True,True
climax_w2,0394_007,IRAN,military_action,1,False,True
climax_w2,0394_009,IRAN,military_action,0,False,False
climax_w2,0394_010,ISRAEL,military_action,2,False,False
climax_w2,0395_001,ISRAEL,military_action,23,False,False
climax_w2,0395_001,ISRAEL,strike_claims,18,False,False
climax_w2,0395_002,ISRAEL,military_action,0,False,False
climax_w2,0395_004,IAEA,nuclear_program,0,False,False
climax_w2,0395_004,IAEA,deterrence,6,False,False
climax_w2,0395_004,ISRAEL,nuclear_program,4,False,False
climax_w2,0395_004,ISRAEL,deterrence,1,False,False
climax_w2,0395_005,IAEA,military_action,5,False,False
climax_w2,0395_005,IAEA,nuclear_program,0,False,False
climax_w2,0395_005,ISRAEL,military_action,0,False,False
climax_w2,0395_005,ISRAEL,nuclear_program,4,False,False
climax_w2,0395_006,IRAN,military_action,3,False,False
climax_w2,0395_006,IRAN,nuclear_program,1,False,False
climax_w2,0395_006,ISRAEL,military_action,1,False,False
climax_w2,0395_006,ISRAEL,nuclear_program,2,False,False
climax_w1,0396_000,IRAN,military_action,5,False,False
climax_w1,0396_002,ISRAEL,military_action,1,False,False
climax_w1,0396_002,ISRAEL,nuclear_program,14,False,False
climax_w1,0396_002,IRAN,military_action,6,False,False
climax_w1,0396_002,IRAN,nuclear_program,4,False,False
climax_w1,0396_003,IRAN,military_action,10,False,False
climax_w1,0396_005,ISRAEL,military_action,0,False,False
climax_w1,0396_009,IRAN,military_action,5,False,False
climax_w1,0396_009,ISRAEL,military_action,1,False,False
climax_w2,0397_001,ISRAEL,military_action,20,False,False
climax_w2,0397_001,IRAN,military_action,11,False,False
climax_w2,0397_004,ISRAEL,military_action,3,True,True
climax_w2,0397_004,IRAN,military_action,1,False,True
climax_w2,0397_006,IRAN,military_action,0,False,False
climax_w2,0397_007,ISRAEL,military_action,2,False,False
climax_w1,0398_001,ISRAEL,military_action,4,False,True
climax_w1,0398_001,IRAN,military_action,7,False,True
climax_w1,0398_003,IRAN,military_action,0,False,False
climax_w1,0398_003,ISRAEL,military_action,10,False,False
climax_w1,0398_004,ISRAEL,military_action,6,False,False
climax_w1,0398_004,IRAN,military_action,1,False,False
climax_w1,0398_005,IRAN,military_action,0,False,False
climax_w1,0399_000,IRAN,strike_claims,9,False,False
climax_w1,0399_000,ISRAEL,strike_claims,15,False,False
climax_w1,0399_001,ISRAEL,deterrence,2,False,False
climax_w1,0399_001,IRAN,deterrence,23,False,False
climax_w1,0399_002,IRAN,military_action,0,False,False
climax_w1,0399_002,ISRAEL,military_action,10,False,False
climax_w1,0399_003,ISRAEL,military_action,6,False,False
climax_w1,0399_003,IRAN,military_action,1,False,False
climax_w1,0400_005,IRAN,military_action,0,False,False
climax_w1,0400_005,ISRAEL,military_action,10,False,False
climax_w1,0400_006,ISRAEL,military_action,6,False,False
climax_w1,0400_006,IRAN,military_action,1,False,False
aftermath_jun-jul,0401_001,ISRAEL,military_action,1,True,True
aftermath_jun-jul,0401_001,ISRAEL,diplomacy,7,True,True
aftermath_jun-jul,0401_001,ARAGHCHI,military_action,6,False,True
aftermath_jun-jul,0401_001,ARAGHCHI,diplomacy,0,False,True
aftermath_jun-jul,0401_005,USA,military_action,7,False,False
aftermath_jun-jul,0401_005,USA,nuclear_program,10,False,False
aftermath_jun-jul,0401_005,USA,strike_claims,16,False,False
aftermath_jun-jul,0401_005,IRAN,military_action,1,False,False
aftermath_jun-jul,0401_005,IRAN,nuclear_program,0,False,False
aftermath_jun-jul,0401_005,IRAN,strike_claims,6,False,False
aftermath_jun-jul,0401_006,IRAN,military_action,1,False,False
aftermath_jun-jul,0401_006,USA,military_action,11,False,False
aftermath_jun-jul,0401_006,QATAR,military_action,17,False,False
aftermath_jun-jul,0401_008,IRAN,military_action,2,False,False
aftermath_jun-jul,0401_008,IRAN,diplomacy,10,False,False
aftermath_jun-jul,0401_008,ISRAEL,military_action,2,False,False
aftermath_jun-jul,0401_008,ISRAEL,diplomacy,4,False,False
aftermath_jun-jul,0401_009,ARAGHCHI,military_action,4,False,False
aftermath_jun-jul,0401_009,USA,military_action,3,False,False
aftermath_jun-jul,0401_009,WITKOFF,military_action,5,False,False
aftermath_jun-jul,0401_011,ARAGHCHI,diplomacy,6,False,False
aftermath_jun-jul,0401_015,ARAGHCHI,diplomacy,12,False,True
aftermath_jun-jul,0401_015,USA,diplomacy,2,False,True
aftermath_jun-jul,0401_015,TRUMP,diplomacy,4,False,True
aftermath_jun-jul,0401_019,OMAN,military_action,7,False,False
aftermath_jun-jul,0401_021,ARAGHCHI,nuclear_program,15,False,True
aftermath_jun-jul,0401_021,USA,nuclear_program,3,False,True
aftermath_jun-jul,0401_022,ARAGHCHI,diplomacy,12,True,True
aftermath_jun-jul,0401_024,ARAGHCHI,deterrence,14,True,True
aftermath_jun-jul,0401_024,ARAGHCHI,diplomacy,18,True,True
aftermath_jun-jul,0401_024,EU,deterrence,7,False,True
aftermath_jun-jul,0401_024,EU,diplomacy,11,False,True
aftermath_jun-jul,0401_024,UK,deterrence,5,False,True
aftermath_jun-jul,0401_024,UK,diplomacy,9,False,True
aftermath_jun-jul,0401_024,FRANCE,deterrence,4,False,True
aftermath_jun-jul,0401_024,FRANCE,diplomacy,8,False,True
aftermath_jun-jul,0401_024,GERMANY,deterrence,2,False,True
aftermath_jun-jul,0401_024,GERMANY,diplomacy,6,False,True
aftermath_jun-jul,0401_025,ARAGHCHI,diplomacy,18,True,True
aftermath_jun-jul,0401_025,EU,diplomacy,13,False,True
aftermath_jun-jul,0401_025,IRAN,diplomacy,2,False,True
aftermath_jun-jul,0401_026,USA,diplomacy,3,False,False
aftermath_jun-jul,0401_026,IRAN,diplomacy,1,False,False
aftermath_jun-jul,0401_026,ARAGHCHI,diplomacy,1,False,False
aftermath_jun-jul,0402_000,RUSSIA,military_action,15,False,False
aftermath_jun-jul,0402_000,RUSSIA,strike_claims,28,False,False
aftermath_jun-jul,0402_000,IRAN,military_action,1,False,False
aftermath_jun-jul,0402_000,IRAN,strike_claims,9,False,False
aftermath_jun-jul,0402_002,RUSSIA,military_action,7,False,False
aftermath_jun-jul,0402_002,RUSSIA,nuclear_program,10,False,False
aftermath_jun-jul,0402_002,IRAN,military_action,1,False,False
aftermath_jun-jul,0402_002,IRAN,nuclear_program,0,False,False
aftermath_jun-jul,0402_002,IAEA,military_action,10,False,False
aftermath_jun-jul,0402_002,IAEA,nuclear_program,6,False,False
aftermath_jun-jul,0402_005,RUSSIA,military_action,5,False,False
aftermath_jun-jul,0402_005,RUSSIA,nuclear_program,13,False,False
aftermath_jun-jul,0402_005,RUSSIA,deterrence,10,False,False
aftermath_jun-jul,0402_005,ISRAEL,military_action,0,False,False
aftermath_jun-jul,0402_005,ISRAEL,nuclear_program,8,False,False
aftermath_jun-jul,0402_005,ISRAEL,deterrence,5,False,False
aftermath_jun-jul,0402_005,IRAN,military_action,1,False,False
aftermath_jun-jul,0402_005,IRAN,nuclear_program,5,False,False
aftermath_jun-jul,0402_005,IRAN,deterrence,2,False,False
aftermath_jun-jul,0402_005,IAEA,military_action,15,False,False
aftermath_jun-jul,0402_005,IAEA,nuclear_program,7,False,False
aftermath_jun-jul,0402_005,IAEA,deterrence,10,False,False
aftermath_jun-jul,0402_007,ISRAEL,nuclear_program,21,False,False
aftermath_jun-jul,0402_007,IRAN,nuclear_program,1,False,False
aftermath_jun-jul,0402_007,USA,nuclear_program,3,False,False
aftermath_jun-jul,0402_009,USA,military_action,11,False,False
aftermath_jun-jul,0402_009,USA,nuclear_program,15,False,False
aftermath_jun-jul,0402_009,ISRAEL,military_action,4,False,False
aftermath_jun-jul,0402_009,ISRAEL,nuclear_program,8,False,False
aftermath_jun-jul,0402_009,IRAN,military_action,2,False,False
aftermath_jun-jul,0402_009,IRAN,nuclear_program,0,False,False
aftermath_jun-jul,0402_011,IRAN,military_action,4,False,False
aftermath_jun-jul,0402_011,ISRAEL,military_action,4,False,False
aftermath_jun-jul,0402_013,RUSSIA,military_action,5,False,False
aftermath_jun-jul,0402_013,RUSSIA,nuclear_program,20,False,False
aftermath_jun-jul,0402_013,RUSSIA,strike_claims,15,False,False
aftermath_jun-jul,0402_013,IRAN,military_action,1,False,False
aftermath_jun-jul,0402_013,IRAN,nuclear_program,12,False,False
aftermath_jun-jul,0402_013,IRAN,strike_claims,7,False,False
aftermath_jun-jul,0402_014,IRAN,military_action,1,False,False
aftermath_jun-jul,0402_014,RUSSIA,military_action,9,False,False
aftermath_jun-jul,0403_000,IRAN,nuclear_program,0,False,False
aftermath_jun-jul,0403_000,IRAN,diplomacy,8,False,False
aftermath_jun-jul,0403_000,PEZESHKIAN,nuclear_program,6,False,False
aftermath_jun-jul,0403_000,PEZESHKIAN,diplomacy,14,False,False
aftermath_jun-jul,0403_002,PEZESHKIAN,diplomacy,19,False,True
aftermath_jun-jul,0403_002,ISRAEL,diplomacy,15,False,True
aftermath_jun-jul,0403_002,IRAN,diplomacy,10,False,True
aftermath_jun-jul,0403_003,USA,military_action,9,False,False
aftermath_jun-jul,0403_003,USA,nuclear_program,15,False,False
aftermath_jun-jul,0403_005,USA,military_action,5,False,False
aftermath_jun-jul,0403_005,USA,nuclear_program,12,False,False
aftermath_jun-jul,0403_005,ISRAEL,military_action,3,False,False
aftermath_jun-jul,0403_005,ISRAEL,nuclear_program,10,False,False
aftermath_jun-jul,0403_005,IRAN,military_action,3,False,False
aftermath_jun-jul,0403_005,IRAN,nuclear_program,2,False,False
aftermath_jun-jul,0403_006,IRAN,nuclear_program,5,False,True
aftermath_jun-jul,0403_007,USA,nuclear_program,10,False,False
aftermath_jun-jul,0403_007,IRAN,nuclear_program,4,False,False
aftermath_jun-jul,0403_007,PEZESHKIAN,nuclear_program,14,False,False
aftermath_jun-jul,0403_008,IRAN,nuclear_program,0,False,True
aftermath_jun-jul,0403_008,IRAN,strike_claims,9,False,True
aftermath_jun-jul,0403_008,PEZESHKIAN,nuclear_program,10,True,True
aftermath_jun-jul,0403_008,PEZESHKIAN,strike_claims,1,True,True
aftermath_jun-jul,0403_009,PEZESHKIAN,military_action,14,True,True
aftermath_jun-jul,0403_009,PEZESHKIAN,nuclear_program,6,True,True
aftermath_jun-jul,0403_009,TRUMP,military_action,11,False,True
aftermath_jun-jul,0403_009,TRUMP,nuclear_program,3,False,True
aftermath_jun-jul,0403_009,IRAN,military_action,8,False,True
aftermath_jun-jul,0403_009,IRAN,nuclear_program,0,False,True
aftermath_jun-jul,0403_009,USA,military_action,0,False,True
aftermath_jun-jul,0403_009,USA,nuclear_program,5,False,True
aftermath_jun-jul,0403_010,TRUMP,nuclear_program,3,False,True
aftermath_jun-jul,0403_010,PEZESHKIAN,nuclear_program,7,True,True
aftermath_jun-jul,0403_010,IRAN,nuclear_program,11,False,True
aftermath_jun-jul,0403_012,ISRAEL,military_action,0,False,True
aftermath_jun-jul,0403_012,ISRAEL,nuclear_program,17,False,True
aftermath_jun-jul,0403_012,ISRAEL,diplomacy,7,False,True
aftermath_jun-jul,0403_012,IRAN,military_action,0,False,True
aftermath_jun-jul,0403_012,IRAN,nuclear_program,0,False,True
aftermath_jun-jul,0403_012,IRAN,diplomacy,3,False,True
aftermath_jun-jul,0403_012,USA,military_action,8,False,True
aftermath_jun-jul,0403_012,USA,nuclear_program,7,False,True
aftermath_jun-jul,0403_012,USA,diplomacy,1,False,True
aftermath_jun-jul,0403_013,USA,military_action,10,True,True
aftermath_jun-jul,0403_013,USA,nuclear_program,16,True,True
aftermath_jun-jul,0403_013,USA,deterrence,7,True,True
aftermath_jun-jul,0403_013,IRAN,military_action,2,False,True
aftermath_jun-jul,0403_013,IRAN,nuclear_program,0,False,True
aftermath_jun-jul,0403_013,IRAN,deterrence,1,False,True
aftermath_jun-jul,0403_015,PEZESHKIAN,deterrence,23,False,False
aftermath_jun-jul,0403_015,PEZESHKIAN,diplomacy,9,False,False
aftermath_jun-jul,0403_015,IRAN,deterrence,20,False,False
aftermath_jun-jul,0403_015,IRAN,diplomacy,6,False,False
aftermath_jun-jul,0403_017,PEZESHKIAN,military_action,24,True,True
aftermath_jun-jul,0403_017,IRAN,military_action,8,False,True
aftermath_jun-jul,0403_017,ISRAEL,military_action,3,False,True
aftermath_jun-jul,0403_018,IRAN,diplomacy,10,False,False
aftermath_jun-jul,0403_018,ISRAEL,diplomacy,1,False,False
aftermath_jun-jul,0403_022,PEZESHKIAN,military_action,11,False,True
aftermath_jun-jul,0403_022,PEZESHKIAN,diplomacy,17,False,True
aftermath_jun-jul,0403_022,ISRAEL,military_action,1,False,True
aftermath_jun-jul,0403_022,ISRAEL,diplomacy,3,False,True
aftermath_jun-jul,0403_022,IRAN,military_action,2,False,True
aftermath_jun-jul,0403_022,IRAN,diplomacy,8,False,True
aftermath_jun-jul,0403_023,PEZESHKIAN,military_action,15,True,True
aftermath_jun-jul,0403_023,ISRAEL,military_action,12,False,True
aftermath_jun-jul,0403_023,IRAN,military_action,4,False,True
aftermath_jun-jul,0403_025,IRAN,military_action,2,False,True
aftermath_jun-jul,0403_025,IRAN,nuclear_program,0,False,True
aftermath_jun-jul,0403_025,QATAR,military_action,10,False,True
aftermath_jun-jul,0403_025,QATAR,nuclear_program,14,False,True
aftermath_jun-jul,0403_025,USA,military_action,0,False,True
aftermath_jun-jul,0403_025,USA,nuclear_program,4,False,True
aftermath_jun-jul,0403_027,PEZESHKIAN,military_action,8,False,False
aftermath_jun-jul,0403_027,PEZESHKIAN,nuclear_program,4,False,False
aftermath_jun-jul,0403_027,PEZESHKIAN,strike_claims,11,False,False
aftermath_jun-jul,0403_027,IRAN,military_action,5,False,False
aftermath_jun-jul,0403_027,IRAN,nuclear_program,0,False,False
aftermath_jun-jul,0403_027,IRAN,strike_claims,5,False,False
aftermath_jun-jul,0403_027,ISRAEL,military_action,2,False,False
aftermath_jun-jul,0403_027,ISRAEL,nuclear_program,8,False,False
aftermath_jun-jul,0403_027,ISRAEL,strike_claims,5,False,False
aftermath_jun-jul,0404_001,IRAN,diplomacy,20,False,False
aftermath_jun-jul,0404_001,ARAGHCHI,diplomacy,16,False,False
aftermath_jun-jul,0404_002,EU,nuclear_program,13,False,True
aftermath_jun-jul,0404_002,EU,diplomacy,21,False,True
aftermath_jun-jul,0404_002,IRAN,nuclear_program,0,False,True
aftermath_jun-jul,0404_002,IRAN,diplomacy,8,False,True
aftermath_jun-jul,0404_002,ARAGHCHI,nuclear_program,13,True,True
aftermath_jun-jul,0404_002,ARAGHCHI,diplomacy,6,True,True
aftermath_jun-jul,0404_004,ARAGHCHI,nuclear_program,17,False,False
aftermath_jun-jul,0404_004,IRAN,nuclear_program,0,False,False
aftermath_jun-jul,0404_004,EU,nuclear_program,20,False,False
aftermath_jun-jul,0404_006,IRAN,diplomacy,1,False,False
aftermath_jun-jul,0404_007,ARAGHCHI,nuclear_program,13,False,False
aftermath_jun-jul,0404_007,ARAGHCHI,diplomacy,4,False,False
aftermath_jun-jul,0404_007,IRAN,nuclear_program,2,False,False
aftermath_jun-jul,0404_007,IRAN,diplomacy,1,False,False
aftermath_jun-jul,0404_009,ARAGHCHI,nuclear_program,12,True,True
aftermath_jun-jul,0404_009,ARAGHCHI,diplomacy,36,True,True
aftermath_jun-jul,0404_009,IRAN,nuclear_program,4,False,True
aftermath_jun-jul,0404_009,IRAN,diplomacy,7,False,True
aftermath_jun-jul,0404_011,IRAN,nuclear_program,12,False,False
aftermath_jun-jul,0404_014,IAEA,nuclear_program,0,False,True
aftermath_jun-jul,0404_014,IRAN,nuclear_program,4,False,True
aftermath_jun-jul,0404_014,ARAGHCHI,nuclear_program,26,True,True
aftermath_jun-jul,0404_015,IRAN,military_action,2,False,True
aftermath_jun-jul,0404_015,IRAN,nuclear_program,5,False,True
aftermath_jun-jul,0404_015,IAEA,military_action,15,True,True
aftermath_jun-jul,0404_015,IAEA,nuclear_program,0,True,True
aftermath_jun-jul,0404_015,ARAGHCHI,military_action,5,False,True
aftermath_jun-jul,0404_015,ARAGHCHI,nuclear_program,29,False,True
aftermath_jun-jul,0404_016,ISRAEL,military_action,12,False,False
aftermath_jun-jul,0404_016,ISRAEL,nuclear_program,32,False,False
aftermath_jun-jul,0404_016,IRAN,military_action,0,False,False
aftermath_jun-jul,0404_016,IRAN,nuclear_program,1,False,False
aftermath_jun-jul,0404_016,USA,military_action,10,False,False
aftermath_jun-jul,0404_016,USA,nuclear_program,8,False,False
aftermath_jun-jul,0404_018,IRAN,military_action,0,False,False
aftermath_jun-jul,0404_019,ISRAEL,military_action,2,False,False
aftermath_jun-jul,0404_020,USA,military_action,0,False,False
aftermath_jun-jul,0404_020,IRAN,military_action,0,False,False
aftermath_jun-jul,0404_020,QATAR,military_action,14,False,False
aftermath_jun-jul,0404_021,IRAN,diplomacy,17,False,False
aftermath_jun-jul,0405_001,QATAR,nuclear_program,6,False,True
aftermath_jun-jul,0405_001,QATAR,strike_claims,20,False,True
aftermath_jun-jul,0405_001,PEZESHKIAN,nuclear_program,3,True,True
aftermath_jun-jul,0405_001,PEZESHKIAN,strike_claims,17,True,True
aftermath_jun-jul,0405_001,IRAN,nuclear_program,1,False,True
aftermath_jun-jul,0405_001,IRAN,strike_claims,11,False,True
aftermath_jun-jul,0405_002,USA,nuclear_program,7,False,True
aftermath_jun-jul,0405_002,ISRAEL,nuclear_program,4,False,True
aftermath_jun-jul,0405_002,PEZESHKIAN,nuclear_program,15,True,True
aftermath_jun-jul,0405_002,TRUMP,nuclear_program,24,False,True
aftermath_jun-jul,0405_002,IRAN,nuclear_program,27,False,True
aftermath_jun-jul,0405_003,PEZESHKIAN,nuclear_program,11,True,True
aftermath_jun-jul,0405_004,IRAN,nuclear_program,1,False,True
aftermath_jun-jul,0405_007,IAEA,nuclear_program,30,False,True
aftermath_jun-jul,0405_007,IRAN,nuclear_program,3,False,True
aftermath_jun-jul,0405_009,ISRAEL,military_action,2,False,False
aftermath_jun-jul,0405_009,ISRAEL,diplomacy,12,False,False
aftermath_jun-jul,0405_009,IRAN,military_action,6,False,False
aftermath_jun-jul,0405_009,IRAN,diplomacy,21,False,False
aftermath_jun-jul,0405_010,ISRAEL,military_action,0,False,False
aftermath_jun-jul,0405_010,PEZESHKIAN,military_action,14,False,False
aftermath_jun-jul,0405_011,PEZESHKIAN,military_action,25,False,True
aftermath_jun-jul,0405_011,IRAN,military_action,0,False,True
aftermath_jun-jul,0405_012,IRAN,nuclear_program,0,False,False
aftermath_jun-jul,0405_012,PEZESHKIAN,nuclear_program,3,False,False
aftermath_jun-jul,0406_001,RUSSIA,military_action,27,False,True
aftermath_jun-jul,0406_001,RUSSIA,deterrence,17,False,True
aftermath_jun-jul,0406_001,USA,military_action,16,False,True
aftermath_jun-jul,0406_001,USA,deterrence,6,False,True
aftermath_jun-jul,0406_001,TRUMP,military_action,7,False,True
aftermath_jun-jul,0406_001,TRUMP,deterrence,1,False,True
aftermath_jun-jul,0406_001,IRAN,military_action,1,False,True
aftermath_jun-jul,0406_001,IRAN,deterrence,3,False,True
aftermath_jun-jul,0406_003,IRAN,military_action,2,False,True
aftermath_jun-jul,0406_003,IRAN,deterrence,2,False,True
aftermath_jun-jul,0406_005,RUSSIA,military_action,5,False,False
aftermath_jun-jul,0406_005,RUSSIA,nuclear_program,15,False,False
aftermath_jun-jul,0406_005,IRAN,military_action,6,False,False
aftermath_jun-jul,0406_005,IRAN,nuclear_program,1,False,False
aftermath_jun-jul,0406_008,IAEA,military_action,6,False,False
aftermath_jun-jul,0406_008,IAEA,nuclear_program,3,False,False
aftermath_jun-jul,0406_010,TRUMP,nuclear_program,7,False,True
aftermath_jun-jul,0406_010,TRUMP,strike_claims,12,False,True
aftermath_jun-jul,0406_010,IRAN,nuclear_program,0,True,True
aftermath_jun-jul,0406_010,IRAN,strike_claims,5,True,True
aftermath_jun-jul,0406_010,USA,nuclear_program,0,False,True
aftermath_jun-jul,0406_010,USA,strike_claims,2,False,True
aftermath_jun-jul,0406_011,RUSSIA,military_action,7,False,False
aftermath_jun-jul,0406_011,RUSSIA,deterrence,5,False,False
aftermath_jun-jul,0406_011,USA,military_action,5,False,False
aftermath_jun-jul,0406_011,USA,deterrence,3,False,False
aftermath_jun-jul,0406_011,TRUMP,military_action,2,False,False
aftermath_jun-jul,0406_011,TRUMP,deterrence,0,False,False
aftermath_jun-jul,0406_011,IRAN,military_action,0,False,False
aftermath_jun-jul,0406_011,IRAN,deterrence,2,False,False
aftermath_jun-jul,0406_012,RUSSIA,deterrence,3,False,False
aftermath_jun-jul,0406_012,TRUMP,deterrence,1,False,False
aftermath_jun-jul,0406_012,IRAN,deterrence,1,False,False
aftermath_jun-jul,0407_000,IRAN,nuclear_program,0,False,False
aftermath_jun-jul,0407_000,IRAN,diplomacy,12,False,False
aftermath_jun-jul,0407_000,EU,nuclear_program,3,False,False
aftermath_jun-jul,0407_000,EU,diplomacy,18,False,False
aftermath_jun-jul,0407_001,EU,diplomacy,22,False,True
aftermath_jun-jul,0407_001,UK,diplomacy,32,False,True
aftermath_jun-jul,0407_001,ARAGHCHI,diplomacy,43,False,True
aftermath_jun-jul,0407_002,IRAN,nuclear_program,0,False,False
aftermath_jun-jul,0407_002,IRAN,diplomacy,5,False,False
aftermath_jun-jul,0407_003,IRAN,military_action,1,False,False
aftermath_jun-jul,0407_003,IRAN,nuclear_program,0,False,False
aftermath_jun-jul,0407_003,IAEA,military_action,10,False,False
aftermath_jun-jul,0407_003,IAEA,nuclear_program,14,False,False
aftermath_jun-jul,0407_003,ISRAEL,military_action,2,False,False
aftermath_jun-jul,0407_003,ISRAEL,nuclear_program,6,False,False
aftermath_jun-jul,0407_003,USA,military_action,0,False,False
aftermath_jun-jul,0407_003,USA,nuclear_program,4,False,False
aftermath_jun-jul,0407_005,ISRAEL,military_action,12,False,False
aftermath_jun-jul,0407_005,ISRAEL,nuclear_program,32,False,False
aftermath_jun-jul,0407_005,IRAN,military_action,0,False,False
aftermath_jun-jul,0407_005,IRAN,nuclear_program,1,False,False
aftermath_jun-jul,0407_005,USA,military_action,10,False,False
aftermath_jun-jul,0407_005,USA,nuclear_program,8,False,False
aftermath_jun-jul,0407_006,IAEA,military_action,27,False,False
aftermath_jun-jul,0407_006,IAEA,nuclear_program,0,False,False
aftermath_jun-jul,0407_006,IAEA,strike_claims,39,False,False
aftermath_jun-jul,0407_006,GROSSI,military_action,23,False,False
aftermath_jun-jul,0407_006,GROSSI,nuclear_program,2,False,False
aftermath_jun-jul,0407_006,GROSSI,strike_claims,35,False,False
aftermath_jun-jul,0407_006,IRAN,military_action,0,False,False
aftermath_jun-jul,0407_006,IRAN,nuclear_program,5,False,False
aftermath_jun-jul,0407_006,IRAN,strike_claims,10,False,False
aftermath_jun-jul,0407_006,ISRAEL,military_action,5,False,False
aftermath_jun-jul,0407_006,ISRAEL,nuclear_program,21,False,False
aftermath_jun-jul,0407_006,ISRAEL,strike_claims,17,False,False
aftermath_jun-jul,0407_006,USA,military_action,1,False,False
aftermath_jun-jul,0407_006,USA,nuclear_program,25,False,False
aftermath_jun-jul,0407_006,USA,strike_claims,13,False,False
aftermath_jun-jul,0407_007,EU,nuclear_program,8,False,False
aftermath_jun-jul,0407_007,IRAN,nuclear_program,0,False,False
aftermath_jun-jul,0408_003,ISRAEL,military_action,5,False,False
aftermath_jun-jul,0408_003,ISRAEL,nuclear_program,7,False,False
aftermath_jun-jul,0408_003,USA,military_action,8,False,False
aftermath_jun-jul,0408_003,USA,nuclear_program,4,False,False
aftermath_jun-jul,0408_003,IAEA,military_action,13,False,False
aftermath_jun-jul,0408_003,IAEA,nuclear_program,0,False,False
aftermath_jun-jul,0408_003,IRAN,military_action,18,False,False
aftermath_jun-jul,0408_003,IRAN,nuclear_program,4,False,False
aftermath_jun-jul,0408_005,IRAN,military_action,1,False,False
aftermath_jun-jul,0408_005,IRAN,nuclear_program,2,False,False
aftermath_jun-jul,0408_005,IRAN,strike_claims,7,False,False
aftermath_jun-jul,0408_005,GERMANY,military_action,5,False,False
aftermath_jun-jul,0408_005,GERMANY,nuclear_program,10,False,False
aftermath_jun-jul,0408_005,GERMANY,strike_claims,6,False,False
aftermath_jun-jul,0408_005,ISRAEL,military_action,1,False,False
aftermath_jun-jul,0408_005,ISRAEL,nuclear_program,6,False,False
aftermath_jun-jul,0408_005,ISRAEL,strike_claims,10,False,False
aftermath_jun-jul,0408_006,GERMANY,military_action,6,False,False
aftermath_jun-jul,0408_006,GERMANY,strike_claims,13,False,False
aftermath_jun-jul,0408_006,USA,military_action,0,False,False
aftermath_jun-jul,0408_006,USA,strike_claims,7,False,False
aftermath_jun-jul,0408_006,IRAN,military_action,1,False,False
aftermath_jun-jul,0408_006,IRAN,strike_claims,4,False,False
aftermath_jun-jul,0408_007,GERMANY,nuclear_program,6,False,True
aftermath_jun-jul,0408_007,GERMANY,diplomacy,0,False,True
aftermath_jun-jul,0408_007,IRAN,nuclear_program,1,False,True
aftermath_jun-jul,0408_007,IRAN,diplomacy,7,False,True
aftermath_jun-jul,0408_007,ARAGHCHI,nuclear_program,2,False,True
aftermath_jun-jul,0408_007,ARAGHCHI,diplomacy,8,False,True
aftermath_jun-jul,0408_007,GAZA,nuclear_program,17,False,True
aftermath_jun-jul,0408_007,GAZA,diplomacy,23,False,True
aftermath_jun-jul,0408_008,GERMANY,military_action,3,False,False
aftermath_jun-jul,0408_008,GERMANY,strike_claims,4,False,False
aftermath_jun-jul,0408_008,IRAN,military_action,1,False,False
aftermath_jun-jul,0408_008,IRAN,strike_claims,1,False,False
aftermath_jun-jul,0408_009,ISRAEL,military_action,12,False,False
aftermath_jun-jul,0408_009,ISRAEL,nuclear_program,32,False,False
aftermath_jun-jul,0408_009,IRAN,military_action,0,False,False
aftermath_jun-jul,0408_009,IRAN,nuclear_program,1,False,False
aftermath_jun-jul,0408_009,USA,military_action,10,False,False
aftermath_jun-jul,0408_009,USA,nuclear_program,8,False,False
aftermath_jun-jul,0408_011,IAEA,military_action,27,False,False
aftermath_jun-jul,0408_011,IAEA,nuclear_program,0,False,False
aftermath_jun-jul,0408_011,IAEA,strike_claims,39,False,False
aftermath_jun-jul,0408_011,GROSSI,military_action,23,False,False
aftermath_jun-jul,0408_011,GROSSI,nuclear_program,2,False,False
aftermath_jun-jul,0408_011,GROSSI,strike_claims,35,False,False
aftermath_jun-jul,0408_011,IRAN,military_action,0,False,False
aftermath_jun-jul,0408_011,IRAN,nuclear_program,5,False,False
aftermath_jun-jul,0408_011,IRAN,strike_claims,10,False,False
aftermath_jun-jul,0408_011,ISRAEL,military_action,5,False,False
aftermath_jun-jul,0408_011,ISRAEL,nuclear_program,21,False,False
aftermath_jun-jul,0408_011,ISRAEL,strike_claims,17,False,False
aftermath_jun-jul,0408_011,USA,military_action,1,False,False
aftermath_jun-jul,0408_011,USA,nuclear_program,25,False,False
aftermath_jun-jul,0408_011,USA,strike_claims,13,False,False
aftermath_jun-jul,0408_011,ARAGHCHI,military_action,17,False,False
aftermath_jun-jul,0408_011,ARAGHCHI,nuclear_program,45,False,False
aftermath_jun-jul,0408_011,ARAGHCHI,strike_claims,4,False,False
aftermath_jun-jul,0408_011,GERMANY,military_action,19,False,False
aftermath_jun-jul,0408_011,GERMANY,nuclear_program,47,False,False
aftermath_jun-jul,0408_011,GERMANY,strike_claims,6,False,False
aftermath_jun-jul,0409_000,ARAGHCHI,military_action,20,False,True
aftermath_jun-jul,0409_000,ARAGHCHI,nuclear_program,30,False,True
aftermath_jun-jul,0409_000,USA,military_action,0,False,True
aftermath_jun-jul,0409_000,USA,nuclear_program,10,False,True
aftermath_jun-jul,0409_000,TRUMP,military_action,9,False,True
aftermath_jun-jul,0409_000,TRUMP,nuclear_program,19,False,True
aftermath_jun-jul,0409_000,IRAN,military_action,1,False,True
aftermath_jun-jul,0409_000,IRAN,nuclear_program,3,False,True
aftermath_jun-jul,0409_002,IRAN,deterrence,19,False,False
aftermath_jun-jul,0409_008,IRAN,nuclear_program,16,False,False
aftermath_jun-jul,0409_008,USA,nuclear_program,5,False,False
aftermath_jun-jul,0409_009,IRAN,nuclear_program,2,False,True
aftermath_jun-jul,0409_009,ARAGHCHI,nuclear_program,7,True,True
aftermath_jun-jul,0409_012,IRAN,military_action,1,False,False
aftermath_jun-jul,0409_014,IRAN,nuclear_program,5,False,False
aftermath_jun-jul,0409_016,ARAGHCHI,nuclear_program,9,False,False
aftermath_jun-jul,0409_017,ISRAEL,military_action,12,False,False
aftermath_jun-jul,0409_017,ISRAEL,nuclear_program,32,False,False
aftermath_jun-jul,0409_017,IRAN,military_action,0,False,False
aftermath_jun-jul,0409_017,IRAN,nuclear_program,1,False,False
aftermath_jun-jul,0409_017,USA,military_action,10,False,False
aftermath_jun-jul,0409_017,USA,nuclear_program,8,False,False
aftermath_jun-jul,0409_019,IRAN,military_action,0,False,False
aftermath_jun-jul,0409_020,ISRAEL,military_action,2,False,False
aftermath_jun-jul,0409_021,USA,military_action,0,False,False
aftermath_jun-jul,0409_021,IRAN,military_action,0,False,False
aftermath_jun-jul,0409_021,QATAR,military_action,14,False,False
aftermath_jun-jul,0410_000,IRAN,nuclear_program,4,False,False
aftermath_jun-jul,0410_000,IAEA,nuclear_program,0,False,False
aftermath_jun-jul,0410_001,IAEA,military_action,37,False,False
aftermath_jun-jul,0410_001,IAEA,nuclear_program,40,False,False
aftermath_jun-jul,0410_001,GROSSI,military_action,33,False,False
aftermath_jun-jul,0410_001,GROSSI,nuclear_program,36,False,False
aftermath_jun-jul,0410_001,IRAN,military_action,5,False,False
aftermath_jun-jul,0410_001,IRAN,nuclear_program,1,False,False
aftermath_jun-jul,0410_001,ISRAEL,military_action,15,False,False
aftermath_jun-jul,0410_001,ISRAEL,nuclear_program,18,False,False
aftermath_jun-jul,0410_001,USA,military_action,1,False,False
aftermath_jun-jul,0410_001,USA,nuclear_program,4,False,False
aftermath_jun-jul,0410_003,ISRAEL,military_action,12,False,False
aftermath_jun-jul,0410_003,ISRAEL,nuclear_program,32,False,False
aftermath_jun-jul,0410_003,IRAN,military_action,0,False,False
aftermath_jun-jul,0410_003,IRAN,nuclear_program,1,False,False
aftermath_jun-jul,0410_003,USA,military_action,10,False,False
aftermath_jun-jul,0410_003,USA,nuclear_program,8,False,False
aftermath_jun-jul,0410_005,IRAN,military_action,0,False,False
aftermath_jun-jul,0410_006,ISRAEL,military_action,2,False,False
aftermath_jun-jul,0410_007,USA,military_action,0,False,False
aftermath_jun-jul,0410_007,IRAN,military_action,0,False,False
aftermath_jun-jul,0410_007,QATAR,military_action,14,False,False
aftermath_jun-jul,0410_010,IRAN,nuclear_program,4,False,False
aftermath_jun-jul,0410_010,IAEA,nuclear_program,0,False,False
aftermath_jun-jul,0411_002,ISRAEL,military_action,0,False,False
aftermath_jun-jul,0411_002,ISRAEL,diplomacy,8,False,False
aftermath_jun-jul,0411_002,IRAN,military_action,1,False,False
aftermath_jun-jul,0411_002,IRAN,diplomacy,11,False,False
aftermath_jun-jul,0411_004,IRAN,military_action,2,False,False
aftermath_jun-jul,0411_004,ISRAEL,military_action,3,False,False
aftermath_jun-jul,0411_005,USA,military_action,5,False,False
aftermath_jun-jul,0411_005,USA,nuclear_program,9,False,False
aftermath_jun-jul,0411_005,QATAR,military_action,10,False,False
aftermath_jun-jul,0411_005,QATAR,nuclear_program,14,False,False
aftermath_jun-jul,0411_005,IRAN,military_action,2,False,False
aftermath_jun-jul,0411_005,IRAN,nuclear_program,0,False,False
aftermath_jun-jul,0411_010,IRAN,military_action,2,False,True
aftermath_jun-jul,0411_010,IRAN,nuclear_program,0,False,True
aftermath_jun-jul,0411_010,IRAN,diplomacy,4,False,True
aftermath_jun-jul,0411_010,USA,military_action,9,False,True
aftermath_jun-jul,0411_010,USA,nuclear_program,2,False,True
aftermath_jun-jul,0411_010,USA,diplomacy,1,False,True
aftermath_jun-jul,0411_011,USA,diplomacy,4,False,False
aftermath_jun-jul,0411_012,IRAN,military_action,6,False,True
aftermath_jun-jul,0411_012,IRAN,nuclear_program,0,False,True
aftermath_jun-jul,0411_012,USA,military_action,2,False,True
aftermath_jun-jul,0411_012,USA,nuclear_program,31,False,True
aftermath_jun-jul,0411_012,ISRAEL,military_action,4,False,True
aftermath_jun-jul,0411_012,ISRAEL,nuclear_program,33,False,True
aftermath_jun-jul,0411_014,IRAN,deterrence,1,False,True
aftermath_jun-jul,0411_014,IRAN,strike_claims,0,False,True
aftermath_jun-jul,0411_014,ISRAEL,deterrence,21,False,True
aftermath_jun-jul,0411_014,ISRAEL,strike_claims,18,False,True
aftermath_jun-jul,0412_003,ARAGHCHI,nuclear_program,30,False,True
aftermath_jun-jul,0412_003,IRAN,nuclear_program,0,False,True
aftermath_jun-jul,0412_003,IAEA,nuclear_program,9,False,True
aftermath_jun-jul,0412_004,ARAGHCHI,nuclear_program,21,False,False
aftermath_jun-jul,0412_004,IRAN,nuclear_program,13,False,False
aftermath_jun-jul,0412_005,ARAGHCHI,military_action,19,True,True
aftermath_jun-jul,0412_005,ISRAEL,military_action,5,False,True
aftermath_jun-jul,0412_005,USA,military_action,8,False,True
aftermath_jun-jul,0412_005,IAEA,military_action,12,False,True
aftermath_jun-jul,0412_008,IAEA,military_action,17,False,False
aftermath_jun-jul,0412_008,IAEA,nuclear_program,7,False,False
aftermath_jun-jul,0412_008,IRAN,military_action,0,False,False
aftermath_jun-jul,0412_008,IRAN,nuclear_program,0,False,False
aftermath_jun-jul,0412_008,ISRAEL,military_action,1,False,False
aftermath_jun-jul,0412_008,ISRAEL,nuclear_program,6,False,False
aftermath_jun-jul,0412_009,IRAN,military_action,10,False,False
aftermath_jun-jul,0412_012,USA,military_action,6,False,False
aftermath_jun-jul,0412_012,IRAN,military_action,2,False,False
aftermath_jun-jul,0412_016,IRAN,military_action,0,False,False
aftermath_jun-jul,0412_016,IRAN,nuclear_program,0,False,False
aftermath_jun-jul,0412_016,GROSSI,military_action,44,False,False
aftermath_jun-jul,0412_016,GROSSI,nuclear_program,19,False,False
aftermath_jun-jul,0412_016,ISRAEL,military_action,11,False,False
aftermath_jun-jul,0412_016,ISRAEL,nuclear_program,11,False,False
aftermath_jun-jul,0412_016,USA,military_action,6,False,False
aftermath_jun-jul,0412_016,USA,nuclear_program,14,False,False
aftermath_jun-jul,0412_019,ARAGHCHI,military_action,16,False,False
aftermath_jun-jul,0412_019,IRAN,military_action,1,False,False
aftermath_jun-jul,0412_019,GERMANY,military_action,4,False,False
aftermath_jun-jul,0412_019,ISRAEL,military_action,0,False,False
aftermath_jun-jul,0412_021,GERMANY,strike_claims,4,False,False
aftermath_jun-jul,0412_021,ISRAEL,strike_claims,6,False,False
aftermath_jun-jul,0412_021,IRAN,strike_claims,1,False,False
aftermath_jun-jul,0412_021,ARAGHCHI,strike_claims,12,False,False
aftermath_jun-jul,0413_001,ARAGHCHI,military_action,2,False,False
aftermath_jun-jul,0413_002,ARAGHCHI,military_action,9,True,True
aftermath_jun-jul,0413_002,ARAGHCHI,nuclear_program,12,True,True
aftermath_jun-jul,0413_003,ARAGHCHI,nuclear_program,11,True,True
aftermath_jun-jul,0413_007,ARAGHCHI,military_action,5,False,False
aftermath_jun-jul,0413_007,ARAGHCHI,nuclear_program,13,False,False
aftermath_jun-jul,0413_007,USA,military_action,1,False,False
aftermath_jun-jul,0413_007,USA,nuclear_program,9,False,False
aftermath_jun-jul,0413_008,ARAGHCHI,deterrence,6,True,True
aftermath_jun-jul,0413_008,ARAGHCHI,diplomacy,3,True,True
aftermath_jun-jul,0413_009,IRAN,diplomacy,13,False,True
aftermath_jun-jul,0413_009,ARAGHCHI,diplomacy,25,True,True
aftermath_jun-jul,0413_010,ARAGHCHI,strike_claims,16,True,True
aftermath_jun-jul,0413_017,USA,military_action,4,False,False
aftermath_jun-jul,0413_017,USA,nuclear_program,7,False,False
aftermath_jun-jul,0413_017,IRAN,military_action,1,False,False
aftermath_jun-jul,0413_017,IRAN,nuclear_program,0,False,False
aftermath_jun-jul,0413_019,QATAR,military_action,13,False,False
aftermath_jun-jul,0413_019,USA,military_action,16,False,False
aftermath_jun-jul,0413_022,IRAN,military_action,3,False,False
aftermath_jun-jul,0413_022,USA,military_action,1,False,False
aftermath_jun-jul,0414_000,ISRAEL,military_action,2,False,False
aftermath_jun-jul,0414_000,ISRAEL,nuclear_program,6,False,False
aftermath_jun-jul,0414_000,USA,military_action,0,False,False
aftermath_jun-jul,0414_000,USA,nuclear_program,4,False,False
aftermath_jun-jul,0414_000,IRAN,military_action,1,False,False
aftermath_jun-jul,0414_000,IRAN,nuclear_program,0,False,False
aftermath_jun-jul,0414_001,IRAN,military_action,1,False,False
aftermath_jun-jul,0414_001,IRAN,nuclear_program,0,False,False
aftermath_jun-jul,0414_002,IRAN,military_action,10,False,False
aftermath_jun-jul,0414_004,ISRAEL,military_action,12,False,False
aftermath_jun-jul,0414_004,ISRAEL,nuclear_program,32,False,False
aftermath_jun-jul,0414_004,IRAN,military_action,0,False,False
aftermath_jun-jul,0414_004,IRAN,nuclear_program,1,False,False
aftermath_jun-jul,0414_004,USA,military_action,10,False,False
aftermath_jun-jul,0414_004,USA,nuclear_program,8,False,False
aftermath_jun-jul,0414_006,IRAN,military_action,0,False,False
aftermath_jun-jul,0414_007,ISRAEL,military_action,2,False,False
aftermath_jun-jul,0414_008,USA,military_action,0,False,False
aftermath_jun-jul,0414_008,IRAN,military_action,0,False,False
aftermath_jun-jul,0414_008,QATAR,military_action,14,False,False
aftermath_jun-jul,0414_011,IRAN,military_action,3,False,False
aftermath_jun-jul,0415_001,USA,military_action,0,False,False
aftermath_jun-jul,0415_001,USA,nuclear_program,4,False,False
aftermath_jun-jul,0415_001,ARAGHCHI,military_action,15,False,False
aftermath_jun-jul,0415_001,ARAGHCHI,nuclear_program,10,False,False
aftermath_jun-jul,0415_006,USA,military_action,0,False,False
aftermath_jun-jul,0415_006,USA,strike_claims,2,False,False
aftermath_jun-jul,0415_006,TRUMP,military_action,11,False,False
aftermath_jun-jul,0415_006,TRUMP,strike_claims,7,False,False
aftermath_jun-jul,0415_007,IRAN,nuclear_program,15,False,False
aftermath_jun-jul,0415_007,IRAN,strike_claims,19,False,False
aftermath_jun-jul,0415_007,ARAGHCHI,nuclear_program,6,False,False
aftermath_jun-jul,0415_007,ARAGHCHI,strike_claims,10,False,False
aftermath_jun-jul,0415_011,ARAGHCHI,nuclear_program,22,True,True
aftermath_jun-jul,0415_011,IRAN,nuclear_program,1,True,True
aftermath_jun-jul,0415_013,ARAGHCHI,nuclear_program,20,False,False
aftermath_jun-jul,0415_014,ARAGHCHI,military_action,15,False,False
aftermath_jun-jul,0415_014,ARAGHCHI,nuclear_program,4,False,False
aftermath_jun-jul,0415_014,USA,military_action,0,False,False
aftermath_jun-jul,0415_014,USA,nuclear_program,8,False,False
aftermath_jun-jul,0415_015,USA,military_action,0,False,False
aftermath_jun-jul,0415_015,USA,nuclear_program,4,False,False
aftermath_jun-jul,0415_015,ARAGHCHI,military_action,5,False,False
aftermath_jun-jul,0415_015,ARAGHCHI,nuclear_program,0,False,False
aftermath_jun-jul,0416_008,ISRAEL,nuclear_program,20,False,False
aftermath_jun-jul,0416_008,IRAN,nuclear_program,1,False,False
aftermath_jun-jul,0416_008,USA,nuclear_program,3,False,False
aftermath_jun-jul,0416_009,USA,military_action,7,False,False
aftermath_jun-jul,0416_009,USA,nuclear_program,12,False,False
aftermath_jun-jul,0416_009,USA,diplomacy,16,False,False
aftermath_jun-jul,0416_009,IRAN,military_action,3,False,False
aftermath_jun-jul,0416_009,IRAN,nuclear_program,0,False,False
aftermath_jun-jul,0416_009,IRAN,diplomacy,18,False,False
aftermath_jun-jul,0416_009,ISRAEL,military_action,23,False,False
aftermath_jun-jul,0416_009,ISRAEL,nuclear_program,17,False,False
aftermath_jun-jul,0416_009,ISRAEL,diplomacy,7,False,False
aftermath_jun-jul,0417_004,IRAN,strike_claims,1,False,False
aftermath_jun-jul,0417_004,USA,strike_claims,8,False,False
aftermath_jun-jul,0417_004,ISRAEL,strike_claims,6,False,False
aftermath_jun-jul,0417_008,ISRAEL,military_action,17,False,False
aftermath_jun-jul,0417_008,IRAN,military_action,12,False,False
aftermath_jun-jul,0417_009,IRAN,military_action,23,False,False
aftermath_jun-jul,0417_010,USA,military_action,0,True,True
aftermath_jun-jul,0417_010,USA,nuclear_program,4,True,True
aftermath_jun-jul,0417_010,IRAN,military_action,2,False,True
aftermath_jun-jul,0417_010,IRAN,nuclear_program,0,False,True
aftermath_jun-jul,0417_012,ISRAEL,military_action,2,False,False
aftermath_jun-jul,0417_013,ARAGHCHI,military_action,19,False,True
aftermath_jun-jul,0417_013,ARAGHCHI,diplomacy,5,False,True
aftermath_jun-jul,0417_013,IRAN,military_action,6,False,True
aftermath_jun-jul,0417_013,IRAN,diplomacy,9,False,True
aftermath_jun-jul,0417_013,USA,military_action,2,False,True
aftermath_jun-jul,0417_013,USA,diplomacy,29,False,True
aftermath_jun-jul,0417_013,ISRAEL,military_action,4,False,True
aftermath_jun-jul,0417_013,ISRAEL,diplomacy,31,False,True
aftermath_jun-jul,0418_001,USA,diplomacy,6,False,True
aftermath_jun-jul,0418_001,IRAN,diplomacy,1,False,True
aftermath_jun-jul,0418_004,USA,military_action,6,False,False
aftermath_jun-jul,0418_004,ISRAEL,military_action,17,False,False
aftermath_jun-jul,0418_004,IRAN,military_action,1,False,False
aftermath_jun-jul,0418_005,USA,military_action,10,False,False
aftermath_jun-jul,0418_005,USA,diplomacy,2,False,False
aftermath_jun-jul,0418_005,IRAN,military_action,7,False,False
aftermath_jun-jul,0418_005,IRAN,diplomacy,5,False,False
aftermath_jun-jul,0418_005,ISRAEL,military_action,2,False,False
aftermath_jun-jul,0418_005,ISRAEL,diplomacy,8,False,False
aftermath_jun-jul,0418_006,ISRAEL,military_action,12,False,False
aftermath_jun-jul,0418_006,ISRAEL,nuclear_program,32,False,False
aftermath_jun-jul,0418_006,IRAN,military_action,0,False,False
aftermath_jun-jul,0418_006,IRAN,nuclear_program,1,False,False
aftermath_jun-jul,0418_006,USA,military_action,10,False,False
aftermath_jun-jul,0418_006,USA,nuclear_program,8,False,False
aftermath_jun-jul,0418_008,IRAN,military_action,0,False,False
aftermath_jun-jul,0418_009,ISRAEL,military_action,2,False,False
aftermath_jun-jul,0418_010,USA,military_action,0,False,False
aftermath_jun-jul,0418_010,IRAN,military_action,0,False,False
aftermath_jun-jul,0418_010,QATAR,military_action,14,False,False
aftermath_jun-jul,0419_000,IRAN,military_action,1,False,True
aftermath_jun-jul,0419_000,IRAN,nuclear_program,1,False,True
aftermath_jun-jul,0419_000,ARAGHCHI,military_action,15,False,True
aftermath_jun-jul,0419_000,ARAGHCHI,nuclear_program,10,False,True
aftermath_jun-jul,0419_000,ISRAEL,military_action,1,False,True
aftermath_jun-jul,0419_000,ISRAEL,nuclear_program,2,False,True
aftermath_jun-jul,0419_001,ARAGHCHI,nuclear_program,6,False,False
aftermath_jun-jul,0419_001,USA,nuclear_program,4,False,False
aftermath_jun-jul,0419_001,IRAN,nuclear_program,9,False,False
aftermath_jun-jul,0419_007,ARAGHCHI,military_action,13,True,True
aftermath_jun-jul,0419_007,IRAN,military_action,6,False,True
aftermath_jun-jul,0419_007,USA,military_action,0,False,True
aftermath_jun-jul,0419_007,ISRAEL,military_action,25,False,True
aftermath_jun-jul,0419_008,USA,military_action,0,True,True
aftermath_jun-jul,0419_008,USA,nuclear_program,2,True,True
aftermath_jun-jul,0419_008,USA,strike_claims,14,True,True
aftermath_jun-jul,0419_008,IRAN,military_action,4,False,True
aftermath_jun-jul,0419_008,IRAN,nuclear_program,1,False,True
aftermath_jun-jul,0419_008,IRAN,strike_claims,8,False,True
aftermath_jun-jul,0419_011,ARAGHCHI,nuclear_program,14,False,True
aftermath_jun-jul,0419_011,USA,nuclear_program,9,False,True
aftermath_jun-jul,0419_011,IRAN,nuclear_program,3,False,True
aftermath_jun-jul,0419_012,IRAN,nuclear_program,22,False,True
aftermath_jun-jul,0419_012,ARAGHCHI,nuclear_program,31,True,True
aftermath_jun-jul,0419_014,ARAGHCHI,nuclear_program,1,False,False
aftermath_jun-jul,0419_014,IRAN,nuclear_program,9,False,False
aftermath_jun-jul,0419_015,IRAN,nuclear_program,5,False,False
aftermath_jun-jul,0419_015,ARAGHCHI,nuclear_program,1,False,False
aftermath_jun-jul,0420_005,IRAN,military_action,10,False,True
aftermath_jun-jul,0420_005,ISRAEL,military_action,2,False,True
aftermath_jun-jul,0420_007,ISRAEL,diplomacy,2,True,True
aftermath_jun-jul,0420_007,USA,diplomacy,5,False,True
aftermath_jun-jul,0420_007,IRAN,diplomacy,7,False,True
aftermath_jun-jul,0420_008,ISRAEL,military_action,12,False,False
aftermath_jun-jul,0420_008,ISRAEL,nuclear_program,32,False,False
aftermath_jun-jul,0420_008,IRAN,military_action,0,False,False
aftermath_jun-jul,0420_008,IRAN,nuclear_program,1,False,False
aftermath_jun-jul,0420_008,USA,military_action,10,False,False
aftermath_jun-jul,0420_008,USA,nuclear_program,8,False,False
aftermath_jun-jul,0420_010,IRAN,military_action,0,False,False
aftermath_jun-jul,0420_011,ISRAEL,military_action,2,False,False
aftermath_jun-jul,0420_012,USA,military_action,0,False,False
aftermath_jun-jul,0420_012,IRAN,military_action,0,False,False
aftermath_jun-jul,0420_012,QATAR,military_action,14,False,False
aftermath_jun-jul,0421_004,ISRAEL,military_action,45,False,False
aftermath_jun-jul,0421_004,ISRAEL,nuclear_program,32,False,False
aftermath_jun-jul,0421_004,IRAN,military_action,0,False,False
aftermath_jun-jul,0421_004,IRAN,nuclear_program,1,False,False
aftermath_jun-jul,0421_004,USA,military_action,21,False,False
aftermath_jun-jul,0421_004,USA,nuclear_program,8,False,False
aftermath_jun-jul,0421_005,ISRAEL,military_action,2,False,False
aftermath_jun-jul,0421_006,USA,military_action,0,False,False
aftermath_jun-jul,0421_006,IRAN,military_action,0,False,False
aftermath_jun-jul,0421_006,QATAR,military_action,14,False,False
aftermath_jun-jul,0422_001,USA,diplomacy,1,False,True
aftermath_jun-jul,0422_001,IRAN,diplomacy,1,False,True
aftermath_jun-jul,0422_005,ISRAEL,military_action,0,False,False
aftermath_jun-jul,0422_005,ISRAEL,nuclear_program,28,False,False
aftermath_jun-jul,0422_005,ISRAEL,diplomacy,8,False,False
aftermath_jun-jul,0422_005,IRAN,military_action,1,False,False
aftermath_jun-jul,0422_005,IRAN,nuclear_program,0,False,False
aftermath_jun-jul,0422_005,IRAN,diplomacy,11,False,False
aftermath_jun-jul,0422_005,USA,military_action,24,False,False
aftermath_jun-jul,0422_005,USA,nuclear_program,2,False,False
aftermath_jun-jul,0422_005,USA,diplomacy,34,False,False
aftermath_jun-jul,0422_007,IRAN,military_action,6,False,False
aftermath_jun-jul,0422_007,ISRAEL,military_action,3,False,False
aftermath_jun-jul,0422_008,USA,military_action,5,False,False
aftermath_jun-jul,0422_008,USA,nuclear_program,9,False,False
aftermath_jun-jul,0422_008,QATAR,military_action,10,False,False
aftermath_jun-jul,0422_008,QATAR,nuclear_program,14,False,False
aftermath_jun-jul,0422_008,IRAN,military_action,2,False,False
aftermath_jun-jul,0422_008,IRAN,nuclear_program,0,False,False
aftermath_jun-jul,0422_010,USA,military_action,14,False,False
aftermath_jun-jul,0422_010,USA,nuclear_program,10,False,False
aftermath_jun-jul,0422_010,USA,diplomacy,8,False,False
aftermath_jun-jul,0422_010,ISRAEL,military_action,18,False,False
aftermath_jun-jul,0422_010,ISRAEL,nuclear_program,8,False,False
aftermath_jun-jul,0422_010,ISRAEL,diplomacy,6,False,False
aftermath_jun-jul,0422_010,IRAN,military_action,10,False,False
aftermath_jun-jul,0422_010,IRAN,nuclear_program,0,False,False
aftermath_jun-jul,0422_010,IRAN,diplomacy,0,False,False
aftermath_jun-jul,0422_011,IRAN,diplomacy,35,False,False
aftermath_jun-jul,0422_016,IRAN,diplomacy,2,False,False
aftermath_jun-jul,0422_019,USA,strike_claims,7,False,False
aftermath_jun-jul,0422_019,IRAN,strike_claims,0,False,False
aftermath_jun-jul,0422_020,USA,military_action,0,False,False
aftermath_jun-jul,0422_020,IRAN,military_action,0,False,False
aftermath_jun-jul,0422_021,IRAN,nuclear_program,0,False,False
aftermath_jun-jul,0422_022,USA,diplomacy,5,False,False
aftermath_jun-jul,0422_022,IRAN,diplomacy,0,False,False
aftermath_jun-jul,0422_028,IRAN,nuclear_program,1,False,True
aftermath_jun-jul,0422_028,USA,nuclear_program,16,False,True
aftermath_jun-jul,0422_029,USA,diplomacy,4,False,False
aftermath_jun-jul,0422_029,IRAN,diplomacy,1,False,False
aftermath_jun-jul,0423_001,ISRAEL,nuclear_program,1,False,True
aftermath_jun-jul,0423_003,IRAN,military_action,1,False,False
aftermath_jun-jul,0423_003,IRAN,nuclear_program,0,False,False
aftermath_jun-jul,0423_003,IAEA,military_action,22,False,False
aftermath_jun-jul,0423_003,IAEA,nuclear_program,13,False,False
aftermath_jun-jul,0423_003,ISRAEL,military_action,20,False,False
aftermath_jun-jul,0423_003,ISRAEL,nuclear_program,20,False,False
aftermath_jun-jul,0423_003,USA,military_action,8,False,False
aftermath_jun-jul,0423_003,USA,nuclear_program,10,False,False
aftermath_jun-jul,0423_006,IRAN,military_action,1,False,False
aftermath_jun-jul,0423_006,IRAN,nuclear_program,10,False,False
aftermath_jun-jul,0423_006,ISRAEL,military_action,19,False,False
aftermath_jun-jul,0423_006,ISRAEL,nuclear_program,20,False,False
aftermath_jun-jul,0423_006,USA,military_action,23,False,False
aftermath_jun-jul,0423_006,USA,nuclear_program,16,False,False
aftermath_jun-jul,0423_006,EU,military_action,34,False,False
aftermath_jun-jul,0423_006,EU,nuclear_program,5,False,False
aftermath_jun-jul,0423_006,UN_SECURITY_COUNCIL,military_action,36,False,False
aftermath_jun-jul,0423_006,UN_SECURITY_COUNCIL,nuclear_program,1,False,False
aftermath_jun-jul,0423_007,IRAN,military_action,2,False,True
aftermath_jun-jul,0423_007,USA,military_action,6,False,True
aftermath_jun-jul,0423_007,UN_SECURITY_COUNCIL,military_action,16,False,True
aftermath_jun-jul,0423_009,IRAN,military_action,1,False,False
aftermath_jun-jul,0423_009,IRAN,nuclear_program,37,False,False
aftermath_jun-jul,0423_009,UN_SECURITY_COUNCIL,military_action,30,False,False
aftermath_jun-jul,0423_009,UN_SECURITY_COUNCIL,nuclear_program,6,False,False
aftermath_jun-jul,0423_009,IAEA,military_action,39,False,False
aftermath_jun-jul,0423_009,IAEA,nuclear_program,0,False,False
aftermath_jun-jul,0423_010,IRAN,nuclear_program,26,False,True
aftermath_jun-jul,0423_010,ISRAEL,nuclear_program,3,False,True
aftermath_jun-jul,0424_003,IRAN,diplomacy,12,False,False
aftermath_jun-jul,0424_003,ISRAEL,diplomacy,3,False,False
aftermath_jun-jul,0424_005,ISRAEL,military_action,12,False,False
aftermath_jun-jul,0424_005,ISRAEL,nuclear_program,32,False,False
aftermath_jun-jul,0424_005,IRAN,military_action,0,False,False
aftermath_jun-jul,0424_005,IRAN,nuclear_program,1,False,False
aftermath_jun-jul,0424_005,USA,military_action,10,False,False
aftermath_jun-jul,0424_005,USA,nuclear_program,8,False,False
aftermath_jun-jul,0424_007,IRAN,military_action,0,False,False
aftermath_jun-jul,0424_008,ISRAEL,military_action,2,False,False
aftermath_jun-jul,0424_009,USA,military_action,0,False,False
aftermath_jun-jul,0424_009,IRAN,military_action,0,False,False
aftermath_jun-jul,0424_009,QATAR,military_action,14,False,False
aftermath_jun-jul,0425_000,ARAGHCHI,nuclear_program,5,False,False
aftermath_jun-jul,0425_000,IRAN,nuclear_program,1,False,False
aftermath_jun-jul,0425_001,ARAGHCHI,nuclear_program,19,True,True
aftermath_jun-jul,0425_003,IRAN,military_action,14,False,False
aftermath_jun-jul,0425_003,IRAN,nuclear_program,0,False,False
aftermath_jun-jul,0425_003,IRAN,strike_claims,6,False,False
aftermath_jun-jul,0425_006,USA,nuclear_program,7,False,True
aftermath_jun-jul,0425_006,USA,diplomacy,4,False,True
aftermath_jun-jul,0425_006,ARAGHCHI,nuclear_program,0,True,True
aftermath_jun-jul,0425_006,ARAGHCHI,diplomacy,3,True,True
aftermath_jun-jul,0425_007,ARAGHCHI,diplomacy,5,True,True
aftermath_jun-jul,0425_009,ARAGHCHI,diplomacy,19,True,True
aftermath_jun-jul,0425_009,IRAN,diplomacy,13,False,True
aftermath_jun-jul,0425_009,USA,diplomacy,7,False,True
aftermath_jun-jul,0425_010,USA,military_action,10,False,True
aftermath_jun-jul,0425_010,USA,diplomacy,13,False,True
aftermath_jun-jul,0425_010,ARAGHCHI,military_action,3,True,True
aftermath_jun-jul,0425_010,ARAGHCHI,diplomacy,0,True,True
aftermath_jun-jul,0425_014,ISRAEL,military_action,2,False,True
aftermath_jun-jul,0425_014,IRAN,military_action,1,True,True
aftermath_jun-jul,0425_015,USA,military_action,7,False,False
aftermath_jun-jul,0425_015,USA,nuclear_program,8,False,False
aftermath_jun-jul,0425_015,IRAN,military_action,1,False,False
aftermath_jun-jul,0425_015,IRAN,nuclear_program,2,False,False
aftermath_jun-jul,0425_015,ARAGHCHI,military_action,13,False,False
aftermath_jun-jul,0425_015,ARAGHCHI,nuclear_program,11,False,False
aftermath_jun-jul,0426_000,ISRAEL,military_action,97,False,False
aftermath_jun-jul,0426_000,ISRAEL,strike_claims,106,False,False
aftermath_jun-jul,0426_000,USA,military_action,3,False,False
aftermath_jun-jul,0426_000,USA,strike_claims,2,False,False
aftermath_jun-jul,0426_000,IRAN,military_action,13,False,False
aftermath_jun-jul,0426_000,IRAN,strike_claims,4,False,False
aftermath_jun-jul,0426_004,IRAN,nuclear_program,30,False,False
aftermath_jun-jul,0426_004,IRAN,deterrence,21,False,False
aftermath_jun-jul,0426_006,USA,military_action,1,False,False
aftermath_jun-jul,0426_006,USA,nuclear_program,16,False,False
aftermath_jun-jul,0426_006,USA,strike_claims,25,False,False
aftermath_jun-jul,0426_006,IRAN,military_action,9,False,False
aftermath_jun-jul,0426_006,IRAN,nuclear_program,4,False,False
aftermath_jun-jul,0426_006,IRAN,strike_claims,13,False,False
aftermath_jun-jul,0426_007,USA,military_action,0,False,False
aftermath_jun-jul,0426_007,USA,strike_claims,10,False,False
aftermath_jun-jul,0426_008,USA,military_action,22,False,False
aftermath_jun-jul,0426_009,USA,military_action,10,False,False
aftermath_jun-jul,0426_009,ISRAEL,military_action,7,False,False
aftermath_jun-jul,0426_009,IRAN,military_action,1,False,False
aftermath_jun-jul,0426_010,USA,military_action,27,False,False
aftermath_jun-jul,0426_010,ISRAEL,military_action,9,False,False
aftermath_jun-jul,0426_012,USA,strike_claims,7,False,False
aftermath_jun-jul,0426_017,USA,deterrence,4,False,True
aftermath_jun-jul,0426_017,IRAN,deterrence,2,False,True
aftermath_jun-jul,0426_017,ISRAEL,deterrence,2,False,True
aftermath_jun-jul,0426_018,IAEA,nuclear_program,0,False,True
aftermath_jun-jul,0426_018,IRAN,nuclear_program,8,False,True
aftermath_jun-jul,0426_019,IRAN,nuclear_program,3,False,False
aftermath_jun-jul,0426_022,IRAN,nuclear_program,10,False,False
aftermath_jun-jul,0426_022,IAEA,nuclear_program,0,False,False
aftermath_jun-jul,0426_024,IRAN,nuclear_program,13,False,False
aftermath_jun-jul,0426_027,IRAN,military_action,2,False,True
aftermath_jun-jul,0426_027,IRAN,nuclear_program,0,False,True
aftermath_jun-jul,0426_027,IRAN,deterrence,5,False,True
aftermath_jun-jul,0426_027,USA,military_action,8,False,True
aftermath_jun-jul,0426_027,USA,nuclear_program,20,False,True
aftermath_jun-jul,0426_027,USA,deterrence,13,False,True
aftermath_jun-jul,0426_027,ISRAEL,military_action,15,False,True
aftermath_jun-jul,0426_027,ISRAEL,nuclear_program,2,False,True
aftermath_jun-jul,0426_027,ISRAEL,deterrence,10,False,True
aftermath_jun-jul,0426_028,USA,strike_claims,15,True,True
aftermath_jun-jul,0426_028,ISRAEL,strike_claims,12,False,True
aftermath_jun-jul,0426_030,IRAN,nuclear_program,0,False,True
aftermath_jun-jul,0426_030,USA,nuclear_program,4,False,True
aftermath_jun-jul,0426_030,ISRAEL,nuclear_program,2,False,True
aftermath_jun-jul,0426_031,UN_SECURITY_COUNCIL,military_action,2,False,False
aftermath_jun-jul,0426_032,IAEA,military_action,12,False,True
aftermath_jun-jul,0426_032,IAEA,nuclear_program,18,False,True
aftermath_jun-jul,0426_032,IAEA,deterrence,14,False,True
aftermath_jun-jul,0426_032,IAEA,strike_claims,7,False,True
aftermath_jun-jul,0426_033,IAEA,nuclear_program,0,False,False
aftermath_jun-jul,0426_034,USA,military_action,2,False,False
aftermath_jun-jul,0426_034,USA,nuclear_program,16,False,False
aftermath_jun-jul,0426_034,ISRAEL,military_action,0,False,False
aftermath_jun-jul,0426_034,ISRAEL,nuclear_program,14,False,False
aftermath_jun-jul,0426_038,IRAN,diplomacy,8,False,True
aftermath_jun-jul,0426_038,USA,diplomacy,3,False,True
aftermath_jun-jul,0426_038,EU,diplomacy,5,False,True
aftermath_jun-jul,0426_039,USA,diplomacy,5,False,False
aftermath_jun-jul,0426_040,IRAN,military_action,1,False,False
aftermath_jun-jul,0426_040,IRAN,diplomacy,13,False,False
aftermath_jun-jul,0426_040,OMAN,military_action,27,False,False
aftermath_jun-jul,0426_040,OMAN,diplomacy,5,False,False
aftermath_jun-jul,0426_040,USA,military_action,12,False,False
aftermath_jun-jul,0426_040,USA,diplomacy,18,False,False
aftermath_jun-jul,0426_040,ISRAEL,military_action,4,False,False
aftermath_jun-jul,0426_040,ISRAEL,diplomacy,28,False,False
aftermath_jun-jul,0426_041,ISRAEL,military_action,6,False,False
aftermath_jun-jul,0426_041,USA,military_action,1,False,False
aftermath_jun-jul,0426_042,USA,military_action,12,False,False
aftermath_jun-jul,0426_043,USA,diplomacy,3,False,False
aftermath_jun-jul,0426_043,ISRAEL,diplomacy,7,False,False
aftermath_jun-jul,0426_043,IRAN,diplomacy,10,False,False
aftermath_jun-jul,0426_051,USA,deterrence,26,False,False
aftermath_jun-jul,0426_051,USA,strike_claims,33,False,False
aftermath_jun-jul,0426_052,IAEA,nuclear_program,27,False,False
aftermath_jun-jul,0426_052,IAEA,strike_claims,8,False,False
aftermath_jun-jul,0426_057,USA,strike_claims,21,False,False
aftermath_jun-jul,0426_057,ISRAEL,strike_claims,19,False,False
aftermath_jun-jul,0426_060,IRAN,military_action,4,False,False
aftermath_jun-jul,0426_063,USA,military_action,23,False,False
aftermath_jun-jul,0426_063,USA,strike_claims,28,False,False
aftermath_jun-jul,0426_063,ISRAEL,military_action,3,False,False
aftermath_jun-jul,0426_063,ISRAEL,strike_claims,8,False,False
aftermath_jun-jul,0426_063,IRAN,military_action,12,False,False
aftermath_jun-jul,0426_063,IRAN,strike_claims,7,False,False
aftermath_jun-jul,0426_066,USA,nuclear_program,22,False,False
aftermath_jun-jul,0426_066,USA,deterrence,53,False,False
aftermath_jun-jul,0426_066,USA,strike_claims,85,False,False
aftermath_jun-jul,0426_066,ISRAEL,nuclear_program,9,False,False
aftermath_jun-jul,0426_066,ISRAEL,deterrence,19,False,False
aftermath_jun-jul,0426_066,ISRAEL,strike_claims,51,False,False
aftermath_jun-jul,0426_066,IRAN,nuclear_program,2,False,False
aftermath_jun-jul,0426_066,IRAN,deterrence,65,False,False
aftermath_jun-jul,0426_066,IRAN,strike_claims,32,False,False
aftermath_jun-jul,0426_073,IRAN,nuclear_program,36,False,True
aftermath_jun-jul,0426_073,IRAN,strike_claims,23,False,True
aftermath_jun-jul,0426_073,UN_SECURITY_COUNCIL,nuclear_program,67,False,True
aftermath_jun-jul,0426_073,UN_SECURITY_COUNCIL,strike_claims,54,False,True
aftermath_jun-jul,0426_073,ISRAEL,nuclear_program,7,False,True
aftermath_jun-jul,0426_073,ISRAEL,strike_claims,16,False,True
aftermath_jun-jul,0426_073,USA,nuclear_program,10,False,True
aftermath_jun-jul,0426_073,USA,strike_claims,11,False,True
aftermath_jun-jul,0426_073,IAEA,nuclear_program,0,False,True
aftermath_jun-jul,0426_073,IAEA,strike_claims,11,False,True
aftermath_jun-jul,0426_074,IRAN,nuclear_program,44,False,True
aftermath_jun-jul,0426_074,UN_SECURITY_COUNCIL,nuclear_program,29,False,True
aftermath_jun-jul,0426_074,ISRAEL,nuclear_program,6,False,True
aftermath_jun-jul,0426_074,IAEA,nuclear_program,7,False,True
aftermath_jun-jul,0427_001,HAMAS,strike_claims,3,False,True
aftermath_jun-jul,0427_001,ARAGHCHI,strike_claims,5,False,True
aftermath_jun-jul,0427_008,ISRAEL,military_action,12,False,False
aftermath_jun-jul,0427_008,ISRAEL,nuclear_program,32,False,False
aftermath_jun-jul,0427_008,IRAN,military_action,0,False,False
aftermath_jun-jul,0427_008,IRAN,nuclear_program,1,False,False
aftermath_jun-jul,0427_008,USA,military_action,10,False,False
aftermath_jun-jul,0427_008,USA,nuclear_program,8,False,False
aftermath_jun-jul,0427_010,IRAN,military_action,0,False,False
aftermath_jun-jul,0427_011,ISRAEL,military_action,2,False,False
aftermath_jun-jul,0427_012,USA,military_action,0,False,False
aftermath_jun-jul,0427_012,IRAN,military_action,0,False,False
aftermath_jun-jul,0427_012,QATAR,military_action,14,False,False
aftermath_jun-jul,0428_002,IRAN,strike_claims,13,False,False
aftermath_jun-jul,0428_003,IRAN,military_action,17,False,False
aftermath_jun-jul,0428_003,IRAN,nuclear_program,10,False,False
aftermath_jun-jul,0428_003,IRAN,strike_claims,6,False,False
aftermath_jun-jul,0428_003,IAEA,military_action,6,False,False
aftermath_jun-jul,0428_003,IAEA,nuclear_program,0,False,False
aftermath_jun-jul,0428_003,IAEA,strike_claims,2,False,False
aftermath_jun-jul,0428_004,ISRAEL,diplomacy,8,False,False
aftermath_jun-jul,0428_005,ISRAEL,military_action,12,False,False
aftermath_jun-jul,0428_005,ISRAEL,nuclear_program,32,False,False
aftermath_jun-jul,0428_005,IRAN,military_action,0,False,False
aftermath_jun-jul,0428_005,IRAN,nuclear_program,1,False,False
aftermath_jun-jul,0428_005,USA,military_action,10,False,False
aftermath_jun-jul,0428_005,USA,nuclear_program,8,False,False
aftermath_jun-jul,0428_007,IRAN,military_action,0,False,False
aftermath_jun-jul,0428_008,ISRAEL,military_action,2,False,False
aftermath_jun-jul,0428_011,ISRAEL,military_action,1,False,False
aftermath_jun-jul,0428_011,USA,military_action,0,False,False
aftermath_jun-jul,0428_011,IRAN,military_action,1,False,False
aftermath_jun-jul,0429_005,IRAN,military_action,0,False,False
aftermath_jun-jul,0429_006,ISRAEL,military_action,12,False,False
aftermath_jun-jul,0429_006,ISRAEL,nuclear_program,32,False,False
aftermath_jun-jul,0429_006,IRAN,military_action,0,False,False
aftermath_jun-jul,0429_006,IRAN,nuclear_program,1,False,False
aftermath_jun-jul,0429_006,USA,military_action,10,False,False
aftermath_jun-jul,0429_006,USA,nuclear_program,8,False,False
aftermath_jun-jul,0429_008,IRAN,military_action,0,False,False
aftermath_jun-jul,0429_009,ISRAEL,military_action,2,False,False
aftermath_jun-jul,0429_010,USA,military_action,0,False,False
aftermath_jun-jul,0429_010,IRAN,military_action,0,False,False
aftermath_jun-jul,0429_010,QATAR,military_action,14,False,False
aftermath_jun-jul,0430_000,ARAGHCHI,nuclear_program,6,False,True
aftermath_jun-jul,0430_000,ARAGHCHI,strike_claims,17,False,True
aftermath_jun-jul,0430_000,IRAN,nuclear_program,1,False,True
aftermath_jun-jul,0430_000,IRAN,strike_claims,12,False,True
aftermath_jun-jul,0430_001,IRAN,nuclear_program,6,False,False
aftermath_jun-jul,0430_001,ARAGHCHI,nuclear_program,0,False,False
aftermath_jun-jul,0430_002,ARAGHCHI,nuclear_program,8,True,True
aftermath_jun-jul,0430_003,GERMANY,diplomacy,1,False,False
aftermath_jun-jul,0430_003,FRANCE,diplomacy,2,False,False
aftermath_jun-jul,0430_003,UK,diplomacy,4,False,False
aftermath_jun-jul,0430_003,EU,diplomacy,7,False,False
aftermath_jun-jul,0430_004,ISRAEL,military_action,8,False,False
aftermath_jun-jul,0430_004,ISRAEL,nuclear_program,11,False,False
aftermath_jun-jul,0430_004,ISRAEL,strike_claims,25,False,False
aftermath_jun-jul,0430_004,USA,military_action,4,False,False
aftermath_jun-jul,0430_004,USA,nuclear_program,7,False,False
aftermath_jun-jul,0430_004,USA,strike_claims,21,False,False
aftermath_jun-jul,0430_004,IRAN,military_action,1,False,False
aftermath_jun-jul,0430_004,IRAN,nuclear_program,0,False,False
aftermath_jun-jul,0430_004,IRAN,strike_claims,14,False,False
aftermath_jun-jul,0430_005,USA,nuclear_program,17,False,False
aftermath_jun-jul,0430_005,ISRAEL,nuclear_program,14,False,False
aftermath_jun-jul,0430_006,IRAN,nuclear_program,6,True,True
aftermath_jun-jul,0430_007,ARAGHCHI,nuclear_program,6,False,True
aftermath_jun-jul,0430_007,IRAN,nuclear_program,0,False,True
aftermath_jun-jul,0430_008,ARAGHCHI,nuclear_program,15,True,True
aftermath_jun-jul,0430_008,IRAN,nuclear_program,6,False,True
aftermath_jun-jul,0430_014,ISRAEL,military_action,0,False,True
aftermath_jun-jul,0430_014,IRAN,military_action,1,False,True
aftermath_jun-jul,0430_014,ARAGHCHI,military_action,4,False,True
aftermath_jun-jul,0430_015,IRAN,nuclear_program,3,False,False
aftermath_jun-jul,0431_003,ISRAEL,military_action,27,False,False
aftermath_jun-jul,0431_003,IRAN,military_action,17,False,False
aftermath_jun-jul,0431_006,ISRAEL,military_action,12,False,False
aftermath_jun-jul,0431_006,ISRAEL,nuclear_program,32,False,False
aftermath_jun-jul,0431_006,IRAN,military_action,0,False,False
aftermath_jun-jul,0431_006,IRAN,nuclear_program,1,False,False
aftermath_jun-jul,0431_006,USA,military_action,10,False,False
aftermath_jun-jul,0431_006,USA,nuclear_program,8,False,False
aftermath_jun-jul,0431_008,IRAN,military_action,0,False,False
aftermath_jun-jul,0431_009,ISRAEL,military_action,2,False,False
aftermath_jun-jul,0431_010,USA,military_action,0,False,False
aftermath_jun-jul,0431_010,IRAN,military_action,0,False,False
aftermath_jun-jul,0431_010,QATAR,military_action,14,False,False
aftermath_jun-jul,0432_000,IRAN,diplomacy,11,False,False
aftermath_jun-jul,0432_000,ARAGHCHI,diplomacy,13,False,False
aftermath_jun-jul,0432_001,IRAN,diplomacy,0,False,True
aftermath_jun-jul,0432_009,ARAGHCHI,military_action,23,False,False
aftermath_jun-jul,0432_009,ARAGHCHI,nuclear_program,9,False,False
aftermath_jun-jul,0432_009,ARAGHCHI,diplomacy,26,False,False
aftermath_jun-jul,0432_009,IRAN,military_action,14,False,False
aftermath_jun-jul,0432_009,IRAN,nuclear_program,0,False,False
aftermath_jun-jul,0432_009,IRAN,diplomacy,17,False,False
aftermath_jun-jul,0432_009,USA,military_action,3,False,False
aftermath_jun-jul,0432_009,USA,nuclear_program,3,False,False
aftermath_jun-jul,0432_009,USA,diplomacy,6,False,False
aftermath_jun-jul,0432_010,ISRAEL,military_action,12,False,False
aftermath_jun-jul,0432_010,ISRAEL,nuclear_program,32,False,False
aftermath_jun-jul,0432_010,IRAN,military_action,0,False,False
aftermath_jun-jul,0432_010,IRAN,nuclear_program,1,False,False
aftermath_jun-jul,0432_010,USA,military_action,10,False,False
aftermath_jun-jul,0432_010,USA,nuclear_program,8,False,False
aftermath_jun-jul,0432_012,IRAN,military_action,0,False,False
aftermath_jun-jul,0432_013,ISRAEL,military_action,2,False,False
aftermath_jun-jul,0432_014,USA,military_action,0,False,False
aftermath_jun-jul,0432_014,IRAN,military_action,0,False,False
aftermath_jun-jul,0432_014,QATAR,military_action,14,False,False
aftermath_jun-jul,0433_001,IRAN,military_action,9,False,False
aftermath_jun-jul,0433_001,IRAN,nuclear_program,0,False,False
aftermath_jun-jul,0433_001,ISRAEL,military_action,2,False,False
aftermath_jun-jul,0433_001,ISRAEL,nuclear_program,10,False,False
aftermath_jun-jul,0433_001,USA,military_action,4,False,False
aftermath_jun-jul,0433_001,USA,nuclear_program,2,False,False
aftermath_jun-jul,0433_003,ISRAEL,military_action,12,False,False
aftermath_jun-jul,0433_003,ISRAEL,nuclear_program,32,False,False
aftermath_jun-jul,0433_003,IRAN,military_action,0,False,False
aftermath_jun-jul,0433_003,IRAN,nuclear_program,1,False,False
aftermath_jun-jul,0433_003,USA,military_action,10,False,False
aftermath_jun-jul,0433_003,USA,nuclear_program,8,False,False
aftermath_jun-jul,0433_004,IRAN,diplomacy,1,False,False
aftermath_jun-jul,0433_004,USA,diplomacy,4,False,False
aftermath_jun-jul,0433_005,ISRAEL,military_action,0,False,False
aftermath_jun-jul,0433_005,IRAN,military_action,1,False,False
aftermath_jun-jul,0433_007,IRAN,military_action,5,False,False
aftermath_jun-jul,0433_007,IRAN,nuclear_program,0,False,False
aftermath_jun-jul,0433_007,ISRAEL,military_action,0,False,False
aftermath_jun-jul,0433_007,ISRAEL,nuclear_program,26,False,False
aftermath_jun-jul,0434_000,IRAN,military_action,1,False,True
aftermath_jun-jul,0434_000,IRAN,nuclear_program,0,False,True
aftermath_jun-jul,0434_000,IRAN,deterrence,4,False,True
aftermath_jun-jul,0434_000,USA,military_action,2,False,True
aftermath_jun-jul,0434_000,USA,nuclear_program,5,False,True
aftermath_jun-jul,0434_000,USA,deterrence,1,False,True
aftermath_jun-jul,0434_003,IRAN,military_action,7,False,False
aftermath_jun-jul,0434_003,USA,military_action,2,False,False
aftermath_jun-jul,0434_003,QATAR,military_action,6,False,False
aftermath_jun-jul,0434_004,UAE,military_action,7,False,False
aftermath_jun-jul,0434_005,IRAN,military_action,3,False,False
aftermath_jun-jul,0434_005,USA,military_action,15,False,False
aftermath_jun-jul,0434_006,USA,military_action,0,False,False
aftermath_jun-jul,0434_006,ISRAEL,military_action,1,False,False
aftermath_jun-jul,0434_006,IRAN,military_action,10,False,False
aftermath_jun-jul,0434_008,ISRAEL,deterrence,3,False,False
aftermath_jun-jul,0434_009,IRAN,diplomacy,16,False,False
aftermath_jun-jul,0434_009,USA,diplomacy,4,False,False
aftermath_jun-jul,0434_011,USA,military_action,5,False,False
aftermath_jun-jul,0434_011,USA,diplomacy,8,False,False
aftermath_jun-jul,0434_017,USA,military_action,0,True,True
aftermath_jun-jul,0434_017,USA,diplomacy,5,True,True
aftermath_jun-jul,0434_019,IRAN,nuclear_program,3,False,True
aftermath_jun-jul,0434_022,IRAN,nuclear_program,1,False,True
aftermath_jun-jul,0434_024,IRAN,nuclear_program,17,False,False
aftermath_jun-jul,0434_025,IAEA,military_action,18,False,False
aftermath_jun-jul,0434_025,IAEA,nuclear_program,10,False,False
aftermath_jun-jul,0434_025,GROSSI,military_action,14,False,False
aftermath_jun-jul,0434_025,GROSSI,nuclear_program,6,False,False
aftermath_jun-jul,0434_025,IRAN,military_action,11,False,False
aftermath_jun-jul,0434_025,IRAN,nuclear_program,3,False,False
aftermath_jun-jul,0434_026,IRAN,nuclear_program,7,False,False
aftermath_jun-jul,0435_002,ISRAEL,military_action,5,False,True
aftermath_jun-jul,0435_002,ISRAEL,diplomacy,4,False,True
aftermath_jun-jul,0435_002,ISRAEL,strike_claims,10,False,True
aftermath_jun-jul,0435_002,USA,military_action,1,False,True
aftermath_jun-jul,0435_002,USA,diplomacy,6,False,True
aftermath_jun-jul,0435_002,USA,strike_claims,6,False,True
aftermath_jun-jul,0435_002,IRAN,military_action,0,False,True
aftermath_jun-jul,0435_002,IRAN,diplomacy,11,False,True
aftermath_jun-jul,0435_002,IRAN,strike_claims,3,False,True
aftermath_jun-jul,0435_002,EU,military_action,57,False,True
aftermath_jun-jul,0435_002,EU,diplomacy,16,False,True
aftermath_jun-jul,0435_002,EU,strike_claims,62,False,True
aftermath_jun-jul,0435_002,PEZESHKIAN,military_action,11,False,True
aftermath_jun-jul,0435_002,PEZESHKIAN,diplomacy,62,False,True
aftermath_jun-jul,0435_002,PEZESHKIAN,strike_claims,16,False,True
aftermath_jun-jul,0435_003,PEZESHKIAN,military_action,15,True,True
aftermath_jun-jul,0435_003,PEZESHKIAN,nuclear_program,19,True,True
aftermath_jun-jul,0435_003,IAEA,military_action,4,True,True
aftermath_jun-jul,0435_003,IAEA,nuclear_program,8,True,True
aftermath_jun-jul,0435_003,IRAN,military_action,1,False,True
aftermath_jun-jul,0435_003,IRAN,nuclear_program,0,False,True
aftermath_jun-jul,0435_004,IRAN,nuclear_program,0,False,True
aftermath_jun-jul,0435_004,PEZESHKIAN,nuclear_program,0,False,True
aftermath_jun-jul,0435_006,IRAN,military_action,7,False,False
aftermath_jun-jul,0435_006,ISRAEL,military_action,0,False,False
aftermath_jun-jul,0436_004,IRAN,nuclear_program,8,False,False
aftermath_jun-jul,0436_010,ARAGHCHI,military_action,47,False,True
aftermath_jun-jul,0436_010,ARAGHCHI,nuclear_program,51,False,True
aftermath_jun-jul,0436_010,ARAGHCHI,strike_claims,15,False,True
aftermath_jun-jul,0436_010,IAEA,military_action,12,False,True
aftermath_jun-jul,0436_010,IAEA,nuclear_program,16,False,True
aftermath_jun-jul,0436_010,IAEA,strike_claims,14,False,True
aftermath_jun-jul,0436_012,ARAGHCHI,diplomacy,14,True,True
aftermath_jun-jul,0436_014,ARAGHCHI,diplomacy,13,False,True
aftermath_jun-jul,0436_014,UK,diplomacy,11,False,True
aftermath_jun-jul,0436_014,FRANCE,diplomacy,10,False,True
aftermath_jun-jul,0436_014,GERMANY,diplomacy,8,False,True
aftermath_jun-jul,0436_014,IRAN,diplomacy,7,False,True
aftermath_jun-jul,0436_014,EU,diplomacy,38,False,True
aftermath_jun-jul,0436_015,ARAGHCHI,military_action,29,True,True
aftermath_jun-jul,0436_015,ARAGHCHI,nuclear_program,33,True,True
aftermath_jun-jul,0436_015,EU,military_action,26,False,True
aftermath_jun-jul,0436_015,EU,nuclear_program,30,False,True
aftermath_jun-jul,0436_015,USA,military_action,1,False,True
aftermath_jun-jul,0436_015,USA,nuclear_program,5,False,True
aftermath_jun-jul,0436_015,IRAN,military_action,1,False,True
aftermath_jun-jul,0436_015,IRAN,nuclear_program,0,False,True
aftermath_jun-jul,0436_016,EU,diplomacy,24,False,True
aftermath_jun-jul,0436_016,USA,diplomacy,19,False,True
aftermath_jun-jul,0436_016,ARAGHCHI,diplomacy,1,True,True
aftermath_jun-jul,0436_018,USA,military_action,0,True,True
aftermath_jun-jul,0436_018,USA,nuclear_program,4,True,True
aftermath_jun-jul,0436_018,IRAN,military_action,2,False,True
aftermath_jun-jul,0436_018,IRAN,nuclear_program,0,False,True
aftermath_jun-jul,0436_018,ARAGHCHI,military_action,5,False,True
aftermath_jun-jul,0436_018,ARAGHCHI,nuclear_program,0,False,True
aftermath_jun-jul,0436_018,ISRAEL,military_action,10,False,True
aftermath_jun-jul,0436_018,ISRAEL,nuclear_program,5,False,True
aftermath_jun-jul,0436_019,USA,diplomacy,1,True,True
aftermath_jun-jul,0436_019,ARAGHCHI,diplomacy,14,True,True
aftermath_jun-jul,0436_021,IRAN,military_action,6,False,False
aftermath_jun-jul,0436_021,IRAN,nuclear_program,5,False,False
aftermath_jun-jul,0436_021,IRAN,diplomacy,11,False,False
aftermath_jun-jul,0436_021,ARAGHCHI,military_action,25,False,False
aftermath_jun-jul,0436_021,ARAGHCHI,nuclear_program,19,False,False
aftermath_jun-jul,0436_021,ARAGHCHI,diplomacy,13,False,False
aftermath_jun-jul,0436_021,ISRAEL,military_action,1,False,False
aftermath_jun-jul,0436_021,ISRAEL,nuclear_program,47,False,False
aftermath_jun-jul,0436_021,ISRAEL,diplomacy,41,False,False
aftermath_jun-jul,0436_023,IRAN,diplomacy,16,False,True
aftermath_jun-jul,0436_023,ARAGHCHI,diplomacy,18,True,True
aftermath_jun-jul,0436_025,IRAN,military_action,4,False,False
aftermath_jun-jul,0436_025,IRAN,nuclear_program,2,False,False
aftermath_jun-jul,0436_025,ARAGHCHI,military_action,0,False,False
aftermath_jun-jul,0436_025,ARAGHCHI,nuclear_program,16,False,False
aftermath_jun-jul,0436_025,ISRAEL,military_action,11,False,False
aftermath_jun-jul,0436_025,ISRAEL,nuclear_program,5,False,False
aftermath_jun-jul,0436_026,IRAN,nuclear_program,0,True,True
aftermath_jun-jul,0436_027,ARAGHCHI,nuclear_program,11,True,True
aftermath_jun-jul,0436_027,IRAN,nuclear_program,1,False,True
aftermath_jun-jul,0437_003,ISRAEL,strike_claims,6,False,False
aftermath_jun-jul,0437_003,USA,strike_claims,10,False,False
aftermath_jun-jul,0437_003,IRAN,strike_claims,22,False,False
aftermath_jun-jul,0437_003,IAEA,strike_claims,41,False,False
aftermath_jun-jul,0437_007,ISRAEL,military_action,1,False,False
aftermath_jun-jul,0437_007,IRAN,military_action,0,False,False
aftermath_jun-jul,0437_008,IRAN,military_action,11,False,False
aftermath_jun-jul,0437_011,ISRAEL,military_action,2,False,False
aftermath_jun-jul,0437_013,USA,military_action,6,False,False
aftermath_jun-jul,0437_013,IRAN,military_action,2,False,False
aftermath_jun-jul,0438_000,IRAN,nuclear_program,5,False,False
aftermath_jun-jul,0438_000,ARAGHCHI,nuclear_program,0,False,False
aftermath_jun-jul,0438_002,IRAN,nuclear_program,4,False,False
aftermath_jun-jul,0438_002,ARAGHCHI,nuclear_program,5,False,False
aftermath_jun-jul,0438_007,IRAN,nuclear_program,4,False,False
aftermath_jun-jul,0438_019,ISRAEL,military_action,2,False,False
aftermath_jun-jul,0438_019,ISRAEL,nuclear_program,17,False,False
aftermath_jun-jul,0438_019,USA,military_action,0,False,False
aftermath_jun-jul,0438_019,USA,nuclear_program,9,False,False
aftermath_jun-jul,0438_019,IRAN,military_action,6,False,False
aftermath_jun-jul,0438_019,IRAN,nuclear_program,1,False,False
aftermath_jun-jul,0438_019,ARAGHCHI,military_action,17,False,False
aftermath_jun-jul,0438_019,ARAGHCHI,nuclear_program,3,False,False
aftermath_jun-jul,0438_026,IRAN,deterrence,11,False,True
aftermath_jun-jul,0438_026,ARAGHCHI,deterrence,5,False,True
aftermath_jun-jul,0438_026,ISRAEL,deterrence,1,False,True
aftermath_jun-jul,0438_026,USA,deterrence,3,False,True
aftermath_jun-jul,0438_027,USA,nuclear_program,10,False,False
aftermath_jun-jul,0438_027,USA,diplomacy,6,False,False
aftermath_jun-jul,0438_027,IRAN,nuclear_program,0,False,False
aftermath_jun-jul,0438_027,IRAN,diplomacy,2,False,False
aftermath_jun-jul,0438_029,IRAN,nuclear_program,3,False,False
aftermath_jun-jul,0439_002,IRAN,nuclear_program,0,False,True
aftermath_jun-jul,0439_003,ISRAEL,military_action,11,False,False
aftermath_jun-jul,0439_003,IRAN,military_action,3,False,False
aftermath_jun-jul,0439_004,USA,military_action,13,False,False
aftermath_jun-jul,0439_004,ISRAEL,military_action,12,False,False
aftermath_jun-jul,0439_004,IRAN,military_action,5,False,False
aftermath_jun-jul,0439_006,ISRAEL,nuclear_program,9,False,False
aftermath_jun-jul,0439_006,IRAN,nuclear_program,2,False,False
aftermath_jun-jul,0440_001,RUSSIA,nuclear_program,11,False,False
aftermath_jun-jul,0440_001,RUSSIA,diplomacy,3,False,False
aftermath_jun-jul,0440_001,USA,nuclear_program,3,False,False
aftermath_jun-jul,0440_001,USA,diplomacy,8,False,False
aftermath_jun-jul,0440_001,IRAN,nuclear_program,3,False,False
aftermath_jun-jul,0440_001,IRAN,diplomacy,2,False,False
aftermath_jun-jul,0440_003,USA,nuclear_program,12,False,False
aftermath_jun-jul,0440_003,USA,diplomacy,1,False,False
aftermath_jun-jul,0440_003,IRAN,nuclear_program,0,False,False
aftermath_jun-jul,0440_003,IRAN,diplomacy,13,False,False
aftermath_jun-jul,0440_004,USA,nuclear_program,2,False,False
aftermath_jun-jul,0440_004,RUSSIA,nuclear_program,15,False,False
aftermath_jun-jul,0440_004,PUTIN,nuclear_program,12,False,False
aftermath_jun-jul,0440_004,IRAN,nuclear_program,1,False,False
aftermath_jun-jul,0440_005,RUSSIA,nuclear_program,12,False,False
aftermath_jun-jul,0440_005,RUSSIA,diplomacy,18,False,False
aftermath_jun-jul,0440_006,RUSSIA,diplomacy,5,False,False
aftermath_jun-jul,0440_010,RUSSIA,nuclear_program,14,False,False
aftermath_jun-jul,0440_010,RUSSIA,diplomacy,15,False,False
aftermath_jun-jul,0440_010,PUTIN,nuclear_program,5,False,False
aftermath_jun-jul,0440_010,PUTIN,diplomacy,6,False,False
aftermath_jun-jul,0440_010,IRAN,nuclear_program,3,False,False
aftermath_jun-jul,0440_010,IRAN,diplomacy,4,False,False
aftermath_jun-jul,0440_010,USA,nuclear_program,4,False,False
aftermath_jun-jul,0440_010,USA,diplomacy,2,False,False
aftermath_jun-jul,0440_011,RUSSIA,nuclear_program,2,True,True
aftermath_jun-jul,0440_011,USA,nuclear_program,5,False,True
aftermath_jun-jul,0440_011,IRAN,nuclear_program,0,False,True
aftermath_jun-jul,0441_000,EU,diplomacy,0,False,False
aftermath_jun-jul,0441_000,IRAN,diplomacy,12,False,False
aftermath_jun-jul,0441_002,IRAN,strike_claims,9,True,True
aftermath_jun-jul,0441_002,EU,strike_claims,24,False,True
aftermath_jun-jul,0441_002,ISRAEL,strike_claims,16,False,True
aftermath_jun-jul,0441_002,USA,strike_claims,11,False,True
aftermath_jun-jul,0441_004,EU,deterrence,0,False,False
aftermath_jun-jul,0441_004,EU,diplomacy,4,False,False
aftermath_jun-jul,0441_004,IRAN,deterrence,6,False,False
aftermath_jun-jul,0441_004,IRAN,diplomacy,2,False,False
aftermath_jun-jul,0441_005,IRAN,military_action,1,True,True
aftermath_jun-jul,0441_005,IRAN,diplomacy,6,True,True
aftermath_jun-jul,0441_005,EU,military_action,21,False,True
aftermath_jun-jul,0441_005,EU,diplomacy,15,False,True
aftermath_jun-jul,0441_006,IRAN,diplomacy,13,False,False
aftermath_jun-jul,0441_006,UN_SECURITY_COUNCIL,diplomacy,7,False,False
aftermath_jun-jul,0441_007,IRAN,diplomacy,5,True,True
aftermath_jun-jul,0441_007,USA,diplomacy,10,False,True
aftermath_jun-jul,0441_009,EU,nuclear_program,40,False,False
aftermath_jun-jul,0441_009,EU,diplomacy,6,False,False
aftermath_jun-jul,0441_009,USA,nuclear_program,6,False,False
aftermath_jun-jul,0441_009,USA,diplomacy,1,False,False
aftermath_jun-jul,0441_009,ISRAEL,nuclear_program,25,False,False
aftermath_jun-jul,0441_009,ISRAEL,diplomacy,7,False,False
aftermath_jun-jul,0441_009,IRAN,nuclear_program,1,False,False
aftermath_jun-jul,0441_009,IRAN,diplomacy,11,False,False
aftermath_jun-jul,0441_012,IRAN,diplomacy,12,False,False
aftermath_jun-jul,0441_012,UN_SECURITY_COUNCIL,diplomacy,8,False,False
aftermath_jun-jul,0441_013,IRAN,diplomacy,2,True,True
aftermath_jun-jul,0441_013,USA,diplomacy,10,False,True
aftermath_jun-jul,0441_013,EU,diplomacy,25,False,True
aftermath_jun-jul,0441_015,IRAN,diplomacy,24,False,True
aftermath_jun-jul,0441_015,ISRAEL,diplomacy,12,False,True
aftermath_jun-jul,0441_015,EU,diplomacy,20,False,True
aftermath_jun-jul,0441_017,IRAN,nuclear_program,0,False,False
aftermath_jun-jul,0441_017,ISRAEL,nuclear_program,3,False,False
aftermath_jun-jul,0441_017,USA,nuclear_program,6,False,False
aftermath_jun-jul,0441_018,IRAN,military_action,1,True,True
aftermath_jun-jul,0441_018,IRAN,nuclear_program,0,True,True
aftermath_jun-jul,0441_019,IRAN,nuclear_program,4,False,False
aftermath_jun-jul,0441_019,IAEA,nuclear_program,0,False,False
aftermath_jun-jul,0441_021,IAEA,nuclear_program,0,False,False
aftermath_jun-jul,0441_021,IAEA,diplomacy,13,False,False
aftermath_jun-jul,0441_021,IRAN,nuclear_program,2,False,False
aftermath_jun-jul,0441_021,IRAN,diplomacy,9,False,False
aftermath_jun-jul,0441_022,IRAN,military_action,18,True,True
aftermath_jun-jul,0441_022,ISRAEL,military_action,2,False,True
aftermath_jun-jul,0441_022,USA,military_action,0,False,True
aftermath_jun-jul,0441_025,IRAN,diplomacy,4,False,False
aftermath_jun-jul,0442_004,IRAN,diplomacy,0,False,False
aftermath_jun-jul,0442_006,EU,deterrence,1,False,False
aftermath_jun-jul,0442_006,IRAN,deterrence,11,False,False
aftermath_jun-jul,0442_007,IRAN,diplomacy,24,True,True
aftermath_jun-jul,0442_008,IRAN,military_action,1,True,True
aftermath_jun-jul,0442_008,IRAN,diplomacy,9,True,True
aftermath_jun-jul,0442_008,USA,military_action,3,False,True
aftermath_jun-jul,0442_008,USA,diplomacy,12,False,True
aftermath_jun-jul,0442_008,ISRAEL,military_action,1,False,True
aftermath_jun-jul,0442_008,ISRAEL,diplomacy,14,False,True
aftermath_jun-jul,0442_009,ISRAEL,military_action,10,False,True
aftermath_jun-jul,0442_009,ISRAEL,nuclear_program,26,False,True
aftermath_jun-jul,0442_009,ISRAEL,diplomacy,49,False,True
aftermath_jun-jul,0442_009,ISRAEL,strike_claims,8,False,True
aftermath_jun-jul,0442_009,IRAN,military_action,12,False,True
aftermath_jun-jul,0442_009,IRAN,nuclear_program,0,False,True
aftermath_jun-jul,0442_009,IRAN,diplomacy,6,False,True
aftermath_jun-jul,0442_009,IRAN,strike_claims,6,False,True
aftermath_jun-jul,0442_011,IRAN,diplomacy,6,False,True
aftermath_jun-jul,0442_011,EU,diplomacy,7,False,True
aftermath_jun-jul,0442_011,RUSSIA,diplomacy,10,False,True
aftermath_jun-jul,0442_011,CHINA,diplomacy,11,False,True
aftermath_jun-jul,0442_011,USA,diplomacy,15,False,True
aftermath_jun-jul,0442_012,USA,diplomacy,6,False,False
aftermath_jun-jul,0442_012,IRAN,diplomacy,1,False,False
aftermath_jun-jul,0442_013,IRAN,diplomacy,10,False,False
aftermath_jun-jul,0442_013,USA,diplomacy,5,False,False
aftermath_jun-jul,0442_014,IRAN,diplomacy,2,True,True
aftermath_jun-jul,0442_014,UN_SECURITY_COUNCIL,diplomacy,7,False,True
aftermath_jun-jul,0442_014,USA,diplomacy,13,False,True
aftermath_jun-jul,0442_016,ISRAEL,diplomacy,13,False,False
aftermath_jun-jul,0442_016,IRAN,diplomacy,20,False,False
aftermath_jun-jul,0442_016,USA,diplomacy,6,False,False
aftermath_jun-jul,0442_018,IRAN,military_action,0,False,True
aftermath_jun-jul,0442_018,IRAN,nuclear_program,0,False,True
aftermath_jun-jul,0442_018,IAEA,military_action,5,False,True
aftermath_jun-jul,0442_018,IAEA,nuclear_program,7,False,True
aftermath_jun-jul,0442_018,USA,military_action,2,False,True
aftermath_jun-jul,0442_018,USA,nuclear_program,4,False,True
aftermath_jun-jul,0442_018,ISRAEL,military_action,0,False,True
aftermath_jun-jul,0442_018,ISRAEL,nuclear_program,2,False,True
aftermath_jun-jul,0442_019,IRAN,nuclear_program,9,True,True
aftermath_jun-jul,0442_019,IRAN,strike_claims,17,True,True
aftermath_jun-jul,0442_019,IAEA,nuclear_program,32,False,True
aftermath_jun-jul,0442_019,IAEA,strike_claims,23,False,True
aftermath_jun-jul,0442_019,ISRAEL,nuclear_program,20,False,True
aftermath_jun-jul,0442_019,ISRAEL,strike_claims,11,False,True
aftermath_jun-jul,0442_019,USA,nuclear_program,16,False,True
aftermath_jun-jul,0442_019,USA,strike_claims,7,False,True
aftermath_jun-jul,0442_023,IRAN,nuclear_program,0,True,True
aftermath_jun-jul,0442_024,IRAN,nuclear_program,0,False,False
aftermath_jun-jul,0442_024,UK,nuclear_program,9,False,False
aftermath_jun-jul,0442_024,FRANCE,nuclear_program,8,False,False
aftermath_jun-jul,0442_024,GERMANY,nuclear_program,6,False,False
aftermath_jun-jul,0443_001,ISRAEL,military_action,1,True,True
aftermath_jun-jul,0443_004,PEZESHKIAN,diplomacy,18,False,False
aftermath_jun-jul,0443_004,IRAN,diplomacy,5,False,False
aftermath_jun-jul,0443_007,ISRAEL,military_action,3,True,True
aftermath_jun-jul,0443_007,IRAN,military_action,1,False,True
aftermath_jun-jul,0443_009,USA,military_action,5,False,False
aftermath_jun-jul,0443_009,USA,nuclear_program,8,False,False
aftermath_jun-jul,0443_009,IRAN,military_action,5,False,False
aftermath_jun-jul,0443_009,IRAN,nuclear_program,1,False,False
aftermath_jun-jul,0443_010,IRAN,military_action,14,False,False
aftermath_jun-jul,0443_010,IRAN,nuclear_program,0,False,False
aftermath_jun-jul,0443_010,IRAN,diplomacy,17,False,False
aftermath_jun-jul,0443_010,ARAGHCHI,military_action,23,False,False
aftermath_jun-jul,0443_010,ARAGHCHI,nuclear_program,9,False,False
aftermath_jun-jul,0443_010,ARAGHCHI,diplomacy,26,False,False
aftermath_jun-jul,0443_010,USA,military_action,3,False,False
aftermath_jun-jul,0443_010,USA,nuclear_program,3,False,False
aftermath_jun-jul,0443_010,USA,diplomacy,6,False,False
aftermath_jun-jul,0444_000,CHINA,nuclear_program,18,False,False
aftermath_jun-jul,0444_000,IRAN,nuclear_program,1,False,False
aftermath_jun-jul,0444_001,CHINA,diplomacy,10,False,False
aftermath_jun-jul,0444_003,CHINA,nuclear_program,33,False,True
aftermath_jun-jul,0444_003,CHINA,deterrence,28,False,True
aftermath_jun-jul,0444_003,CHINA,diplomacy,9,False,True
aftermath_jun-jul,0444_003,IRAN,nuclear_program,0,False,True
aftermath_jun-jul,0444_003,IRAN,deterrence,1,False,True
aftermath_jun-jul,0444_003,IRAN,diplomacy,19,False,True
aftermath_jun-jul,0444_005,ISRAEL,military_action,17,False,False
aftermath_jun-jul,0444_005,ISRAEL,nuclear_program,20,False,False
aftermath_jun-jul,0444_005,USA,military_action,1,False,False
aftermath_jun-jul,0444_005,USA,nuclear_program,4,False,False
aftermath_jun-jul,0444_005,IRAN,military_action,1,False,False
aftermath_jun-jul,0444_005,IRAN,nuclear_program,0,False,False
aftermath_jun-jul,0444_006,IRAN,military_action,13,False,False
aftermath_jun-jul,0444_006,IRAN,diplomacy,1,False,False
aftermath_jun-jul,0444_006,IRAN,strike_claims,8,False,False
aftermath_jun-jul,0444_006,USA,military_action,15,False,False
aftermath_jun-jul,0444_006,USA,diplomacy,0,False,False
aftermath_jun-jul,0444_006,USA,strike_claims,10,False,False
aftermath_jun-jul,0444_008,CHINA,nuclear_program,33,False,True
aftermath_jun-jul,0444_008,CHINA,deterrence,28,False,True
aftermath_jun-jul,0444_008,CHINA,diplomacy,9,False,True
aftermath_jun-jul,0444_008,IRAN,nuclear_program,0,False,True
aftermath_jun-jul,0444_008,IRAN,deterrence,1,False,True
aftermath_jun-jul,0444_008,IRAN,diplomacy,19,False,True
aftermath_jun-jul,0445_002,ISRAEL,military_action,3,False,False
aftermath_jun-jul,0445_002,ARAGHCHI,military_action,14,False,False
aftermath_jun-jul,0445_002,USA,military_action,1,False,False
aftermath_jun-jul,0445_002,IRAN,military_action,1,False,False
aftermath_jun-jul,0445_003,ARAGHCHI,strike_claims,13,True,True
aftermath_jun-jul,0445_003,ISRAEL,strike_claims,6,False,True
aftermath_jun-jul,0445_004,IRAN,nuclear_program,9,False,False
aftermath_jun-jul,0445_004,ISRAEL,nuclear_program,27,False,False
aftermath_jun-jul,0445_004,USA,nuclear_program,25,False,False
aftermath_jun-jul,0445_004,ARAGHCHI,nuclear_program,22,False,False
aftermath_jun-jul,0445_005,ARAGHCHI,strike_claims,13,True,True
aftermath_jun-jul,0445_006,ARAGHCHI,military_action,10,False,True
aftermath_jun-jul,0445_006,ISRAEL,military_action,1,False,True
aftermath_jun-jul,0445_006,IRAN,military_action,0,False,True
aftermath_jun-jul,0445_008,ARAGHCHI,nuclear_program,18,False,False
aftermath_jun-jul,0445_008,ARAGHCHI,diplomacy,28,False,False
aftermath_jun-jul,0445_008,ARAGHCHI,strike_claims,6,False,False
aftermath_jun-jul,0445_008,IRAN,nuclear_program,14,False,False
aftermath_jun-jul,0445_008,IRAN,diplomacy,4,False,False
aftermath_jun-jul,0445_008,IRAN,strike_claims,10,False,False
aftermath_jun-jul,0445_008,USA,nuclear_program,11,False,False
aftermath_jun-jul,0445_008,USA,diplomacy,4,False,False
aftermath_jun-jul,0445_008,USA,strike_claims,13,False,False
aftermath_jun-jul,0445_008,ISRAEL,nuclear_program,44,False,False
aftermath_jun-jul,0445_008,ISRAEL,diplomacy,13,False,False
aftermath_jun-jul,0445_008,ISRAEL,strike_claims,78,False,False
aftermath_jun-jul,0445_008,EU,nuclear_program,11,False,False
aftermath_jun-jul,0445_008,EU,diplomacy,18,False,False
aftermath_jun-jul,0445_008,EU,strike_claims,5,False,False
aftermath_jun-jul,0445_008,IAEA,nuclear_program,0,False,False
aftermath_jun-jul,0445_008,IAEA,diplomacy,25,False,False
aftermath_jun-jul,0445_008,IAEA,strike_claims,25,False,False
aftermath_jun-jul,0445_010,IRAN,nuclear_program,0,False,False
aftermath_jun-jul,0445_011,IRAN,deterrence,13,False,False
aftermath_jun-jul,0445_011,IRAN,diplomacy,12,False,False
aftermath_jun-jul,0446_012,ISRAEL,military_action,8,False,False
aftermath_jun-jul,0446_012,ISRAEL,deterrence,13,False,False
aftermath_jun-jul,0446_012,ISRAEL,strike_claims,16,False,False
aftermath_jun-jul,0446_012,IRAN,military_action,3,False,False
aftermath_jun-jul,0446_012,IRAN,deterrence,1,False,False
aftermath_jun-jul,0446_012,IRAN,strike_claims,0,False,False
aftermath_jun-jul,0446_016,ISRAEL,military_action,12,False,False
aftermath_jun-jul,0446_016,ISRAEL,nuclear_program,32,False,False
aftermath_jun-jul,0446_016,IRAN,military_action,0,False,False
aftermath_jun-jul,0446_016,IRAN,nuclear_program,1,False,False
aftermath_jun-jul,0446_016,USA,military_action,10,False,False
aftermath_jun-jul,0446_016,USA,nuclear_program,8,False,False
aftermath_jun-jul,0446_018,IRAN,military_action,0,False,False
aftermath_jun-jul,0446_019,ISRAEL,military_action,2,False,False
aftermath_jun-jul,0446_020,USA,military_action,0,False,False
aftermath_jun-jul,0446_020,IRAN,military_action,0,False,False
aftermath_jun-jul,0446_020,QATAR,military_action,14,False,False
aftermath_jun-jul,0447_000,IRAN,diplomacy,8,False,False
aftermath_jun-jul,0447_000,ARAGHCHI,diplomacy,3,False,False
aftermath_jun-jul,0447_000,ISRAEL,diplomacy,5,False,False
aftermath_jun-jul,0447_002,ARAGHCHI,military_action,19,False,True
aftermath_jun-jul,0447_002,ARAGHCHI,nuclear_program,11,False,True
aftermath_jun-jul,0447_002,ARAGHCHI,diplomacy,7,False,True
aftermath_jun-jul,0447_002,CHINA,military_action,30,False,True
aftermath_jun-jul,0447_002,CHINA,nuclear_program,22,False,True
aftermath_jun-jul,0447_002,CHINA,diplomacy,18,False,True
aftermath_jun-jul,0447_002,IRAN,military_action,9,False,True
aftermath_jun-jul,0447_002,IRAN,nuclear_program,1,False,True
aftermath_jun-jul,0447_002,IRAN,diplomacy,1,False,True
aftermath_jun-jul,0447_002,ISRAEL,military_action,3,False,True
aftermath_jun-jul,0447_002,ISRAEL,nuclear_program,2,False,True
aftermath_jun-jul,0447_002,ISRAEL,diplomacy,7,False,True
aftermath_jun-jul,0447_002,USA,military_action,1,False,True
aftermath_jun-jul,0447_002,USA,nuclear_program,4,False,True
aftermath_jun-jul,0447_002,USA,diplomacy,9,False,True
aftermath_jun-jul,0447_004,ISRAEL,military_action,2,False,False
aftermath_jun-jul,0447_004,USA,military_action,0,False,False
aftermath_jun-jul,0447_004,IRAN,military_action,1,False,False
aftermath_jun-jul,0447_004,ARAGHCHI,military_action,2,False,False
aftermath_jun-jul,0447_014,ISRAEL,diplomacy,3,False,False
aftermath_jun-jul,0447_015,IRAN,diplomacy,3,False,True
aftermath_jun-jul,0447_024,USA,diplomacy,1,False,False
aftermath_jun-jul,0447_024,IRAN,diplomacy,6,False,False
aftermath_jun-jul,0447_031,USA,deterrence,5,False,True
aftermath_jun-jul,0447_031,USA,diplomacy,10,False,True
aftermath_jun-jul,0447_031,ARAGHCHI,deterrence,5,True,True
aftermath_jun-jul,0447_031,ARAGHCHI,diplomacy,1,True,True
aftermath_jun-jul,0447_033,ARAGHCHI,military_action,3,False,False
aftermath_jun-jul,0447_033,ARAGHCHI,nuclear_program,21,False,False
aftermath_jun-jul,0447_033,ARAGHCHI,deterrence,15,False,False
aftermath_jun-jul,0447_033,IRAN,military_action,1,False,False
aftermath_jun-jul,0447_033,IRAN,nuclear_program,0,False,False
aftermath_jun-jul,0447_033,IRAN,deterrence,3,False,False
aftermath_jun-jul,0447_037,ARAGHCHI,diplomacy,0,True,True
aftermath_jun-jul,0447_045,ARAGHCHI,diplomacy,3,False,False
aftermath_jun-jul,0447_045,ISRAEL,diplomacy,1,False,False
aftermath_jun-jul,0447_045,IRAN,diplomacy,5,False,False
aftermath_jun-jul,0447_046,ISRAEL,diplomacy,1,False,False
aftermath_jun-jul,0447_046,IRAN,diplomacy,4,False,False
aftermath_jun-jul,0447_046,ARAGHCHI,diplomacy,9,False,False
aftermath_jun-jul,0448_002,PEZESHKIAN,strike_claims,8,False,True
aftermath_jun-jul,0448_002,IRAN,strike_claims,3,False,True
aftermath_jun-jul,0448_003,ISRAEL,diplomacy,11,False,True
aftermath_jun-jul,0448_003,EU,diplomacy,3,False,True
aftermath_jun-jul,0448_003,PEZESHKIAN,diplomacy,0,True,True
aftermath_jun-jul,0448_003,IRAN,diplomacy,3,False,True
aftermath_jun-jul,0448_005,ISRAEL,military_action,2,False,False
aftermath_jun-jul,0448_005,ISRAEL,strike_claims,2,False,False
aftermath_jun-jul,0448_006,USA,military_action,0,False,False
aftermath_jun-jul,0448_006,USA,diplomacy,2,False,False
aftermath_jun-jul,0448_006,IRAN,military_action,0,False,False
aftermath_jun-jul,0448_006,IRAN,diplomacy,6,False,False
aftermath_jun-jul,0448_006,PEZESHKIAN,military_action,10,False,False
aftermath_jun-jul,0448_006,PEZESHKIAN,diplomacy,16,False,False
aftermath_jun-jul,0448_007,PEZESHKIAN,nuclear_program,15,True,True
aftermath_jun-jul,0448_007,IAEA,nuclear_program,0,False,True
aftermath_jun-jul,0448_007,IRAN,nuclear_program,10,False,True
aftermath_jun-jul,0448_008,IAEA,nuclear_program,0,False,True
aftermath_jun-jul,0448_008,PEZESHKIAN,nuclear_program,13,True,True
aftermath_jun-jul,0448_010,PEZESHKIAN,nuclear_program,23,False,True
aftermath_jun-jul,0448_010,PEZESHKIAN,strike_claims,9,False,True
aftermath_jun-jul,0448_010,IRAN,nuclear_program,0,False,True
aftermath_jun-jul,0448_010,IRAN,strike_claims,4,False,True
aftermath_jun-jul,0449_001,IRAN,military_action,1,False,False
aftermath_jun-jul,0449_001,EU,military_action,8,False,False
aftermath_jun-jul,0449_001,ISRAEL,military_action,2,False,False
aftermath_jun-jul,0449_001,USA,military_action,0,False,False
aftermath_jun-jul,0449_003,IRAN,military_action,12,False,False
aftermath_jun-jul,0449_003,EU,military_action,3,False,False
aftermath_jun-jul,0449_005,ISRAEL,military_action,1,False,False
aftermath_jun-jul,0449_005,IRAN,military_action,0,False,False
aftermath_jun-jul,0449_006,IRAN,military_action,8,False,False
aftermath_jun-jul,0449_009,ISRAEL,military_action,2,False,False
aftermath_jun-jul,0449_011,USA,military_action,6,False,False
aftermath_jun-jul,0449_011,IRAN,military_action,2,False,False
aftermath_jun-jul,0449_014,IRAN,military_action,2,False,True
aftermath_jun-jul,0449_014,IRAN,nuclear_program,0,False,True
aftermath_jun-jul,0449_014,IRAN,diplomacy,5,False,True
aftermath_jun-jul,0449_014,USA,military_action,9,False,True
aftermath_jun-jul,0449_014,USA,nuclear_program,1,False,True
aftermath_jun-jul,0449_014,USA,diplomacy,1,False,True
aftermath_jun-jul,0449_014,ISRAEL,military_action,0,False,True
aftermath_jun-jul,0449_014,ISRAEL,nuclear_program,10,False,True
aftermath_jun-jul,0449_014,ISRAEL,diplomacy,18,False,True
aftermath_jun-jul,0449_016,OMAN,diplomacy,7,False,False
aftermath_jun-jul,0449_016,IRAN,diplomacy,1,False,False
aftermath_jun-jul,0449_016,USA,diplomacy,3,False,False
aftermath_jun-jul,0449_023,IRAN,military_action,1,False,False
aftermath_jun-jul,0449_023,EU,military_action,8,False,False
aftermath_jun-jul,0449_023,ISRAEL,military_action,2,False,False
aftermath_jun-jul,0449_023,USA,military_action,0,False,False
aftermath_jun-jul,0450_001,IRAN,military_action,1,False,True
aftermath_jun-jul,0450_001,IRAN,nuclear_program,0,False,True
aftermath_jun-jul,0450_001,RUSSIA,military_action,38,False,True
aftermath_jun-jul,0450_001,RUSSIA,nuclear_program,41,False,True
aftermath_jun-jul,0450_001,IAEA,military_action,5,False,True
aftermath_jun-jul,0450_001,IAEA,nuclear_program,8,False,True
aftermath_jun-jul,0450_001,UKRAINE,military_action,8,False,True
aftermath_jun-jul,0450_001,UKRAINE,nuclear_program,11,False,True
aftermath_jun-jul,0450_001,ISRAEL,military_action,2,False,True
aftermath_jun-jul,0450_001,ISRAEL,nuclear_program,5,False,True
aftermath_jun-jul,0450_001,USA,military_action,0,False,True
aftermath_jun-jul,0450_001,USA,nuclear_program,3,False,True
aftermath_jun-jul,0450_003,IRAN,military_action,3,False,True
aftermath_jun-jul,0450_006,IAEA,military_action,6,True,True
aftermath_jun-jul,0450_010,USA,military_action,12,False,False
aftermath_jun-jul,0450_010,ISRAEL,military_action,1,False,False
aftermath_jun-jul,0450_014,IRAN,military_action,1,False,False
aftermath_jun-jul,0450_014,IRAN,strike_claims,7,False,False
aftermath_jun-jul,0450_014,ISRAEL,military_action,1,False,False
aftermath_jun-jul,0450_014,ISRAEL,strike_claims,11,False,False
aftermath_jun-jul,0450_016,ISRAEL,military_action,19,False,False
aftermath_jun-jul,0450_016,IRAN,military_action,17,False,False
aftermath_jun-jul,0450_017,USA,military_action,5,False,False
aftermath_jun-jul,0450_017,USA,nuclear_program,8,False,False
aftermath_jun-jul,0450_017,IRAN,military_action,1,False,False
aftermath_jun-jul,0450_017,IRAN,nuclear_program,0,False,False
aftermath_jun-jul,0450_018,ISRAEL,military_action,7,False,False
aftermath_jun-jul,0450_018,ISRAEL,nuclear_program,39,False,False
aftermath_jun-jul,0450_018,ISRAEL,diplomacy,3,False,False
aftermath_jun-jul,0450_018,ISRAEL,strike_claims,26,False,False
aftermath_jun-jul,0450_018,IRAN,military_action,1,False,False
aftermath_jun-jul,0450_018,IRAN,nuclear_program,2,False,False
aftermath_jun-jul,0450_018,IRAN,diplomacy,5,False,False
aftermath_jun-jul,0450_018,IRAN,strike_claims,8,False,False
aftermath_jun-jul,0450_018,UKRAINE,military_action,30,False,False
aftermath_jun-jul,0450_018,UKRAINE,nuclear_program,0,False,False
aftermath_jun-jul,0450_018,UKRAINE,diplomacy,34,False,False
aftermath_jun-jul,0450_018,UKRAINE,strike_claims,10,False,False
aftermath_jun-jul,0451_003,IRAN,military_action,1,False,True
aftermath_jun-jul,0451_003,ISRAEL,military_action,4,False,True
aftermath_jun-jul,0451_003,GAZA,military_action,24,False,True
aftermath_jun-jul,0451_003,LEBANON,military_action,33,False,True
aftermath_jun-jul,0451_003,SYRIA,military_action,35,False,True
aftermath_jun-jul,0451_006,ARAGHCHI,diplomacy,13,False,False
aftermath_jun-jul,0451_006,ISRAEL,diplomacy,9,False,False
aftermath_jun-jul,0451_006,IRAN,diplomacy,4,False,False
aftermath_jun-jul,0451_006,USA,diplomacy,1,False,False
aftermath_jun-jul,0451_008,ARAGHCHI,military_action,18,True,True
aftermath_jun-jul,0451_008,ARAGHCHI,nuclear_program,29,True,True
aftermath_jun-jul,0451_008,ARAGHCHI,strike_claims,24,True,True
aftermath_jun-jul,0451_008,USA,military_action,14,False,True
aftermath_jun-jul,0451_008,USA,nuclear_program,25,False,True
aftermath_jun-jul,0451_008,USA,strike_claims,20,False,True
aftermath_jun-jul,0451_008,IRAN,military_action,11,False,True
aftermath_jun-jul,0451_008,IRAN,nuclear_program,22,False,True
aftermath_jun-jul,0451_008,IRAN,strike_claims,17,False,True
aftermath_jun-jul,0451_009,IRAN,military_action,5,False,True
aftermath_jun-jul,0451_009,ISRAEL,military_action,1,False,True
aftermath_jun-jul,0451_012,ARAGHCHI,military_action,21,False,False
aftermath_jun-jul,0451_012,ARAGHCHI,nuclear_program,25,False,False
aftermath_jun-jul,0451_012,ARAGHCHI,strike_claims,17,False,False
aftermath_jun-jul,0451_012,USA,military_action,18,False,False
aftermath_jun-jul,0451_012,USA,nuclear_program,22,False,False
aftermath_jun-jul,0451_012,USA,strike_claims,14,False,False
aftermath_jun-jul,0451_012,IRAN,military_action,14,False,False
aftermath_jun-jul,0451_012,IRAN,nuclear_program,18,False,False
aftermath_jun-jul,0451_012,IRAN,strike_claims,10,False,False
aftermath_jun-jul,0452_002,IRAN,diplomacy,5,False,True
aftermath_jun-jul,0452_002,USA,diplomacy,1,False,True
aftermath_jun-jul,0452_003,OMAN,military_action,33,False,False
aftermath_jun-jul,0452_003,ISRAEL,military_action,23,False,False
aftermath_jun-jul,0452_003,IRAN,military_action,1,False,False
aftermath_jun-jul,0452_012,IRAN,military_action,17,True,True
aftermath_jun-jul,0452_013,ISRAEL,strike_claims,13,False,False
aftermath_jun-jul,0452_014,ISRAEL,strike_claims,10,True,True
aftermath_jun-jul,0452_015,IRAN,deterrence,3,False,False
aftermath_jun-jul,0452_015,IRAN,diplomacy,23,False,False
aftermath_jun-jul,0452_015,TRUMP,deterrence,14,False,False
aftermath_jun-jul,0452_015,TRUMP,diplomacy,4,False,False
aftermath_jun-jul,0452_021,IAEA,military_action,8,False,False
aftermath_jun-jul,0452_021,IAEA,deterrence,10,False,False
aftermath_jun-jul,0452_022,ISRAEL,military_action,12,False,False
aftermath_jun-jul,0452_022,ISRAEL,strike_claims,21,False,False
aftermath_jun-jul,0452_024,IRAN,nuclear_program,1,False,False
aftermath_jun-jul,0452_024,ISRAEL,nuclear_program,14,False,False
aftermath_jun-jul,0452_027,IAEA,nuclear_program,0,False,False
aftermath_jun-jul,0452_027,IRAN,nuclear_program,5,False,False
aftermath_jun-jul,0452_028,IRAN,nuclear_program,0,False,False
aftermath_jun-jul,0452_029,IRAN,nuclear_program,3,True,True
aftermath_jun-jul,0452_029,IRAN,strike_claims,13,True,True
aftermath_jun-jul,0452_037,ISRAEL,strike_claims,6,False,False
aftermath_jun-jul,0452_042,IRAN,military_action,7,False,False
aftermath_jun-jul,0452_042,IRAN,nuclear_program,24,False,False
aftermath_jun-jul,0452_043,IRAN,military_action,42,False,False
aftermath_jun-jul,0452_043,UN_SECURITY_COUNCIL,military_action,33,False,False
aftermath_jun-jul,0452_043,ISRAEL,military_action,29,False,False
aftermath_jun-jul,0452_043,USA,military_action,24,False,False
aftermath_jun-jul,0452_045,IRAN,nuclear_program,5,True,True
aftermath_jun-jul,0452_045,IRAN,strike_claims,12,True,True
aftermath_jun-jul,0452_047,IRAN,diplomacy,15,False,False
aftermath_jun-jul,0452_050,IRAN,nuclear_program,2,False,True
aftermath_jun-jul,0452_052,ISRAEL,nuclear_program,4,False,True
aftermath_jun-jul,0452_057,IRAN,military_action,7,False,False
aftermath_jun-jul,0452_057,IRAN,nuclear_program,31,False,False
aftermath_jun-jul,0452_057,ISRAEL,military_action,2,False,False
aftermath_jun-jul,0452_057,ISRAEL,nuclear_program,20,False,False
aftermath_jun-jul,0452_057,USA,military_action,6,False,False
aftermath_jun-jul,0452_057,USA,nuclear_program,16,False,False
aftermath_jun-jul,0453_009,ISRAEL,military_action,12,False,False
aftermath_jun-jul,0453_009,ISRAEL,nuclear_program,32,False,False
aftermath_jun-jul,0453_009,IRAN,military_action,0,False,False
aftermath_jun-jul,0453_009,IRAN,nuclear_program,1,False,False
aftermath_jun-jul,0453_009,USA,military_action,10,False,False
aftermath_jun-jul,0453_009,USA,nuclear_program,8,False,False
aftermath_jun-jul,0453_011,IRAN,military_action,0,False,False
aftermath_jun-jul,0453_012,ISRAEL,military_action,2,False,False
aftermath_jun-jul,0453_013,USA,military_action,0,False,False
aftermath_jun-jul,0453_013,IRAN,military_action,0,False,False
aftermath_jun-jul,0453_013,QATAR,military_action,14,False,False
aftermath_jun-jul,0454_000,ARAGHCHI,diplomacy,9,False,False
aftermath_jun-jul,0454_000,IRAN,diplomacy,6,False,False
aftermath_jun-jul,0454_001,ARAGHCHI,military_action,18,True,True
aftermath_jun-jul,0454_001,ARAGHCHI,diplomacy,23,True,True
aftermath_jun-jul,0454_001,USA,military_action,4,False,True
aftermath_jun-jul,0454_001,USA,diplomacy,9,False,True
aftermath_jun-jul,0454_001,IRAN,military_action,1,False,True
aftermath_jun-jul,0454_001,IRAN,diplomacy,1,False,True
aftermath_jun-jul,0454_002,IRAN,diplomacy,3,False,False
aftermath_jun-jul,0454_006,USA,military_action,7,False,False
aftermath_jun-jul,0454_006,USA,diplomacy,3,False,False
aftermath_jun-jul,0454_008,USA,military_action,4,False,False
aftermath_jun-jul,0454_008,ARAGHCHI,military_action,4,False,False
aftermath_jun-jul,0454_009,ARAGHCHI,military_action,3,True,True
aftermath_jun-jul,0454_009,USA,military_action,0,False,True
aftermath_jun-jul,0454_009,IRAN,military_action,4,False,True
aftermath_jun-jul,0454_012,ARAGHCHI,nuclear_program,14,True,True
aftermath_jun-jul,0454_012,ARAGHCHI,strike_claims,22,True,True
aftermath_jun-jul,0454_013,ARAGHCHI,nuclear_program,15,False,False
aftermath_jun-jul,0454_013,ARAGHCHI,strike_claims,21,False,False
aftermath_jun-jul,0454_013,IAEA,nuclear_program,0,False,False
aftermath_jun-jul,0454_013,IAEA,strike_claims,5,False,False
aftermath_jun-jul,0454_015,IAEA,nuclear_program,16,False,True
aftermath_jun-jul,0454_015,IRAN,nuclear_program,1,False,True
aftermath_jun-jul,0454_015,ARAGHCHI,nuclear_program,0,True,True
aftermath_jun-jul,0454_017,ARAGHCHI,military_action,16,False,True
aftermath_jun-jul,0454_017,ARAGHCHI,nuclear_program,23,False,True
aftermath_jun-jul,0454_017,ARAGHCHI,strike_claims,5,False,True
aftermath_jun-jul,0454_017,IAEA,military_action,6,False,True
aftermath_jun-jul,0454_017,IAEA,nuclear_program,0,False,True
aftermath_jun-jul,0454_017,IAEA,strike_claims,17,False,True
aftermath_jun-jul,0454_017,USA,military_action,37,False,True
aftermath_jun-jul,0454_017,USA,nuclear_program,30,False,True
aftermath_jun-jul,0454_017,USA,strike_claims,11,False,True
aftermath_jun-jul,0454_017,IRAN,military_action,48,False,True
aftermath_jun-jul,0454_017,IRAN,nuclear_program,41,False,True
aftermath_jun-jul,0454_017,IRAN,strike_claims,22,False,True
aftermath_jun-jul,0454_018,ARAGHCHI,deterrence,6,True,True
aftermath_jun-jul,0454_018,ARAGHCHI,diplomacy,9,True,True
aftermath_jun-jul,0454_019,ARAGHCHI,military_action,32,True,True
aftermath_jun-jul,0454_019,ARAGHCHI,nuclear_program,44,True,True
aftermath_jun-jul,0454_019,ARAGHCHI,diplomacy,19,True,True
aftermath_jun-jul,0454_019,EU,military_action,25,False,True
aftermath_jun-jul,0454_019,EU,nuclear_program,37,False,True
aftermath_jun-jul,0454_019,EU,diplomacy,12,False,True
aftermath_jun-jul,0454_019,IRAN,military_action,9,False,True
aftermath_jun-jul,0454_019,IRAN,nuclear_program,1,False,True
aftermath_jun-jul,0454_019,IRAN,diplomacy,21,False,True
aftermath_jun-jul,0454_021,ARAGHCHI,nuclear_program,12,False,False
aftermath_jun-jul,0454_021,IRAN,nuclear_program,9,False,False
aftermath_jun-jul,0454_023,ARAGHCHI,military_action,31,True,True
aftermath_jun-jul,0454_023,ARAGHCHI,nuclear_program,18,True,True
aftermath_jun-jul,0454_023,ARAGHCHI,strike_claims,0,True,True
aftermath_jun-jul,0454_024,IRAN,nuclear_program,3,False,False
aftermath_jun-jul,0454_027,IRAN,diplomacy,5,False,False
aftermath_jun-jul,0455_001,IRAN,military_action,1,False,False
aftermath_jun-jul,0455_001,USA,military_action,2,False,False
aftermath_jun-jul,0455_002,IRAN,military_action,23,False,False
aftermath_jun-jul,0455_002,USA,military_action,11,False,False
aftermath_jun-jul,0455_005,ISRAEL,military_action,14,False,False
aftermath_jun-jul,0455_005,IRAN,military_action,1,False,False
aftermath_jun-jul,0455_005,USA,military_action,3,False,False
aftermath_jun-jul,0455_007,USA,nuclear_program,82,False,False
aftermath_jun-jul,0455_007,USA,strike_claims,18,False,False
aftermath_jun-jul,0455_007,IRAN,nuclear_program,23,False,False
aftermath_jun-jul,0455_007,IRAN,strike_claims,38,False,False
aftermath_jun-jul,0455_009,EU,strike_claims,35,False,True
aftermath_jun-jul,0455_009,IRAN,strike_claims,25,False,True
aftermath_jun-jul,0455_009,USA,strike_claims,12,False,True
aftermath_jun-jul,0455_009,ISRAEL,strike_claims,9,False,True
aftermath_jun-jul,0455_012,UN_SECURITY_COUNCIL,military_action,24,False,False
aftermath_jun-jul,0455_012,UN_SECURITY_COUNCIL,strike_claims,13,False,False
aftermath_jun-jul,0455_012,IRAN,military_action,81,False,False
aftermath_jun-jul,0455_012,IRAN,strike_claims,70,False,False
aftermath_jun-jul,0455_014,IRAN,deterrence,6,False,False
aftermath_jun-jul,0455_016,IRAN,military_action,1,False,False
aftermath_jun-jul,0455_016,USA,military_action,0,False,False
aftermath_jun-jul,0456_001,ISRAEL,strike_claims,14,False,False
aftermath_jun-jul,0456_001,IRAN,strike_claims,9,False,False
aftermath_jun-jul,0456_002,ISRAEL,military_action,0,False,False
aftermath_jun-jul,0456_002,ISRAEL,strike_claims,0,False,False
aftermath_jun-jul,0456_002,IRAN,military_action,1,False,False
aftermath_jun-jul,0456_002,IRAN,strike_claims,4,False,False
aftermath_jun-jul,0456_004,ISRAEL,military_action,0,False,True
aftermath_jun-jul,0456_004,ISRAEL,nuclear_program,16,False,True
aftermath_jun-jul,0456_004,ISRAEL,deterrence,9,False,True
aftermath_jun-jul,0456_004,ISRAEL,strike_claims,14,False,True
aftermath_jun-jul,0456_004,IRAN,military_action,1,False,True
aftermath_jun-jul,0456_004,IRAN,nuclear_program,2,False,True
aftermath_jun-jul,0456_004,IRAN,deterrence,6,False,True
aftermath_jun-jul,0456_004,IRAN,strike_claims,11,False,True
aftermath_jun-jul,0456_008,IRAN,military_action,1,False,False
aftermath_jun-jul,0456_008,IRAN,deterrence,25,False,False
aftermath_jun-jul,0456_008,IRAN,strike_claims,19,False,False
aftermath_jun-jul,0456_010,USA,military_action,0,False,False
aftermath_jun-jul,0456_010,USA,strike_claims,1,False,False
aftermath_jun-jul,0456_011,USA,military_action,0,False,False
aftermath_jun-jul,0456_012,ISRAEL,military_action,1,False,False
aftermath_jun-jul,0456_012,USA,military_action,4,False,False
aftermath_jun-jul,0456_012,IRAN,military_action,7,False,False
aftermath_jun-jul,0456_012,IAEA,military_action,16,False,False
aftermath_jun-jul,0456_015,ISRAEL,military_action,5,False,False
aftermath_jun-jul,0456_015,ISRAEL,nuclear_program,26,False,False
aftermath_jun-jul,0456_015,USA,military_action,4,False,False
aftermath_jun-jul,0456_015,USA,nuclear_program,15,False,False
aftermath_jun-jul,0456_016,IRAN,military_action,24,False,False
aftermath_jun-jul,0456_016,IRAN,nuclear_program,31,False,False
aftermath_jun-jul,0456_016,IAEA,military_action,1,False,False
aftermath_jun-jul,0456_016,IAEA,nuclear_program,8,False,False
aftermath_jun-jul,0456_019,USA,military_action,28,False,False
aftermath_jun-jul,0456_019,USA,nuclear_program,3,False,False
aftermath_jun-jul,0456_019,USA,deterrence,39,False,False
aftermath_jun-jul,0456_019,USA,strike_claims,16,False,False
aftermath_jun-jul,0456_019,IRAN,military_action,22,False,False
aftermath_jun-jul,0456_019,IRAN,nuclear_program,1,False,False
aftermath_jun-jul,0456_019,IRAN,deterrence,33,False,False
aftermath_jun-jul,0456_019,IRAN,strike_claims,10,False,False
aftermath_jun-jul,0456_023,ISRAEL,military_action,0,False,False
aftermath_jun-jul,0456_023,ISRAEL,strike_claims,2,False,False
aftermath_jun-jul,0456_023,IRAN,military_action,1,False,False
aftermath_jun-jul,0456_023,IRAN,strike_claims,7,False,False
aftermath_jun-jul,0457_004,EU,diplomacy,15,False,False
aftermath_jun-jul,0457_004,IRAN,diplomacy,64,False,False
aftermath_jun-jul,0457_004,UN_SECURITY_COUNCIL,diplomacy,137,False,False
aftermath_jun-jul,0457_016,ISRAEL,nuclear_program,13,True,True
aftermath_jun-jul,0457_016,ISRAEL,strike_claims,8,True,True
aftermath_jun-jul,0457_021,ISRAEL,military_action,45,False,False
aftermath_jun-jul,0457_021,ISRAEL,strike_claims,41,False,False
aftermath_jun-jul,0457_021,IRAN,military_action,1,False,False
aftermath_jun-jul,0457_021,IRAN,strike_claims,4,False,False
aftermath_jun-jul,0457_022,USA,military_action,22,False,False
aftermath_jun-jul,0457_022,IRAN,military_action,3,False,False
aftermath_jun-jul,0457_022,IAEA,military_action,12,False,False
aftermath_jun-jul,0457_023,IRAN,military_action,26,False,False
aftermath_jun-jul,0457_023,IRAN,strike_claims,8,False,False
aftermath_jun-jul,0457_025,UN_SECURITY_COUNCIL,strike_claims,43,False,False
aftermath_jun-jul,0457_025,IRAN,strike_claims,22,False,False
aftermath_jun-jul,0457_029,UN_SECURITY_COUNCIL,military_action,26,False,True
aftermath_jun-jul,0457_029,UN_SECURITY_COUNCIL,nuclear_program,51,False,True
aftermath_jun-jul,0457_029,UN_SECURITY_COUNCIL,deterrence,47,False,True
aftermath_jun-jul,0457_029,USA,military_action,11,False,True
aftermath_jun-jul,0457_029,USA,nuclear_program,36,False,True
aftermath_jun-jul,0457_029,USA,deterrence,32,False,True
aftermath_jun-jul,0457_029,IRAN,military_action,8,False,True
aftermath_jun-jul,0457_029,IRAN,nuclear_program,0,False,True
aftermath_jun-jul,0457_029,IRAN,deterrence,2,False,True
aftermath_jun-jul,0457_029,ISRAEL,military_action,28,False,True
aftermath_jun-jul,0457_029,ISRAEL,nuclear_program,2,False,True
aftermath_jun-jul,0457_029,ISRAEL,deterrence,7,False,True
aftermath_jun-jul,0457_032,USA,military_action,2,False,False
aftermath_jun-jul,0457_032,USA,deterrence,0,False,False
aftermath_jun-jul,0457_034,USA,nuclear_program,3,False,True
aftermath_jun-jul,0457_037,IRAN,deterrence,5,False,False
aftermath_jun-jul,0457_037,USA,deterrence,7,False,False
aftermath_jun-jul,0457_039,IRAN,nuclear_program,0,False,False
aftermath_jun-jul,0457_039,IAEA,nuclear_program,17,False,False
aftermath_jun-jul,0457_040,ISRAEL,nuclear_program,10,False,False
aftermath_jun-jul,0457_040,IRAN,nuclear_program,3,False,False
aftermath_jun-jul,0457_047,USA,military_action,9,False,False
aftermath_jun-jul,0457_047,ISRAEL,military_action,6,False,False
aftermath_jun-jul,0457_047,IRAN,military_action,1,False,False
aftermath_jun-jul,0457_050,IRAN,nuclear_program,31,False,True
aftermath_jun-jul,0457_050,USA,nuclear_program,14,False,True
aftermath_jun-jul,0457_050,UN_SECURITY_COUNCIL,nuclear_program,2,False,True
aftermath_jun-jul,0457_054,UK,military_action,12,False,False
aftermath_jun-jul,0457_054,UK,nuclear_program,17,False,False
aftermath_jun-jul,0457_054,UK,deterrence,21,False,False
aftermath_jun-jul,0457_054,IRAN,military_action,2,False,False
aftermath_jun-jul,0457_054,IRAN,nuclear_program,1,False,False
aftermath_jun-jul,0457_054,IRAN,deterrence,5,False,False
aftermath_jun-jul,0457_055,IAEA,military_action,32,False,False
aftermath_jun-jul,0457_055,IAEA,nuclear_program,0,False,False
aftermath_jun-jul,0457_055,IRAN,military_action,4,False,False
aftermath_jun-jul,0457_055,IRAN,nuclear_program,27,False,False
aftermath_jun-jul,0457_061,UN_SECURITY_COUNCIL,military_action,3,False,False
aftermath_jun-jul,0457_061,UN_SECURITY_COUNCIL,nuclear_program,5,False,False
aftermath_jun-jul,0457_061,IAEA,military_action,11,False,False
aftermath_jun-jul,0457_061,IAEA,nuclear_program,0,False,False
aftermath_jun-jul,0457_062,ISRAEL,nuclear_program,5,False,True
aftermath_jun-jul,0457_063,IRAN,nuclear_program,10,False,False
aftermath_jun-jul,0457_066,IRAN,strike_claims,14,False,True
aftermath_jun-jul,0457_069,ISRAEL,strike_claims,9,False,False
aftermath_jun-jul,0457_069,USA,strike_claims,4,False,False
aftermath_jun-jul,0457_069,IRAN,strike_claims,2,False,False
aftermath_jun-jul,0457_071,IAEA,military_action,21,False,False
aftermath_jun-jul,0457_072,EU,diplomacy,69,False,False
aftermath_jun-jul,0457_072,EU,strike_claims,54,False,False
aftermath_jun-jul,0457_072,UN_SECURITY_COUNCIL,diplomacy,36,False,False
aftermath_jun-jul,0457_072,UN_SECURITY_COUNCIL,strike_claims,21,False,False
aftermath_jun-jul,0457_075,EU,diplomacy,14,False,False
aftermath_jun-jul,0457_081,UN_SECURITY_COUNCIL,strike_claims,19,False,False
aftermath_jun-jul,0457_088,USA,diplomacy,2,False,False
aftermath_jun-jul,0458_003,IRAN,military_action,1,False,True
aftermath_jun-jul,0458_003,ISRAEL,military_action,4,False,True
aftermath_jun-jul,0458_003,GAZA,military_action,24,False,True
aftermath_jun-jul,0458_003,LEBANON,military_action,33,False,True
aftermath_jun-jul,0458_003,SYRIA,military_action,35,False,True
aftermath_jun-jul,0458_006,ARAGHCHI,diplomacy,13,False,False
aftermath_jun-jul,0458_006,ISRAEL,diplomacy,9,False,False
aftermath_jun-jul,0458_006,IRAN,diplomacy,4,False,False
aftermath_jun-jul,0458_006,USA,diplomacy,1,False,False
aftermath_jun-jul,0458_008,ARAGHCHI,military_action,18,True,True
aftermath_jun-jul,0458_008,ARAGHCHI,nuclear_program,29,True,True
aftermath_jun-jul,0458_008,ARAGHCHI,strike_claims,24,True,True
aftermath_jun-jul,0458_008,USA,military_action,14,False,True
aftermath_jun-jul,0458_008,USA,nuclear_program,25,False,True
aftermath_jun-jul,0458_008,USA,strike_claims,20,False,True
aftermath_jun-jul,0458_008,IRAN,military_action,11,False,True
aftermath_jun-jul,0458_008,IRAN,nuclear_program,22,False,True
aftermath_jun-jul,0458_008,IRAN,strike_claims,17,False,True
aftermath_jun-jul,0458_009,IRAN,military_action,5,False,True
aftermath_jun-jul,0458_009,ISRAEL,military_action,1,False,True
aftermath_jun-jul,0458_013,ARAGHCHI,military_action,21,False,False
aftermath_jun-jul,0458_013,ARAGHCHI,nuclear_program,25,False,False
aftermath_jun-jul,0458_013,ARAGHCHI,strike_claims,17,False,False
aftermath_jun-jul,0458_013,USA,military_action,18,False,False
aftermath_jun-jul,0458_013,USA,nuclear_program,22,False,False
aftermath_jun-jul,0458_013,USA,strike_claims,14,False,False
aftermath_jun-jul,0458_013,IRAN,military_action,14,False,False
aftermath_jun-jul,0458_013,IRAN,nuclear_program,18,False,False
aftermath_jun-jul,0458_013,IRAN,strike_claims,10,False,False
aftermath_jun-jul,0459_000,IRAN,diplomacy,4,False,False
aftermath_jun-jul,0459_000,ARAGHCHI,diplomacy,8,False,False
aftermath_jun-jul,0459_000,USA,diplomacy,1,False,False
aftermath_jun-jul,0459_002,ARAGHCHI,military_action,20,True,True
aftermath_jun-jul,0459_002,ARAGHCHI,diplomacy,25,True,True
aftermath_jun-jul,0459_002,USA,military_action,4,True,True
aftermath_jun-jul,0459_002,USA,diplomacy,9,True,True
aftermath_jun-jul,0459_002,IRAN,military_action,1,False,True
aftermath_jun-jul,0459_002,IRAN,diplomacy,1,False,True
aftermath_jun-jul,0459_003,IRAN,diplomacy,3,False,False
aftermath_jun-jul,0459_007,USA,military_action,7,False,False
aftermath_jun-jul,0459_007,USA,diplomacy,3,False,False
aftermath_jun-jul,0459_009,USA,military_action,4,False,False
aftermath_jun-jul,0459_009,ARAGHCHI,military_action,4,False,False
aftermath_jun-jul,0459_011,ARAGHCHI,military_action,4,True,True
aftermath_jun-jul,0459_011,USA,military_action,0,False,True
aftermath_jun-jul,0459_011,IRAN,military_action,4,False,True
aftermath_jun-jul,0459_013,ARAGHCHI,nuclear_program,14,True,True
aftermath_jun-jul,0459_013,ARAGHCHI,strike_claims,22,True,True
aftermath_jun-jul,0459_015,ARAGHCHI,strike_claims,21,False,False
aftermath_jun-jul,0459_015,IAEA,strike_claims,5,False,False
aftermath_jun-jul,0459_017,IAEA,nuclear_program,16,False,True
aftermath_jun-jul,0459_017,IRAN,nuclear_program,1,False,True
aftermath_jun-jul,0459_017,ARAGHCHI,nuclear_program,0,True,True
aftermath_jun-jul,0459_018,ARAGHCHI,military_action,16,True,True
aftermath_jun-jul,0459_018,ARAGHCHI,nuclear_program,12,True,True
aftermath_jun-jul,0459_018,ARAGHCHI,strike_claims,41,True,True
aftermath_jun-jul,0459_018,IAEA,military_action,6,False,True
aftermath_jun-jul,0459_018,IAEA,nuclear_program,10,False,True
aftermath_jun-jul,0459_018,IAEA,strike_claims,17,False,True
aftermath_jun-jul,0459_021,ARAGHCHI,deterrence,6,True,True
aftermath_jun-jul,0459_021,ARAGHCHI,diplomacy,9,True,True
aftermath_jun-jul,0459_022,ARAGHCHI,military_action,32,True,True
aftermath_jun-jul,0459_022,ARAGHCHI,nuclear_program,44,True,True
aftermath_jun-jul,0459_022,ARAGHCHI,diplomacy,19,True,True
aftermath_jun-jul,0459_022,EU,military_action,25,False,True
aftermath_jun-jul,0459_022,EU,nuclear_program,37,False,True
aftermath_jun-jul,0459_022,EU,diplomacy,12,False,True
aftermath_jun-jul,0459_022,IRAN,military_action,9,False,True
aftermath_jun-jul,0459_022,IRAN,nuclear_program,1,False,True
aftermath_jun-jul,0459_022,IRAN,diplomacy,21,False,True
aftermath_jun-jul,0459_026,USA,military_action,10,False,True
aftermath_jun-jul,0459_026,USA,strike_claims,19,False,True
aftermath_jun-jul,0459_026,ISRAEL,military_action,7,False,True
aftermath_jun-jul,0459_026,ISRAEL,strike_claims,11,False,True
aftermath_jun-jul,0459_026,IRAN,military_action,2,False,True
aftermath_jun-jul,0459_026,IRAN,strike_claims,11,False,True
aftermath_jun-jul,0459_026,TRUMP,military_action,44,False,True
aftermath_jun-jul,0459_026,TRUMP,strike_claims,34,False,True
aftermath_jun-jul,0459_028,IRAN,diplomacy,4,False,False
aftermath_jun-jul,0459_028,USA,diplomacy,1,False,False
aftermath_jun-jul,0460_000,ARAGHCHI,military_action,19,False,True
aftermath_jun-jul,0460_000,ARAGHCHI,nuclear_program,11,False,True
aftermath_jun-jul,0460_000,ARAGHCHI,diplomacy,7,False,True
aftermath_jun-jul,0460_000,CHINA,military_action,30,False,True
aftermath_jun-jul,0460_000,CHINA,nuclear_program,22,False,True
aftermath_jun-jul,0460_000,CHINA,diplomacy,18,False,True
aftermath_jun-jul,0460_000,IRAN,military_action,9,False,True
aftermath_jun-jul,0460_000,IRAN,nuclear_program,1,False,True
aftermath_jun-jul,0460_000,IRAN,diplomacy,1,False,True
aftermath_jun-jul,0460_000,ISRAEL,military_action,3,False,True
aftermath_jun-jul,0460_000,ISRAEL,nuclear_program,2,False,True
aftermath_jun-jul,0460_000,ISRAEL,diplomacy,7,False,True
aftermath_jun-jul,0460_000,USA,military_action,1,False,True
aftermath_jun-jul,0460_000,USA,nuclear_program,4,False,True
aftermath_jun-jul,0460_000,USA,diplomacy,9,False,True
aftermath_jun-jul,0460_002,ISRAEL,military_action,2,False,False
aftermath_jun-jul,0460_002,USA,military_action,0,False,False
aftermath_jun-jul,0460_002,IRAN,military_action,1,False,False
aftermath_jun-jul,0460_011,ISRAEL,diplomacy,3,False,False
aftermath_jun-jul,0460_019,IRAN,diplomacy,13,False,False
aftermath_jun-jul,0460_019,USA,diplomacy,1,False,False
aftermath_jun-jul,0460_019,ARAGHCHI,diplomacy,4,False,False
aftermath_jun-jul,0460_034,USA,deterrence,4,False,False
aftermath_jun-jul,0460_034,USA,diplomacy,9,False,False
aftermath_jun-jul,0460_035,IRAN,military_action,14,False,False
aftermath_jun-jul,0460_035,IRAN,nuclear_program,0,False,False
aftermath_jun-jul,0460_035,IRAN,deterrence,3,False,False
aftermath_jun-jul,0460_041,ARAGHCHI,diplomacy,0,True,True
aftermath_jun-jul,0460_056,IRAN,nuclear_program,0,False,False
aftermath_jun-jul,0461_001,ISRAEL,military_action,2,False,False
aftermath_jun-jul,0461_001,ISRAEL,strike_claims,23,False,False
aftermath_jun-jul,0461_001,IRAN,military_action,4,False,False
aftermath_jun-jul,0461_001,IRAN,strike_claims,15,False,False
aftermath_jun-jul,0461_002,ISRAEL,military_action,4,False,False
aftermath_jun-jul,0461_006,ISRAEL,military_action,3,False,False
aftermath_jun-jul,0461_006,IRAN,military_action,20,False,False
aftermath_jun-jul,0461_007,ISRAEL,military_action,4,False,False
aftermath_jun-jul,0461_007,ISRAEL,strike_claims,12,False,False
aftermath_jun-jul,0461_010,USA,military_action,0,True,True
aftermath_jun-jul,0461_010,USA,nuclear_program,2,True,True
aftermath_jun-jul,0461_010,USA,strike_claims,14,True,True
aftermath_jun-jul,0461_010,IRAN,military_action,4,False,True
aftermath_jun-jul,0461_010,IRAN,nuclear_program,1,False,True
aftermath_jun-jul,0461_010,IRAN,strike_claims,8,False,True
aftermath_jun-jul,0461_015,ISRAEL,military_action,0,False,False
aftermath_jun-jul,0461_015,ISRAEL,strike_claims,8,False,False
aftermath_jun-jul,0462_004,ISRAEL,military_action,19,False,False
aftermath_jun-jul,0462_004,IRAN,military_action,17,False,False
aftermath_jun-jul,0462_005,IRAN,nuclear_program,1,False,False
aftermath_jun-jul,0462_005,USA,nuclear_program,3,False,False
aftermath_jun-jul,0462_007,USA,diplomacy,21,False,False
aftermath_jun-jul,0462_007,ISRAEL,diplomacy,10,False,False
aftermath_jun-jul,0462_010,USA,military_action,27,False,False
aftermath_jun-jul,0462_010,ISRAEL,military_action,17,False,False
aftermath_jun-jul,0462_010,IRAN,military_action,1,False,False
aftermath_jun-jul,0462_013,USA,deterrence,0,True,True
aftermath_jun-jul,0463_004,IRAN,military_action,13,False,False
aftermath_jun-jul,0463_004,ISRAEL,military_action,2,False,False
aftermath_jun-jul,0463_004,USA,military_action,8,False,False
aftermath_jun-jul,0463_005,IRAN,military_action,2,False,False
aftermath_jun-jul,0463_007,IAEA,military_action,10,False,False
aftermath_jun-jul,0463_011,USA,military_action,5,False,False
aftermath_jun-jul,0463_011,USA,nuclear_program,11,False,False
aftermath_jun-jul,0463_011,USA,strike_claims,20,False,False
aftermath_jun-jul,0463_011,IRAN,military_action,1,False,False
aftermath_jun-jul,0463_011,IRAN,nuclear_program,3,False,False
aftermath_jun-jul,0463_011,IRAN,strike_claims,12,False,False
aftermath_jun-jul,0463_014,ISRAEL,diplomacy,26,False,False
aftermath_jun-jul,0463_014,IRAN,diplomacy,21,False,False
aftermath_jun-jul,0463_014,GAZA,diplomacy,19,False,False
aftermath_jun-jul,0463_015,IRAN,diplomacy,3,False,False
aftermath_jun-jul,0463_019,ISRAEL,strike_claims,9,False,False
aftermath_jun-jul,0464_001,IRAN,deterrence,10,False,False
aftermath_jun-jul,0464_002,IRAN,military_action,33,False,False
aftermath_jun-jul,0464_002,ISRAEL,military_action,0,False,False
aftermath_jun-jul,0464_003,IRAN,military_action,14,False,False
aftermath_jun-jul,0464_003,IRAN,strike_claims,23,False,False
aftermath_jun-jul,0464_004,IRAN,strike_claims,10,True,True
aftermath_jun-jul,0464_005,IRAN,deterrence,9,True,True
aftermath_jun-jul,0464_007,ISRAEL,military_action,2,False,True
aftermath_jun-jul,0464_007,ISRAEL,nuclear_program,28,False,True
aftermath_jun-jul,0464_007,IRAN,military_action,1,False,True
aftermath_jun-jul,0464_007,IRAN,nuclear_program,2,False,True
aftermath_jun-jul,0464_007,USA,military_action,14,False,True
aftermath_jun-jul,0464_007,USA,nuclear_program,8,False,True
aftermath_jun-jul,0465_000,PEZESHKIAN,military_action,19,False,False
aftermath_jun-jul,0465_000,PEZESHKIAN,diplomacy,9,False,False
aftermath_jun-jul,0465_000,IRAN,military_action,17,False,False
aftermath_jun-jul,0465_000,IRAN,diplomacy,7,False,False
aftermath_jun-jul,0465_000,ISRAEL,military_action,6,False,False
aftermath_jun-jul,0465_000,ISRAEL,diplomacy,2,False,False
aftermath_jun-jul,0465_003,ISRAEL,strike_claims,0,False,True
aftermath_jun-jul,0465_003,IRAN,strike_claims,6,False,True
aftermath_jun-jul,0465_006,USA,military_action,4,False,False
aftermath_jun-jul,0465_006,USA,nuclear_program,7,False,False
aftermath_jun-jul,0465_006,IRAN,military_action,1,False,False
aftermath_jun-jul,0465_006,IRAN,nuclear_program,0,False,False
aftermath_jun-jul,0465_007,ISRAEL,military_action,0,False,False
aftermath_jun-jul,0465_007,ISRAEL,diplomacy,16,False,False
aftermath_jun-jul,0465_007,OMAN,military_action,9,False,False
aftermath_jun-jul,0465_007,OMAN,diplomacy,1,False,False
aftermath_jun-jul,0465_014,PEZESHKIAN,nuclear_program,16,True,True
aftermath_jun-jul,0465_014,ISRAEL,nuclear_program,11,False,True
aftermath_jun-jul,0465_014,NETANYAHU,nuclear_program,6,False,True
aftermath_jun-jul,0465_014,IRAN,nuclear_program,2,False,True
aftermath_jun-jul,0465_014,USA,nuclear_program,7,False,True
aftermath_jun-jul,0465_015,IRAN,nuclear_program,10,False,False
aftermath_jun-jul,0465_016,PEZESHKIAN,nuclear_program,12,False,False
aftermath_jun-jul,0465_016,IRAN,nuclear_program,10,False,False
aftermath_jun-jul,0465_016,IAEA,nuclear_program,0,False,False
aftermath_jun-jul,0465_017,PEZESHKIAN,strike_claims,9,True,True
aftermath_jun-jul,0465_028,IRAN,diplomacy,1,False,False
aftermath_jun-jul,0466_002,ISRAEL,military_action,5,False,False
aftermath_jun-jul,0466_002,IRAN,military_action,1,False,False
aftermath_jun-jul,0466_002,USA,military_action,6,False,False
aftermath_jun-jul,0466_007,ISRAEL,military_action,4,True,True
aftermath_jun-jul,0466_008,USA,deterrence,16,False,False
aftermath_jun-jul,0466_008,USA,diplomacy,8,False,False
aftermath_jun-jul,0466_008,IRAN,deterrence,26,False,False
aftermath_jun-jul,0466_008,IRAN,diplomacy,18,False,False
aftermath_jun-jul,0466_009,IRAN,military_action,6,False,False
aftermath_jun-jul,0466_009,IRAN,nuclear_program,0,False,False
aftermath_jun-jul,0466_009,USA,military_action,13,False,False
aftermath_jun-jul,0466_009,USA,nuclear_program,3,False,False
aftermath_jun-jul,0466_009,QATAR,military_action,22,False,False
aftermath_jun-jul,0466_009,QATAR,nuclear_program,8,False,False
aftermath_jun-jul,0466_009,ISRAEL,military_action,41,False,False
aftermath_jun-jul,0466_009,ISRAEL,nuclear_program,8,False,False
aftermath_jun-jul,0467_000,IRAN,nuclear_program,3,False,True
aftermath_jun-jul,0467_000,ARAGHCHI,nuclear_program,13,False,True
aftermath_jun-jul,0467_001,ARAGHCHI,diplomacy,2,False,False
aftermath_jun-jul,0467_001,IRAN,diplomacy,27,False,False
aftermath_jun-jul,0467_004,IRAN,nuclear_program,11,False,False
aftermath_jun-jul,0467_007,IRAN,nuclear_program,0,False,False
aftermath_jun-jul,0467_007,IRAN,diplomacy,1,False,False
aftermath_jun-jul,0467_007,UK,nuclear_program,16,False,False
aftermath_jun-jul,0467_007,UK,diplomacy,12,False,False
aftermath_jun-jul,0467_007,GERMANY,nuclear_program,15,False,False
aftermath_jun-jul,0467_007,GERMANY,diplomacy,11,False,False
aftermath_jun-jul,0467_007,FRANCE,nuclear_program,13,False,False
aftermath_jun-jul,0467_007,FRANCE,diplomacy,9,False,False
aftermath_jun-jul,0467_008,IRAN,diplomacy,1,False,False
aftermath_jun-jul,0467_008,UK,diplomacy,3,False,False
aftermath_jun-jul,0467_008,GERMANY,diplomacy,4,False,False
aftermath_jun-jul,0467_008,FRANCE,diplomacy,6,False,False
aftermath_jun-jul,0467_010,IRAN,nuclear_program,3,False,True
aftermath_jun-jul,0467_012,IRAN,nuclear_program,3,False,True
aftermath_jun-jul,0467_012,ARAGHCHI,nuclear_program,0,False,True
aftermath_jun-jul,0468_000,IRAN,deterrence,4,False,False
aftermath_jun-jul,0468_002,IRAN,military_action,0,False,False
aftermath_jun-jul,0468_007,IRAN,military_action,6,False,False
aftermath_jun-jul,0468_009,IRAN,military_action,1,False,False
aftermath_jun-jul,0468_010,IRAN,military_action,2,False,False
aftermath_jun-jul,0468_010,IRAN,diplomacy,10,False,False
aftermath_jun-jul,0468_010,USA,military_action,16,False,False
aftermath_jun-jul,0468_010,USA,diplomacy,2,False,False
aftermath_jun-jul,0468_010,ISRAEL,military_action,29,False,False
aftermath_jun-jul,0468_010,ISRAEL,diplomacy,15,False,False
aftermath_jun-jul,0468_011,USA,military_action,3,True,True
aftermath_jun-jul,0468_011,ISRAEL,military_action,0,False,True
aftermath_jun-jul,0468_023,IRAN,deterrence,2,False,False
aftermath_jun-jul,0468_023,ISRAEL,deterrence,2,False,False
aftermath_jun-jul,0468_023,USA,deterrence,0,False,False
aftermath_jun-jul,0469_003,CHINA,deterrence,48,False,False
aftermath_jun-jul,0469_003,CHINA,diplomacy,60,False,False
aftermath_jun-jul,0469_003,FRANCE,deterrence,47,False,False
aftermath_jun-jul,0469_003,FRANCE,diplomacy,59,False,False
aftermath_jun-jul,0469_003,GERMANY,deterrence,46,False,False
aftermath_jun-jul,0469_003,GERMANY,diplomacy,58,False,False
aftermath_jun-jul,0469_003,RUSSIA,deterrence,45,False,False
aftermath_jun-jul,0469_003,RUSSIA,diplomacy,57,False,False
aftermath_jun-jul,0469_003,UK,deterrence,42,False,False
aftermath_jun-jul,0469_003,UK,diplomacy,54,False,False
aftermath_jun-jul,0469_003,USA,deterrence,39,False,False
aftermath_jun-jul,0469_003,USA,diplomacy,51,False,False
aftermath_jun-jul,0469_003,EU,deterrence,35,False,False
aftermath_jun-jul,0469_003,EU,diplomacy,47,False,False
aftermath_jun-jul,0469_003,IRAN,deterrence,10,False,False
aftermath_jun-jul,0469_003,IRAN,diplomacy,0,False,False
aftermath_jun-jul,0469_004,IRAN,deterrence,41,False,False
aftermath_jun-jul,0469_004,IRAN,diplomacy,0,False,False
aftermath_jun-jul,0469_004,IRAN,strike_claims,48,False,False
aftermath_jun-jul,0469_004,ISRAEL,deterrence,16,False,False
aftermath_jun-jul,0469_004,ISRAEL,diplomacy,12,False,False
aftermath_jun-jul,0469_004,ISRAEL,strike_claims,23,False,False
aftermath_jun-jul,0469_004,NETANYAHU,deterrence,22,False,False
aftermath_jun-jul,0469_004,NETANYAHU,diplomacy,15,False,False
aftermath_jun-jul,0469_004,NETANYAHU,strike_claims,29,False,False
aftermath_jun-jul,0469_005,USA,nuclear_program,22,False,False
aftermath_jun-jul,0469_005,USA,strike_claims,47,False,False
aftermath_jun-jul,0469_005,ISRAEL,nuclear_program,3,False,False
aftermath_jun-jul,0469_005,ISRAEL,strike_claims,15,False,False
aftermath_jun-jul,0469_005,IRAN,nuclear_program,17,False,False
aftermath_jun-jul,0469_005,IRAN,strike_claims,42,False,False
aftermath_jun-jul,0469_010,USA,nuclear_program,1,True,True
aftermath_jun-jul,0469_011,USA,diplomacy,4,True,True
aftermath_jun-jul,0469_011,IRAN,diplomacy,26,False,True
aftermath_jun-jul,0469_012,FRANCE,deterrence,19,False,False
aftermath_jun-jul,0469_012,FRANCE,diplomacy,45,False,False
aftermath_jun-jul,0469_012,GERMANY,deterrence,18,False,False
aftermath_jun-jul,0469_012,GERMANY,diplomacy,44,False,False
aftermath_jun-jul,0469_012,UK,deterrence,15,False,False
aftermath_jun-jul,0469_012,UK,diplomacy,41,False,False
aftermath_jun-jul,0469_012,EU,deterrence,11,False,False
aftermath_jun-jul,0469_012,EU,diplomacy,37,False,False
aftermath_jun-jul,0469_012,NETANYAHU,deterrence,5,False,False
aftermath_jun-jul,0469_012,NETANYAHU,diplomacy,31,False,False
aftermath_jun-jul,0469_013,IRAN,nuclear_program,1,False,False
aftermath_jun-jul,0469_013,IRAN,diplomacy,6,False,False
aftermath_jun-jul,0470_000,ARAGHCHI,diplomacy,21,False,False
aftermath_jun-jul,0470_000,ISRAEL,diplomacy,14,False,False
aftermath_jun-jul,0470_000,USA,diplomacy,3,False,False
aftermath_jun-jul,0470_000,IRAN,diplomacy,1,False,False
aftermath_jun-jul,0470_001,ARAGHCHI,diplomacy,6,True,True
aftermath_jun-jul,0470_003,USA,military_action,10,False,False
aftermath_jun-jul,0470_003,USA,diplomacy,13,False,False
aftermath_jun-jul,0470_003,ARAGHCHI,military_action,3,False,False
aftermath_jun-jul,0470_003,ARAGHCHI,diplomacy,0,False,False
aftermath_jun-jul,0470_006,ISRAEL,military_action,21,False,False
aftermath_jun-jul,0470_006,ISRAEL,nuclear_program,6,False,False
aftermath_jun-jul,0470_006,ISRAEL,strike_claims,13,False,False
aftermath_jun-jul,0470_006,USA,military_action,19,False,False
aftermath_jun-jul,0470_006,USA,nuclear_program,4,False,False
aftermath_jun-jul,0470_006,USA,strike_claims,11,False,False
aftermath_jun-jul,0470_006,IRAN,military_action,15,False,False
aftermath_jun-jul,0470_006,IRAN,nuclear_program,0,False,False
aftermath_jun-jul,0470_006,IRAN,strike_claims,7,False,False
aftermath_jun-jul,0470_006,ARAGHCHI,military_action,12,False,False
aftermath_jun-jul,0470_006,ARAGHCHI,nuclear_program,0,False,False
aftermath_jun-jul,0470_006,ARAGHCHI,strike_claims,4,False,False
aftermath_jun-jul,0470_009,IRAN,nuclear_program,10,False,False
aftermath_jun-jul,0470_009,ARAGHCHI,nuclear_program,4,False,False
aftermath_jun-jul,0470_011,USA,military_action,8,False,True
aftermath_jun-jul,0470_011,USA,nuclear_program,16,False,True
aftermath_jun-jul,0470_011,USA,deterrence,3,False,True
aftermath_jun-jul,0470_011,TRUMP,military_action,5,False,True
aftermath_jun-jul,0470_011,TRUMP,nuclear_program,13,False,True
aftermath_jun-jul,0470_011,TRUMP,deterrence,0,False,True
aftermath_jun-jul,0470_011,IRAN,military_action,1,False,True
aftermath_jun-jul,0470_011,IRAN,nuclear_program,2,False,True
aftermath_jun-jul,0470_011,IRAN,deterrence,6,False,True
aftermath_jun-jul,0470_011,ARAGHCHI,military_action,12,False,True
aftermath_jun-jul,0470_011,ARAGHCHI,nuclear_program,4,False,True
aftermath_jun-jul,0470_011,ARAGHCHI,deterrence,17,False,True
aftermath_jun-jul,0470_013,IRAN,nuclear_program,4,False,False
aftermath_jun-jul,0471_003,IRAN,military_action,18,False,False
aftermath_jun-jul,0471_004,USA,military_action,0,False,True
aftermath_jun-jul,0471_004,USA,nuclear_program,4,False,True
aftermath_jun-jul,0471_004,IRAN,military_action,2,False,True
aftermath_jun-jul,0471_004,IRAN,nuclear_program,0,False,True
aftermath_jun-jul,0471_005,IRAN,military_action,14,False,False
aftermath_jun-jul,0471_005,IRAN,diplomacy,22,False,False
aftermath_jun-jul,0471_005,ISRAEL,military_action,23,False,False
aftermath_jun-jul,0471_005,ISRAEL,diplomacy,31,False,False
aftermath_jun-jul,0471_005,USA,military_action,7,False,False
aftermath_jun-jul,0471_005,USA,diplomacy,15,False,False
aftermath_jun-jul,0471_005,QATAR,military_action,4,False,False
aftermath_jun-jul,0471_005,QATAR,diplomacy,12,False,False
aftermath_jun-jul,0471_010,IRAN,military_action,17,False,False
aftermath_jun-jul,0471_010,ISRAEL,military_action,0,False,False
aftermath_jun-jul,0471_013,IRAN,military_action,0,False,False
aftermath_jun-jul,0472_000,USA,deterrence,5,False,False
aftermath_jun-jul,0472_002,IRAN,military_action,13,False,False
aftermath_jun-jul,0472_005,ISRAEL,diplomacy,5,False,False
aftermath_jun-jul,0472_005,IRAN,diplomacy,13,False,False
aftermath_jun-jul,0472_006,IRAN,military_action,0,False,False
aftermath_jun-jul,0472_006,USA,military_action,1,False,False
aftermath_jun-jul,0472_010,IRAN,deterrence,5,False,False
aftermath_jun-jul,0472_010,ISRAEL,deterrence,1,False,False
aftermath_jun-jul,0472_012,ISRAEL,military_action,6,False,False
aftermath_jun-jul,0472_012,IRAN,military_action,1,False,False
aftermath_jun-jul,0472_013,ISRAEL,nuclear_program,4,False,False
aftermath_jun-jul,0472_014,IRAN,deterrence,0,False,False
aftermath_jun-jul,0472_014,ISRAEL,deterrence,25,False,False
aftermath_jun-jul,0472_015,IRAN,military_action,0,False,False
aftermath_jun-jul,0473_000,ISRAEL,military_action,7,False,False
aftermath_jun-jul,0473_000,ISRAEL,strike_claims,1,False,False
aftermath_jun-jul,0473_000,IRAN,military_action,1,False,False
aftermath_jun-jul,0473_000,IRAN,strike_claims,1,False,False
aftermath_jun-jul,0473_002,IRAN,nuclear_program,13,False,False
aftermath_jun-jul,0473_002,IRAN,diplomacy,18,False,False
aftermath_jun-jul,0473_005,ARAGHCHI,military_action,6,True,True
aftermath_jun-jul,0473_005,ISRAEL,military_action,0,False,True
aftermath_jun-jul,0473_005,GAZA,military_action,18,False,True
aftermath_jun-jul,0473_005,LEBANON,military_action,19,False,True
aftermath_jun-jul,0473_005,SYRIA,military_action,21,False,True
aftermath_jun-jul,0473_008,ISRAEL,military_action,3,True,True
aftermath_jun-jul,0473_008,IRAN,military_action,1,False,True
aftermath_jun-jul,0473_010,IRAN,military_action,0,False,False
aftermath_jun-jul,0473_011,ISRAEL,military_action,2,False,False
aftermath_jun-jul,0474_003,IRAN,military_action,1,False,True
aftermath_jun-jul,0474_003,IRAQ,military_action,0,False,True
aftermath_jun-jul,0474_004,IRAQ,deterrence,0,False,False
aftermath_jun-jul,0474_004,IRAQ,strike_claims,6,False,False
aftermath_jun-jul,0474_004,ISRAEL,deterrence,14,False,False
aftermath_jun-jul,0474_004,ISRAEL,strike_claims,5,False,False
aftermath_jun-jul,0474_007,ISRAEL,military_action,19,False,False
aftermath_jun-jul,0474_007,IRAN,military_action,17,False,False
aftermath_jun-jul,0474_008,USA,military_action,5,False,False
aftermath_jun-jul,0474_008,USA,nuclear_program,8,False,False
aftermath_jun-jul,0474_008,IRAN,military_action,1,False,False
aftermath_jun-jul,0474_008,IRAN,nuclear_program,0,False,False
aftermath_jun-jul,0474_009,ISRAEL,military_action,7,False,False
aftermath_jun-jul,0474_009,ISRAEL,diplomacy,3,False,False
aftermath_jun-jul,0474_009,IRAN,military_action,1,False,False
aftermath_jun-jul,0474_009,IRAN,diplomacy,5,False,False
aftermath_jun-jul,0475_001,PEZESHKIAN,diplomacy,7,False,False
aftermath_jun-jul,0475_001,IRAN,diplomacy,4,False,False
aftermath_jun-jul,0475_001,ISRAEL,diplomacy,5,False,False
aftermath_jun-jul,0475_004,ISRAEL,military_action,6,False,False
aftermath_jun-jul,0475_004,ISRAEL,diplomacy,13,False,False
aftermath_jun-jul,0475_018,TRUMP,military_action,11,False,True
aftermath_jun-jul,0475_018,TRUMP,nuclear_program,32,False,True
aftermath_jun-jul,0475_018,USA,military_action,0,False,True
aftermath_jun-jul,0475_018,USA,nuclear_program,21,False,True
aftermath_jun-jul,0475_018,IRAN,military_action,1,False,True
aftermath_jun-jul,0475_018,IRAN,nuclear_program,0,False,True
aftermath_jun-jul,0475_022,PEZESHKIAN,nuclear_program,15,False,False
aftermath_jun-jul,0475_022,NETANYAHU,nuclear_program,8,False,False
aftermath_jun-jul,0475_022,IRAN,nuclear_program,2,False,False
aftermath_jun-jul,0475_024,NETANYAHU,nuclear_program,14,False,False
aftermath_jun-jul,0475_024,USA,nuclear_program,9,False,False
aftermath_jun-jul,0475_024,IRAN,nuclear_program,3,False,False
aftermath_jun-jul,0475_030,IRAN,nuclear_program,0,False,True
aftermath_jun-jul,0475_031,IRAN,nuclear_program,0,False,False
aftermath_jun-jul,0475_034,PEZESHKIAN,diplomacy,6,False,False
aftermath_jun-jul,0475_036,USA,military_action,6,False,False
aftermath_jun-jul,0475_036,ISRAEL,military_action,4,False,False
aftermath_jun-jul,0475_037,NETANYAHU,military_action,3,False,False
aftermath_jun-jul,0475_037,NETANYAHU,diplomacy,0,False,False
aftermath_jun-jul,0475_037,NETANYAHU,strike_claims,9,False,False
aftermath_jun-jul,0475_040,USA,military_action,0,False,False
aftermath_jun-jul,0475_040,USA,strike_claims,10,False,False
aftermath_jun-jul,0475_047,IAEA,nuclear_program,0,True,True
aftermath_jun-jul,0475_048,ISRAEL,military_action,5,False,False
aftermath_jun-jul,0475_048,ISRAEL,nuclear_program,8,False,False
aftermath_jun-jul,0475_049,IAEA,military_action,4,True,True
aftermath_jun-jul,0475_049,IAEA,nuclear_program,0,True,True
aftermath_jun-jul,0475_069,USA,diplomacy,13,False,False
aftermath_jun-jul,0475_069,WITKOFF,diplomacy,16,False,False
aftermath_jun-jul,0475_072,PEZESHKIAN,diplomacy,5,False,False
aftermath_jun-jul,0475_073,ISRAEL,military_action,25,True,True
aftermath_jun-jul,0475_073,ISRAEL,strike_claims,1,True,True
aftermath_jun-jul,0475_077,ISRAEL,military_action,5,False,False
aftermath_jun-jul,0475_089,ISRAEL,military_action,1,True,True
aftermath_jun-jul,0475_098,USA,military_action,3,False,False
aftermath_jun-jul,0475_098,USA,nuclear_program,2,False,False
aftermath_jun-jul,0475_098,IRAN,military_action,7,False,False
aftermath_jun-jul,0475_098,IRAN,nuclear_program,6,False,False
aftermath_jun-jul,0475_103,IRAN,military_action,0,False,False
aftermath_jun-jul,0475_135,GAZA,military_action,1,False,False
aftermath_jun-jul,0475_135,NETANYAHU,military_action,0,False,False
aftermath_jun-jul,0475_142,ISRAEL,military_action,1,False,False
aftermath_jun-jul,0475_146,IRAN,diplomacy,0,False,False
aftermath_jun-jul,0475_146,USA,diplomacy,6,False,False
aftermath_jun-jul,0475_156,USA,diplomacy,0,True,True
aftermath_jun-jul,0476_001,ARAGHCHI,nuclear_program,19,False,True
aftermath_jun-jul,0476_001,ISRAEL,nuclear_program,16,False,True
aftermath_jun-jul,0476_001,NETANYAHU,nuclear_program,8,False,True
aftermath_jun-jul,0476_001,IRAN,nuclear_program,1,False,True
aftermath_jun-jul,0476_007,NETANYAHU,military_action,21,False,True
aftermath_jun-jul,0476_007,IRAN,military_action,0,False,True
aftermath_jun-jul,0476_007,ISRAEL,military_action,13,False,True
aftermath_jun-jul,0476_007,ARAGHCHI,military_action,17,False,True
aftermath_jun-jul,0476_007,USA,military_action,10,False,True
aftermath_jun-jul,0476_007,TRUMP,military_action,7,False,True
aftermath_jun-jul,0476_008,NETANYAHU,military_action,37,False,True
aftermath_jun-jul,0476_008,NETANYAHU,nuclear_program,25,False,True
aftermath_jun-jul,0476_008,USA,military_action,2,False,True
aftermath_jun-jul,0476_008,USA,nuclear_program,7,False,True
aftermath_jun-jul,0476_008,IRAN,military_action,16,False,True
aftermath_jun-jul,0476_008,IRAN,nuclear_program,4,False,True
aftermath_jun-jul,0476_008,ISRAEL,military_action,5,False,True
aftermath_jun-jul,0476_008,ISRAEL,nuclear_program,4,False,True
aftermath_jun-jul,0476_009,NETANYAHU,nuclear_program,16,False,True
aftermath_jun-jul,0476_009,TRUMP,nuclear_program,13,False,True
aftermath_jun-jul,0476_009,IRAN,nuclear_program,3,False,True
aftermath_jun-jul,0476_015,HAMAS,strike_claims,3,False,False
aftermath_jun-jul,0476_015,ARAGHCHI,strike_claims,5,False,False
aftermath_jun-jul,0476_015,ISRAEL,strike_claims,8,False,False
aftermath_jun-jul,0476_017,NETANYAHU,strike_claims,14,False,False
aftermath_jun-jul,0476_017,GAZA,strike_claims,5,False,False
aftermath_jun-jul,0477_000,IRAN,diplomacy,31,False,False
aftermath_jun-jul,0477_000,ISRAEL,diplomacy,9,False,False
aftermath_jun-jul,0477_004,ISRAEL,military_action,0,False,False
aftermath_jun-jul,0477_004,USA,military_action,6,False,False
aftermath_jun-jul,0477_006,IRAN,military_action,8,False,False
aftermath_jun-jul,0477_006,ISRAEL,military_action,2,False,False
aftermath_jun-jul,0477_010,ISRAEL,military_action,19,False,False
aftermath_jun-jul,0477_010,IRAN,military_action,17,False,False
aftermath_jun-jul,0477_011,USA,military_action,9,False,False
aftermath_jun-jul,0477_011,USA,nuclear_program,13,False,False
aftermath_jun-jul,0477_011,IRAN,military_action,2,False,False
aftermath_jun-jul,0477_011,IRAN,nuclear_program,0,False,False
aftermath_jun-jul,0477_012,IRAN,military_action,3,False,False
aftermath_jun-jul,0477_012,ISRAEL,military_action,2,False,False
aftermath_jun-jul,0477_012,USA,military_action,5,False,False
aftermath_jun-jul,0477_012,QATAR,military_action,8,False,False
aftermath_jun-jul,0477_014,ISRAEL,diplomacy,2,False,False
aftermath_jun-jul,0478_005,USA,diplomacy,1,False,True
aftermath_jun-jul,0478_005,IRAN,diplomacy,1,False,True
aftermath_jun-jul,0478_007,USA,military_action,14,False,False
aftermath_jun-jul,0478_007,USA,nuclear_program,10,False,False
aftermath_jun-jul,0478_007,USA,diplomacy,8,False,False
aftermath_jun-jul,0478_007,ISRAEL,military_action,18,False,False
aftermath_jun-jul,0478_007,ISRAEL,nuclear_program,8,False,False
aftermath_jun-jul,0478_007,ISRAEL,diplomacy,6,False,False
aftermath_jun-jul,0478_007,IRAN,military_action,10,False,False
aftermath_jun-jul,0478_007,IRAN,nuclear_program,0,False,False
aftermath_jun-jul,0478_007,IRAN,diplomacy,0,False,False
aftermath_jun-jul,0478_008,IRAN,diplomacy,7,False,False
aftermath_jun-jul,0479_006,ISRAEL,military_action,20,False,False
aftermath_jun-jul,0479_006,IRAN,military_action,18,False,False
aftermath_jun-jul,0479_007,USA,military_action,0,False,True
aftermath_jun-jul,0479_007,USA,nuclear_program,4,False,True
aftermath_jun-jul,0479_007,IRAN,military_action,2,False,True
aftermath_jun-jul,0479_007,IRAN,nuclear_program,0,False,True
aftermath_jun-jul,0479_010,IRAN,military_action,14,False,False
aftermath_jun-jul,0479_010,IRAN,diplomacy,22,False,False
aftermath_jun-jul,0479_010,USA,military_action,7,False,False
aftermath_jun-jul,0479_010,USA,diplomacy,15,False,False
aftermath_jun-jul,0479_010,QATAR,military_action,4,False,False
aftermath_jun-jul,0479_010,QATAR,diplomacy,12,False,False
aftermath_jun-jul,0480_001,IRAN,strike_claims,7,False,False
aftermath_jun-jul,0480_001,ISRAEL,strike_claims,19,False,False
aftermath_jun-jul,0480_001,USA,strike_claims,17,False,False
aftermath_jun-jul,0480_004,ARAGHCHI,military_action,10,False,True
aftermath_jun-jul,0480_004,IRAN,military_action,14,False,True
aftermath_jun-jul,0480_004,ISRAEL,military_action,2,False,True
aftermath_jun-jul,0480_004,USA,military_action,0,False,True
aftermath_jun-jul,0480_005,ARAGHCHI,deterrence,34,True,True
aftermath_jun-jul,0480_005,IRAN,deterrence,16,False,True
aftermath_jun-jul,0480_005,ISRAEL,deterrence,3,False,True
aftermath_jun-jul,0480_006,ARAGHCHI,strike_claims,27,False,False
aftermath_jun-jul,0480_006,IAEA,strike_claims,15,False,False
aftermath_jun-jul,0480_006,ISRAEL,strike_claims,8,False,False
aftermath_jun-jul,0480_009,ISRAEL,military_action,3,True,True
aftermath_jun-jul,0480_009,IRAN,military_action,1,False,True
aftermath_jun-jul,0480_011,IRAN,military_action,0,False,False
aftermath_jun-jul,0480_012,ISRAEL,military_action,2,False,False
aftermath_jun-jul,0480_015,ISRAEL,military_action,1,False,False
aftermath_jun-jul,0480_015,USA,military_action,0,False,False
aftermath_jun-jul,0480_015,IRAN,military_action,1,False,False
aftermath_jun-jul,0481_000,EU,diplomacy,23,False,False
aftermath_jun-jul,0481_000,GERMANY,diplomacy,12,False,False
aftermath_jun-jul,0481_000,FRANCE,diplomacy,11,False,False
aftermath_jun-jul,0481_000,UK,diplomacy,8,False,False
aftermath_jun-jul,0481_000,ARAGHCHI,diplomacy,7,False,False
aftermath_jun-jul,0481_001,ARAGHCHI,deterrence,38,False,True
aftermath_jun-jul,0481_001,ARAGHCHI,diplomacy,11,False,True
aftermath_jun-jul,0481_001,USA,deterrence,12,False,True
aftermath_jun-jul,0481_001,USA,diplomacy,6,False,True
aftermath_jun-jul,0481_001,EU,deterrence,21,False,True
aftermath_jun-jul,0481_001,EU,diplomacy,4,False,True
aftermath_jun-jul,0481_001,IRAN,deterrence,2,False,True
aftermath_jun-jul,0481_001,IRAN,diplomacy,8,False,True
aftermath_jun-jul,0481_002,ARAGHCHI,diplomacy,18,True,True
aftermath_jun-jul,0481_003,ARAGHCHI,deterrence,3,False,False
aftermath_jun-jul,0481_003,ARAGHCHI,diplomacy,14,False,False
aftermath_jun-jul,0481_003,EU,deterrence,0,False,False
aftermath_jun-jul,0481_003,EU,diplomacy,11,False,False
aftermath_jun-jul,0481_004,IRAN,diplomacy,12,False,False
aftermath_jun-jul,0481_009,IRAN,nuclear_program,13,False,False
aftermath_jun-jul,0481_009,USA,nuclear_program,9,False,False
aftermath_jun-jul,0481_009,ISRAEL,nuclear_program,5,False,False
aftermath_jun-jul,0481_010,OMAN,military_action,12,False,False
aftermath_jun-jul,0481_012,USA,military_action,8,False,False
aftermath_jun-jul,0481_012,USA,nuclear_program,26,False,False
aftermath_jun-jul,0481_012,USA,strike_claims,17,False,False
aftermath_jun-jul,0481_012,IRAN,military_action,2,False,False
aftermath_jun-jul,0481_012,IRAN,nuclear_program,20,False,False
aftermath_jun-jul,0481_012,IRAN,strike_claims,11,False,False
aftermath_jun-jul,0481_015,IRAN,diplomacy,9,False,False
aftermath_jun-jul,0481_015,EU,diplomacy,7,False,False
aftermath_jun-jul,0482_003,ARAGHCHI,nuclear_program,13,True,True
aftermath_jun-jul,0482_003,IRAN,nuclear_program,10,False,True
aftermath_jun-jul,0482_004,ARAGHCHI,nuclear_program,25,False,False
aftermath_jun-jul,0482_004,ISRAEL,nuclear_program,18,False,False
aftermath_jun-jul,0482_004,USA,nuclear_program,15,False,False
aftermath_jun-jul,0482_006,RUSSIA,military_action,5,False,True
aftermath_jun-jul,0482_006,IRAN,military_action,1,False,True
aftermath_jun-jul,0482_007,RUSSIA,deterrence,9,False,False
aftermath_jun-jul,0482_011,IRAN,nuclear_program,3,False,False
aftermath_jun-jul,0483_003,IRAN,military_action,15,False,False
aftermath_jun-jul,0483_003,ISRAEL,military_action,4,False,False
aftermath_jun-jul,0483_003,USA,military_action,7,False,False
aftermath_jun-jul,0483_009,IRAN,nuclear_program,3,False,False
aftermath_jun-jul,0483_010,ISRAEL,nuclear_program,9,False,False
aftermath_jun-jul,0483_015,GAZA,strike_claims,13,False,False
aftermath_jun-jul,0483_015,ISRAEL,strike_claims,10,False,False
aftermath_jun-jul,0484_001,IRAN,diplomacy,5,False,True
aftermath_jun-jul,0484_001,RUSSIA,diplomacy,19,False,True
aftermath_jun-jul,0484_001,USA,diplomacy,1,False,True
aftermath_jun-jul,0484_002,RUSSIA,diplomacy,19,False,False
aftermath_jun-jul,0484_002,IRAN,diplomacy,6,False,False
aftermath_jun-jul,0484_005,IRAN,military_action,1,False,False
aftermath_jun-jul,0484_005,IRAN,strike_claims,2,False,False
aftermath_jun-jul,0484_006,IAEA,nuclear_program,1,False,False
aftermath_jun-jul,0484_007,IAEA,military_action,4,False,False
aftermath_jun-jul,0484_013,USA,military_action,8,False,False
aftermath_jun-jul,0484_013,USA,nuclear_program,11,False,False
aftermath_jun-jul,0484_013,USA,strike_claims,16,False,False
aftermath_jun-jul,0484_013,ISRAEL,military_action,6,False,False
aftermath_jun-jul,0484_013,ISRAEL,nuclear_program,9,False,False
aftermath_jun-jul,0484_013,ISRAEL,strike_claims,14,False,False
aftermath_jun-jul,0484_013,IRAN,military_action,1,False,False
aftermath_jun-jul,0484_013,IRAN,nuclear_program,0,False,False
aftermath_jun-jul,0484_013,IRAN,strike_claims,5,False,False
aftermath_jun-jul,0484_014,ISRAEL,diplomacy,3,False,False
aftermath_jun-jul,0484_014,IRAN,diplomacy,4,False,False
aftermath_jun-jul,0484_014,RUSSIA,diplomacy,7,False,False
aftermath_jun-jul,0484_014,USA,diplomacy,10,False,False
aftermath_jun-jul,0484_017,USA,diplomacy,7,False,False
aftermath_jun-jul,0485_000,IRAN,nuclear_program,1,False,True
aftermath_jun-jul,0485_000,ARAGHCHI,nuclear_program,8,False,True
aftermath_jun-jul,0485_002,ARAGHCHI,diplomacy,3,True,True
aftermath_jun-jul,0485_003,USA,diplomacy,29,False,True
aftermath_jun-jul,0485_003,IRAN,diplomacy,7,False,True
aftermath_jun-jul,0485_003,TRUMP,diplomacy,2,False,True
aftermath_jun-jul,0485_006,ARAGHCHI,military_action,22,True,True
aftermath_jun-jul,0485_006,ARAGHCHI,diplomacy,16,True,True
aftermath_jun-jul,0485_006,IRAN,military_action,28,False,True
aftermath_jun-jul,0485_006,IRAN,diplomacy,22,False,True
aftermath_jun-jul,0485_008,ARAGHCHI,nuclear_program,38,False,True
aftermath_jun-jul,0485_008,IRAN,nuclear_program,0,False,True
aftermath_jun-jul,0485_008,USA,nuclear_program,17,False,True
aftermath_jun-jul,0485_008,WITKOFF,nuclear_program,33,False,True
aftermath_jun-jul,0485_010,ARAGHCHI,diplomacy,13,True,True
aftermath_jun-jul,0485_014,ARAGHCHI,military_action,16,True,True
aftermath_jun-jul,0485_014,ARAGHCHI,diplomacy,18,True,True
aftermath_jun-jul,0485_014,IRAN,military_action,3,False,True
aftermath_jun-jul,0485_014,IRAN,diplomacy,5,False,True
aftermath_jun-jul,0485_017,IRAN,nuclear_program,0,False,False
aftermath_jun-jul,0485_017,IRAN,diplomacy,4,False,False
aftermath_jun-jul,0485_018,ARAGHCHI,military_action,34,False,False
aftermath_jun-jul,0485_018,ARAGHCHI,nuclear_program,4,False,False
aftermath_jun-jul,0485_018,IRAN,military_action,24,False,False
aftermath_jun-jul,0485_018,IRAN,nuclear_program,4,False,False
aftermath_jun-jul,0485_019,ARAGHCHI,military_action,0,False,False
aftermath_jun-jul,0485_019,ARAGHCHI,nuclear_program,9,False,False
aftermath_jun-jul,0485_020,ARAGHCHI,diplomacy,8,True,True
aftermath_jun-jul,0485_020,IRAN,diplomacy,1,False,True
aftermath_jun-jul,0485_021,IRAN,nuclear_program,24,True,True
aftermath_jun-jul,0485_021,KHAMENEI,nuclear_program,4,False,True
aftermath_jun-jul,0485_024,ARAGHCHI,diplomacy,4,False,False
aftermath_jun-jul,0485_025,ARAGHCHI,nuclear_program,15,False,True
aftermath_jun-jul,0485_025,ARAGHCHI,diplomacy,9,False,True
aftermath_jun-jul,0485_025,TRUMP,nuclear_program,5,False,True
aftermath_jun-jul,0485_025,TRUMP,diplomacy,15,False,True
aftermath_jun-jul,0485_025,IRAN,nuclear_program,3,False,True
aftermath_jun-jul,0485_025,IRAN,diplomacy,13,False,True
aftermath_jun-jul,0485_025,USA,nuclear_program,2,True,True
aftermath_jun-jul,0485_025,USA,diplomacy,2,True,True
aftermath_jun-jul,0485_026,ARAGHCHI,diplomacy,12,False,False
aftermath_jun-jul,0485_029,ARAGHCHI,nuclear_program,7,True,True
aftermath_jun-jul,0485_029,IRAN,nuclear_program,1,True,True
aftermath_jun-jul,0486_000,IRAN,nuclear_program,1,False,True
aftermath_jun-jul,0486_000,ARAGHCHI,nuclear_program,8,False,True
aftermath_jun-jul,0486_002,ARAGHCHI,diplomacy,3,True,True
aftermath_jun-jul,0486_003,USA,diplomacy,29,False,True
aftermath_jun-jul,0486_003,IRAN,diplomacy,7,False,True
aftermath_jun-jul,0486_003,TRUMP,diplomacy,2,False,True
aftermath_jun-jul,0486_006,USA,military_action,0,True,True
aftermath_jun-jul,0486_006,USA,diplomacy,1,True,True
aftermath_jun-jul,0486_006,ARAGHCHI,military_action,26,True,True
aftermath_jun-jul,0486_006,ARAGHCHI,diplomacy,20,True,True
aftermath_jun-jul,0486_006,IRAN,military_action,32,False,True
aftermath_jun-jul,0486_006,IRAN,diplomacy,26,False,True
aftermath_jun-jul,0486_008,ARAGHCHI,nuclear_program,38,False,True
aftermath_jun-jul,0486_008,IRAN,nuclear_program,0,False,True
aftermath_jun-jul,0486_008,USA,nuclear_program,17,False,True
aftermath_jun-jul,0486_008,WITKOFF,nuclear_program,33,False,True
aftermath_jun-jul,0486_010,ARAGHCHI,diplomacy,13,True,True
aftermath_jun-jul,0486_014,ARAGHCHI,military_action,16,True,True
aftermath_jun-jul,0486_014,ARAGHCHI,diplomacy,18,True,True
aftermath_jun-jul,0486_014,IRAN,military_action,3,False,True
aftermath_jun-jul,0486_014,IRAN,diplomacy,5,False,True
aftermath_jun-jul,0486_017,IRAN,nuclear_program,0,False,False
aftermath_jun-jul,0486_017,IRAN,diplomacy,4,False,False
aftermath_jun-jul,0486_018,ARAGHCHI,military_action,34,False,False
aftermath_jun-jul,0486_018,ARAGHCHI,nuclear_program,4,False,False
aftermath_jun-jul,0486_018,IRAN,military_action,24,False,False
aftermath_jun-jul,0486_018,IRAN,nuclear_program,4,False,False
aftermath_jun-jul,0486_019,ARAGHCHI,military_action,0,False,False
aftermath_jun-jul,0486_019,ARAGHCHI,nuclear_program,9,False,False
aftermath_jun-jul,0486_020,ARAGHCHI,diplomacy,8,True,True
aftermath_jun-jul,0486_020,IRAN,diplomacy,1,False,True
aftermath_jun-jul,0486_021,IRAN,nuclear_program,24,True,True
aftermath_jun-jul,0486_021,KHAMENEI,nuclear_program,4,False,True
aftermath_jun-jul,0486_024,ARAGHCHI,diplomacy,4,False,False
aftermath_jun-jul,0486_025,ARAGHCHI,nuclear_program,15,False,True
aftermath_jun-jul,0486_025,ARAGHCHI,diplomacy,9,False,True
aftermath_jun-jul,0486_025,TRUMP,nuclear_program,5,False,True
aftermath_jun-jul,0486_025,TRUMP,diplomacy,15,False,True
aftermath_jun-jul,0486_025,IRAN,nuclear_program,3,False,True
aftermath_jun-jul,0486_025,IRAN,diplomacy,13,False,True
aftermath_jun-jul,0486_025,USA,nuclear_program,2,True,True
aftermath_jun-jul,0486_025,USA,diplomacy,2,True,True
aftermath_jun-jul,0486_026,ARAGHCHI,diplomacy,12,False,False
aftermath_jun-jul,0486_030,ARAGHCHI,nuclear_program,30,True,True
aftermath_jun-jul,0486_030,IRAN,nuclear_program,11,True,True
aftermath_jun-jul,0487_015,KHAMENEI,nuclear_program,8,True,True
aftermath_jun-jul,0487_017,ISRAEL,military_action,16,False,True
aftermath_jun-jul,0487_017,IRAN,military_action,11,False,True
aftermath_jun-jul,0487_020,USA,military_action,7,False,False
aftermath_jun-jul,0487_020,USA,nuclear_program,11,False,False
aftermath_jun-jul,0487_020,USA,diplomacy,22,False,False
aftermath_jun-jul,0487_020,IRAN,military_action,2,False,False
aftermath_jun-jul,0487_020,IRAN,nuclear_program,0,False,False
aftermath_jun-jul,0487_020,IRAN,diplomacy,11,False,False
aftermath_jun-jul,0487_020,ISRAEL,military_action,17,False,False
aftermath_jun-jul,0487_020,ISRAEL,nuclear_program,12,False,False
aftermath_jun-jul,0487_020,ISRAEL,diplomacy,2,False,False
aftermath_jun-jul,0487_022,ISRAEL,military_action,3,False,False
aftermath_jun-jul,0487_022,USA,military_action,1,False,False
aftermath_jun-jul,0487_022,QATAR,military_action,12,False,False
aftermath_jun-jul,0488_002,ARAGHCHI,military_action,5,False,False
aftermath_jun-jul,0488_002,ARAGHCHI,nuclear_program,27,False,False
aftermath_jun-jul,0488_002,ARAGHCHI,strike_claims,16,False,False
aftermath_jun-jul,0488_002,ISRAEL,military_action,2,False,False
aftermath_jun-jul,0488_002,ISRAEL,nuclear_program,24,False,False
aftermath_jun-jul,0488_002,ISRAEL,strike_claims,13,False,False
aftermath_jun-jul,0488_002,USA,military_action,0,False,False
aftermath_jun-jul,0488_002,USA,nuclear_program,22,False,False
aftermath_jun-jul,0488_002,USA,strike_claims,11,False,False
aftermath_jun-jul,0488_002,IRAN,military_action,1,False,False
aftermath_jun-jul,0488_002,IRAN,nuclear_program,18,False,False
aftermath_jun-jul,0488_002,IRAN,strike_claims,7,False,False
aftermath_jun-jul,0488_002,SYRIA,military_action,14,False,False
aftermath_jun-jul,0488_002,SYRIA,nuclear_program,36,False,False
aftermath_jun-jul,0488_002,SYRIA,strike_claims,25,False,False
aftermath_jun-jul,0488_002,LEBANON,military_action,12,False,False
aftermath_jun-jul,0488_002,LEBANON,nuclear_program,34,False,False
aftermath_jun-jul,0488_002,LEBANON,strike_claims,23,False,False
aftermath_jun-jul,0488_002,GAZA,military_action,6,False,False
aftermath_jun-jul,0488_002,GAZA,nuclear_program,28,False,False
aftermath_jun-jul,0488_002,GAZA,strike_claims,17,False,False
aftermath_jun-jul,0488_006,ARAGHCHI,strike_claims,15,True,True
aftermath_jun-jul,0488_006,ISRAEL,strike_claims,3,False,True
aftermath_jun-jul,0488_008,IRAN,diplomacy,3,False,False
aftermath_jun-jul,0489_004,PEZESHKIAN,diplomacy,13,False,False
aftermath_jun-jul,0489_009,ISRAEL,nuclear_program,26,True,True
aftermath_jun-jul,0489_009,IRAN,nuclear_program,0,False,True
aftermath_jun-jul,0489_009,USA,nuclear_program,3,False,True
aftermath_jun-jul,0489_010,ISRAEL,military_action,0,False,False
aftermath_jun-jul,0489_010,ISRAEL,nuclear_program,1,False,False
aftermath_jun-jul,0489_013,ISRAEL,military_action,0,False,False
aftermath_jun-jul,0489_013,IRAN,military_action,5,False,False
aftermath_jun-jul,0489_014,IRAN,diplomacy,5,False,False
aftermath_jun-jul,0489_014,USA,diplomacy,1,False,False
aftermath_jun-jul,0489_015,IRAN,diplomacy,1,False,False
aftermath_jun-jul,0490_001,ARAGHCHI,deterrence,7,False,False
aftermath_jun-jul,0490_001,USA,deterrence,3,False,False
aftermath_jun-jul,0490_001,ISRAEL,deterrence,5,False,False
aftermath_jun-jul,0490_001,IRAN,deterrence,9,False,False
aftermath_jun-jul,0490_003,IRAN,deterrence,19,False,False
aftermath_jun-jul,0490_005,ARAGHCHI,deterrence,20,False,False
aftermath_jun-jul,0490_005,USA,deterrence,1,False,False
aftermath_jun-jul,0490_005,IRAN,deterrence,0,False,False
aftermath_jun-jul,0490_009,IRAN,nuclear_program,16,False,False
aftermath_jun-jul,0490_009,USA,nuclear_program,5,False,False
aftermath_jun-jul,0490_010,IRAN,nuclear_program,2,False,True
aftermath_jun-jul,0490_010,ARAGHCHI,nuclear_program,7,True,True
aftermath_jun-jul,0490_013,IRAN,military_action,1,False,False
aftermath_jun-jul,0490_014,ARAGHCHI,nuclear_program,15,False,False
aftermath_jun-jul,0490_014,ARAGHCHI,deterrence,8,False,False
aftermath_jun-jul,0490_014,ARAGHCHI,diplomacy,3,False,False
aftermath_jun-jul,0490_016,IRAN,nuclear_program,5,False,False
aftermath_jun-jul,0490_018,ARAGHCHI,nuclear_program,13,True,True
aftermath_jun-jul,0490_021,IRAN,military_action,6,False,False
aftermath_jun-jul,0490_021,ARAGHCHI,military_action,1,False,False
aftermath_jun-jul,0491_008,PEZESHKIAN,deterrence,17,False,False
aftermath_jun-jul,0491_010,ISRAEL,military_action,19,False,False
aftermath_jun-jul,0491_010,IRAN,military_action,17,False,False
aftermath_jun-jul,0491_011,USA,military_action,9,False,False
aftermath_jun-jul,0491_011,USA,nuclear_program,13,False,False
aftermath_jun-jul,0491_011,IRAN,military_action,2,False,False
aftermath_jun-jul,0491_011,IRAN,nuclear_program,0,False,False
aftermath_jun-jul,0491_012,IRAN,military_action,3,False,False
aftermath_jun-jul,0491_012,ISRAEL,military_action,2,False,False
aftermath_jun-jul,0491_012,USA,military_action,5,False,False
aftermath_jun-jul,0491_012,QATAR,military_action,8,False,False
aftermath_jun-jul,0492_003,USA,diplomacy,2,False,False
aftermath_jun-jul,0492_005,ISRAEL,military_action,19,False,False
aftermath_jun-jul,0492_005,IRAN,military_action,17,False,False
aftermath_jun-jul,0492_006,IRAN,nuclear_program,1,False,False
aftermath_jun-jul,0492_006,USA,nuclear_program,3,False,False
aftermath_jun-jul,0492_007,IRAN,diplomacy,2,False,False
aftermath_jun-jul,0492_010,USA,deterrence,7,False,False
aftermath_jun-jul,0492_010,ISRAEL,deterrence,5,False,False
aftermath_jun-jul,0492_010,IRAN,deterrence,2,False,False
aftermath_jun-jul,0492_014,ISRAEL,diplomacy,11,False,False
aftermath_jun-jul,0492_014,IRAN,diplomacy,8,False,False
aftermath_jun-jul,0492_014,USA,diplomacy,3,False,False
aftermath_jun-jul,0492_019,EU,diplomacy,9,False,False
aftermath_jun-jul,0492_019,IRAN,diplomacy,1,False,False
aftermath_jun-jul,0493_005,ISRAEL,military_action,19,False,False
aftermath_jun-jul,0493_005,ISRAEL,diplomacy,9,False,False
aftermath_jun-jul,0493_005,ISRAEL,strike_claims,35,False,False
aftermath_jun-jul,0493_005,USA,military_action,14,False,False
aftermath_jun-jul,0493_005,USA,diplomacy,4,False,False
aftermath_jun-jul,0493_005,USA,strike_claims,30,False,False
aftermath_jun-jul,0493_005,IRAN,military_action,12,False,False
aftermath_jun-jul,0493_005,IRAN,diplomacy,2,False,False
aftermath_jun-jul,0493_005,IRAN,strike_claims,2,False,False
aftermath_jun-jul,0493_009,ISRAEL,strike_claims,18,False,False
aftermath_jun-jul,0493_009,USA,strike_claims,15,False,False
aftermath_jun-jul,0493_009,IRAN,strike_claims,1,False,False
aftermath_jun-jul,0493_010,IRAN,military_action,0,False,False
aftermath_jun-jul,0493_010,IRAN,diplomacy,16,False,False
aftermath_jun-jul,0493_010,IRAN,strike_claims,2,False,False
aftermath_jun-jul,0493_011,IRAN,strike_claims,23,False,False
aftermath_jun-jul,0493_014,IRAN,military_action,22,False,False
aftermath_jun-jul,0493_014,IRAN,nuclear_program,0,False,False
aftermath_jun-jul,0493_014,IRAN,diplomacy,16,False,False
aftermath_jun-jul,0493_014,IRAN,strike_claims,11,False,False
aftermath_jun-jul,0493_017,USA,military_action,14,False,True
aftermath_jun-jul,0493_017,USA,strike_claims,1,False,True
aftermath_jun-jul,0493_017,EU,military_action,38,False,True
aftermath_jun-jul,0493_017,EU,strike_claims,20,False,True
aftermath_jun-jul,0493_017,ISRAEL,military_action,12,False,True
aftermath_jun-jul,0493_017,ISRAEL,strike_claims,3,False,True
aftermath_jun-jul,0493_017,IRAN,military_action,8,False,True
aftermath_jun-jul,0493_017,IRAN,strike_claims,7,False,True
aftermath_jun-jul,0493_021,USA,military_action,0,False,True
aftermath_jun-jul,0493_021,ISRAEL,military_action,0,False,True
aftermath_jun-jul,0493_022,ISRAEL,military_action,5,False,False
aftermath_jun-jul,0493_022,USA,military_action,1,False,False
aftermath_jun-jul,0493_026,ISRAEL,military_action,16,False,True
aftermath_jun-jul,0493_026,IRAN,military_action,13,True,True
aftermath_jun-jul,0493_029,USA,deterrence,2,False,True
aftermath_jun-jul,0493_029,ISRAEL,deterrence,18,False,True
aftermath_jun-jul,0493_035,USA,military_action,15,False,False
aftermath_jun-jul,0493_035,USA,strike_claims,28,False,False
aftermath_jun-jul,0493_035,IRAN,military_action,1,False,False
aftermath_jun-jul,0493_035,IRAN,strike_claims,10,False,False
aftermath_jun-jul,0493_035,ISRAEL,military_action,5,False,False
aftermath_jun-jul,0493_035,ISRAEL,strike_claims,6,False,False
aftermath_jun-jul,0493_036,IRAN,diplomacy,9,False,True
aftermath_jun-jul,0493_036,TRUMP,diplomacy,2,True,True
aftermath_jun-jul,0493_045,USA,diplomacy,3,True,True
aftermath_jun-jul,0493_052,USA,military_action,9,False,False
aftermath_jun-jul,0493_052,USA,diplomacy,4,False,False
aftermath_jun-jul,0493_052,IRAN,military_action,22,False,False
aftermath_jun-jul,0493_052,IRAN,diplomacy,5,False,False
aftermath_jun-jul,0493_053,TRUMP,diplomacy,7,False,False
aftermath_jun-jul,0493_058,TRUMP,diplomacy,7,False,False
aftermath_jun-jul,0493_060,IRAN,diplomacy,3,False,True
aftermath_jun-jul,0493_063,ISRAEL,diplomacy,8,False,True
aftermath_jun-jul,0493_064,ISRAEL,deterrence,1,True,True
aftermath_jun-jul,0493_064,ISRAEL,diplomacy,5,True,True
aftermath_jun-jul,0493_067,ISRAEL,diplomacy,12,False,False
aftermath_jun-jul,0493_069,ISRAEL,diplomacy,5,False,True
aftermath_jun-jul,0493_069,IRAN,diplomacy,1,False,True
aftermath_jun-jul,0493_069,LEBANON,diplomacy,7,False,True
aftermath_jun-jul,0493_070,USA,military_action,9,False,True
aftermath_jun-jul,0493_070,USA,deterrence,25,False,True
aftermath_jun-jul,0493_070,ISRAEL,military_action,5,False,True
aftermath_jun-jul,0493_070,ISRAEL,deterrence,22,False,True
aftermath_jun-jul,0493_070,IRAN,military_action,0,False,True
aftermath_jun-jul,0493_070,IRAN,deterrence,11,False,True
aftermath_jun-jul,0494_000,IRAN,nuclear_program,0,False,False
aftermath_jun-jul,0494_000,IRAN,diplomacy,3,False,False
aftermath_jun-jul,0494_000,ARAGHCHI,nuclear_program,14,False,False
aftermath_jun-jul,0494_000,ARAGHCHI,diplomacy,9,False,False
aftermath_jun-jul,0494_001,ARAGHCHI,nuclear_program,20,False,True
aftermath_jun-jul,0494_001,ARAGHCHI,diplomacy,6,False,True
aftermath_jun-jul,0494_001,IRAN,nuclear_program,0,False,True
aftermath_jun-jul,0494_001,IRAN,diplomacy,12,False,True
aftermath_jun-jul,0494_001,EU,nuclear_program,3,False,True
aftermath_jun-jul,0494_001,EU,diplomacy,18,False,True
aftermath_jun-jul,0494_002,EU,diplomacy,8,False,True
aftermath_jun-jul,0494_002,UK,diplomacy,3,False,True
aftermath_jun-jul,0494_002,IRAN,diplomacy,17,False,True
aftermath_jun-jul,0494_004,USA,diplomacy,3,False,True
aftermath_jun-jul,0494_004,IRAN,diplomacy,2,False,True
aftermath_jun-jul,0494_005,IRAN,nuclear_program,2,True,True
aftermath_jun-jul,0494_007,IRAN,nuclear_program,0,False,False
aftermath_jun-jul,0494_007,EU,nuclear_program,26,False,False
aftermath_jun-jul,0494_007,USA,nuclear_program,20,False,False
aftermath_jun-jul,0494_007,ARAGHCHI,nuclear_program,9,False,False
aftermath_jun-jul,0495_006,ISRAEL,military_action,19,False,False
aftermath_jun-jul,0495_006,IRAN,military_action,17,False,False
aftermath_jun-jul,0495_007,IRAN,nuclear_program,1,False,False
aftermath_jun-jul,0495_007,USA,nuclear_program,3,False,False
aftermath_jun-jul,0495_010,ISRAEL,military_action,1,True,True
aftermath_jun-jul,0496_002,IRAN,military_action,17,False,False
aftermath_jun-jul,0496_004,ISRAEL,strike_claims,17,False,False
aftermath_jun-jul,0496_004,IRAN,strike_claims,0,False,False
aftermath_jun-jul,0496_007,IRAN,deterrence,8,False,False
aftermath_jun-jul,0496_009,ISRAEL,military_action,19,False,False
aftermath_jun-jul,0496_009,IRAN,military_action,17,False,False
aftermath_jun-jul,0496_010,USA,military_action,5,False,False
aftermath_jun-jul,0496_010,USA,nuclear_program,8,False,False
aftermath_jun-jul,0496_010,IRAN,military_action,1,False,False
aftermath_jun-jul,0496_010,IRAN,nuclear_program,0,False,False
aftermath_jun-jul,0496_011,ISRAEL,military_action,7,False,False
aftermath_jun-jul,0496_011,ISRAEL,diplomacy,3,False,False
aftermath_jun-jul,0496_011,IRAN,military_action,1,False,False
aftermath_jun-jul,0496_011,IRAN,diplomacy,5,False,False
aftermath_jun-jul,0496_012,IRAN,military_action,17,False,False
aftermath_jun-jul,0497_005,ISRAEL,military_action,1,False,False
aftermath_jun-jul,0497_005,IRAN,military_action,2,False,False
aftermath_jun-jul,0497_005,USA,military_action,4,False,False
aftermath_jun-jul,0497_006,IRAN,diplomacy,11,False,True
aftermath_jun-jul,0497_006,PEZESHKIAN,diplomacy,8,True,True
aftermath_jun-jul,0497_008,ISRAEL,military_action,19,False,False
aftermath_jun-jul,0497_008,IRAN,military_action,17,False,False
aftermath_jun-jul,0497_009,USA,military_action,9,False,False
aftermath_jun-jul,0497_009,USA,nuclear_program,13,False,False
aftermath_jun-jul,0497_009,IRAN,military_action,2,False,False
aftermath_jun-jul,0497_009,IRAN,nuclear_program,0,False,False
aftermath_jun-jul,0497_010,IRAN,military_action,3,False,False
aftermath_jun-jul,0497_010,ISRAEL,military_action,2,False,False
aftermath_jun-jul,0497_010,USA,military_action,5,False,False
aftermath_jun-jul,0497_010,QATAR,military_action,8,False,False
aftermath_jun-jul,0497_011,IRAN,strike_claims,6,False,False
aftermath_jun-jul,0497_011,PEZESHKIAN,strike_claims,8,False,False
aftermath_jun-jul,0497_014,IAEA,military_action,2,True,True
aftermath_jun-jul,0497_014,IAEA,strike_claims,3,True,True
aftermath_jun-jul,0497_014,IRAN,military_action,1,False,True
aftermath_jun-jul,0497_014,IRAN,strike_claims,9,False,True
aftermath_jun-jul,0497_019,PEZESHKIAN,military_action,19,True,True
aftermath_jun-jul,0497_019,ISRAEL,military_action,0,False,True
aftermath_jun-jul,0497_019,GAZA,military_action,11,False,True
aftermath_jun-jul,0497_019,IRAN,military_action,4,False,True
aftermath_jun-jul,0498_001,ARAGHCHI,strike_claims,14,False,False
aftermath_jun-jul,0498_001,IRAN,strike_claims,3,False,False
aftermath_jun-jul,0498_001,EU,strike_claims,14,False,False
aftermath_jun-jul,0498_001,ISRAEL,strike_claims,10,False,False
aftermath_jun-jul,0498_001,USA,strike_claims,27,False,False
aftermath_jun-jul,0498_002,ARAGHCHI,strike_claims,17,False,False
aftermath_jun-jul,0498_006,IRAN,military_action,1,False,False
aftermath_jun-jul,0498_006,IRAN,deterrence,17,False,False
aftermath_jun-jul,0498_008,ISRAEL,military_action,4,False,False
aftermath_jun-jul,0498_008,IRAN,military_action,1,False,False
aftermath_jun-jul,0498_009,IRAN,military_action,23,False,False
aftermath_jun-jul,0498_009,IRAN,diplomacy,18,False,False
aftermath_jun-jul,0499_001,ISRAEL,military_action,0,False,False
aftermath_jun-jul,0499_001,ISRAEL,strike_claims,8,False,False
aftermath_jun-jul,0499_001,IRAN,military_action,1,False,False
aftermath_jun-jul,0499_001,IRAN,strike_claims,10,False,False
aftermath_jun-jul,0499_002,GAZA,military_action,23,False,False
aftermath_jun-jul,0499_002,GAZA,strike_claims,18,False,False
aftermath_jun-jul,0499_002,LEBANON,military_action,19,False,False
aftermath_jun-jul,0499_002,LEBANON,strike_claims,24,False,False
aftermath_jun-jul,0499_002,SYRIA,military_action,17,False,False
aftermath_jun-jul,0499_002,SYRIA,strike_claims,26,False,False
aftermath_jun-jul,0499_002,IRAN,military_action,1,False,False
aftermath_jun-jul,0499_002,IRAN,strike_claims,46,False,False
aftermath_jun-jul,0499_005,ISRAEL,military_action,1,False,False
aftermath_jun-jul,0499_005,IRAN,military_action,1,False,False
aftermath_jun-jul,0499_007,IRAN,strike_claims,0,False,True
aftermath_jun-jul,0499_010,ISRAEL,strike_claims,6,False,False
aftermath_jun-jul,0499_010,USA,strike_claims,3,False,False
aftermath_jun-jul,0499_012,ISRAEL,military_action,7,False,True
aftermath_jun-jul,0499_012,IRAN,military_action,1,False,True
aftermath_jun-jul,0499_014,ISRAEL,strike_claims,2,False,False
aftermath_jun-jul,0499_017,IRAN,strike_claims,8,False,True
aftermath_jun-jul,0499_017,ISRAEL,strike_claims,6,False,True
aftermath_jun-jul,0499_021,ISRAEL,military_action,0,False,True
aftermath_jun-jul,0499_021,ISRAEL,nuclear_program,2,False,True
aftermath_jun-jul,0499_022,IAEA,nuclear_program,10,False,False
aftermath_jun-jul,0499_022,IRAN,nuclear_program,0,False,False
aftermath_jun-jul,0499_023,IRAN,military_action,1,False,False
aftermath_jun-jul,0499_023,IRAN,strike_claims,4,False,False
aftermath_jun-jul,0499_026,ISRAEL,military_action,10,False,False
aftermath_jun-jul,0499_026,USA,military_action,5,False,False
aftermath_jun-jul,0499_026,IRAN,military_action,2,False,False
aftermath_jun-jul,0499_027,USA,military_action,1,False,False
aftermath_jun-jul,0499_027,USA,nuclear_program,5,False,False
aftermath_jun-jul,0499_027,USA,strike_claims,21,False,False
aftermath_jun-jul,0499_039,ISRAEL,military_action,0,False,False
aftermath_jun-jul,0499_039,ISRAEL,strike_claims,13,False,False
aftermath_jun-jul,0499_039,IRAN,military_action,1,False,False
aftermath_jun-jul,0499_039,IRAN,strike_claims,10,False,False
aftermath_jun-jul,0499_041,IRAN,military_action,0,False,False
aftermath_jun-jul,0499_041,IRAN,strike_claims,5,False,False
aftermath_jun-jul,0500_002,EU,diplomacy,8,False,False
aftermath_jun-jul,0500_003,IRAN,diplomacy,1,False,False
aftermath_jun-jul,0500_005,IRAN,diplomacy,13,False,False
aftermath_jun-jul,0500_005,FRANCE,diplomacy,1,False,False
aftermath_jun-jul,0500_006,EU,deterrence,2,False,False
aftermath_jun-jul,0500_006,EU,diplomacy,9,False,False
aftermath_jun-jul,0500_006,USA,deterrence,19,False,False
aftermath_jun-jul,0500_006,USA,diplomacy,6,False,False
aftermath_jun-jul,0500_006,ISRAEL,deterrence,21,False,False
aftermath_jun-jul,0500_006,ISRAEL,diplomacy,8,False,False
aftermath_jun-jul,0500_007,EU,diplomacy,6,False,False
aftermath_jun-jul,0500_007,USA,diplomacy,0,False,False
aftermath_jun-jul,0500_007,IRAN,diplomacy,9,False,False
aftermath_jun-jul,0500_008,EU,diplomacy,1,False,False
aftermath_jun-jul,0500_008,IRAN,diplomacy,6,False,False
aftermath_jun-jul,0500_013,IRAN,nuclear_program,1,False,True
aftermath_jun-jul,0500_014,IRAN,diplomacy,6,False,False
aftermath_jun-jul,0500_016,IRAN,deterrence,0,False,True
aftermath_jun-jul,0500_016,IRAN,diplomacy,4,False,True
aftermath_jun-jul,0500_016,EU,deterrence,1,False,True
aftermath_jun-jul,0500_016,EU,diplomacy,7,False,True
aftermath_jun-jul,0501_001,ISRAEL,deterrence,5,False,False
aftermath_jun-jul,0501_001,IRAN,deterrence,2,False,False
aftermath_jun-jul,0501_002,FRANCE,nuclear_program,22,False,True
aftermath_jun-jul,0501_002,FRANCE,strike_claims,49,False,True
aftermath_jun-jul,0501_002,IRAN,nuclear_program,0,False,True
aftermath_jun-jul,0501_002,IRAN,strike_claims,27,False,True
aftermath_jun-jul,0501_002,ISRAEL,nuclear_program,4,False,True
aftermath_jun-jul,0501_002,ISRAEL,strike_claims,16,False,True
aftermath_jun-jul,0501_004,ISRAEL,deterrence,15,False,False
aftermath_jun-jul,0501_004,IRAN,deterrence,6,False,False
aftermath_jun-jul,0501_010,ISRAEL,military_action,20,False,False
aftermath_jun-jul,0501_010,IRAN,military_action,13,False,False
aftermath_jun-jul,0501_011,ISRAEL,military_action,5,False,False
aftermath_jun-jul,0501_012,IRAN,diplomacy,11,False,False
aftermath_jun-jul,0501_012,ISRAEL,diplomacy,17,False,False
aftermath_jun-jul,0502_001,ARAGHCHI,diplomacy,23,False,False
aftermath_jun-jul,0502_001,EU,diplomacy,18,False,False
aftermath_jun-jul,0502_001,ISRAEL,diplomacy,14,False,False
aftermath_jun-jul,0502_001,IRAN,diplomacy,11,False,False
aftermath_jun-jul,0502_003,IRAN,diplomacy,3,False,False
aftermath_jun-jul,0502_003,USA,diplomacy,1,False,False
aftermath_jun-jul,0502_004,USA,diplomacy,2,False,False
aftermath_jun-jul,0502_004,IRAN,diplomacy,2,False,False
aftermath_jun-jul,0502_005,ARAGHCHI,diplomacy,34,True,True
aftermath_jun-jul,0502_005,ISRAEL,diplomacy,10,False,True
aftermath_jun-jul,0502_005,USA,diplomacy,4,False,True
aftermath_jun-jul,0502_008,IRAN,diplomacy,9,False,False
aftermath_jun-jul,0502_008,USA,diplomacy,3,False,False
aftermath_jun-jul,0502_012,USA,diplomacy,0,False,False
aftermath_jun-jul,0502_016,ARAGHCHI,diplomacy,20,False,True
aftermath_jun-jul,0502_016,IRAN,diplomacy,13,False,True
aftermath_jun-jul,0502_017,ARAGHCHI,deterrence,14,False,True
aftermath_jun-jul,0502_017,ARAGHCHI,diplomacy,29,False,True
aftermath_jun-jul,0502_017,GERMANY,deterrence,23,False,True
aftermath_jun-jul,0502_017,GERMANY,diplomacy,38,False,True
aftermath_jun-jul,0502_017,FRANCE,deterrence,22,False,True
aftermath_jun-jul,0502_017,FRANCE,diplomacy,37,False,True
aftermath_jun-jul,0502_017,UK,deterrence,20,False,True
aftermath_jun-jul,0502_017,UK,diplomacy,35,False,True
aftermath_jun-jul,0502_017,EU,deterrence,9,False,True
aftermath_jun-jul,0502_017,EU,diplomacy,24,False,True
aftermath_jun-jul,0502_017,IRAN,deterrence,17,False,True
aftermath_jun-jul,0502_017,IRAN,diplomacy,1,False,True
aftermath_jun-jul,0502_017,USA,deterrence,19,False,True
aftermath_jun-jul,0502_017,USA,diplomacy,3,False,True
aftermath_jun-jul,0502_019,EU,deterrence,0,False,False
aftermath_jun-jul,0502_019,EU,diplomacy,12,False,False
aftermath_jun-jul,0502_019,IRAN,deterrence,13,False,False
aftermath_jun-jul,0502_019,IRAN,diplomacy,1,False,False
aftermath_jun-jul,0502_019,ARAGHCHI,deterrence,16,False,False
aftermath_jun-jul,0502_019,ARAGHCHI,diplomacy,4,False,False
aftermath_jun-jul,0502_019,UN_SECURITY_COUNCIL,deterrence,24,False,False
aftermath_jun-jul,0502_019,UN_SECURITY_COUNCIL,diplomacy,51,False,False
aftermath_jun-jul,0502_022,IRAN,nuclear_program,1,False,False
aftermath_jun-jul,0502_022,USA,nuclear_program,9,False,False
aftermath_jun-jul,0502_022,ISRAEL,nuclear_program,5,False,False
aftermath_jun-jul,0502_023,OMAN,military_action,12,False,False
aftermath_jun-jul,0502_025,USA,military_action,8,False,False
aftermath_jun-jul,0502_025,USA,nuclear_program,26,False,False
aftermath_jun-jul,0502_025,USA,diplomacy,36,False,False
aftermath_jun-jul,0502_025,USA,strike_claims,17,False,False
aftermath_jun-jul,0502_025,IRAN,military_action,2,False,False
aftermath_jun-jul,0502_025,IRAN,nuclear_program,17,False,False
aftermath_jun-jul,0502_025,IRAN,diplomacy,7,False,False
aftermath_jun-jul,0502_025,IRAN,strike_claims,11,False,False
aftermath_jun-jul,0503_001,ARAGHCHI,nuclear_program,20,False,False
aftermath_jun-jul,0503_001,ISRAEL,nuclear_program,13,False,False
aftermath_jun-jul,0503_002,ARAGHCHI,nuclear_program,3,False,False
aftermath_jun-jul,0503_002,IRAN,nuclear_program,0,False,False
aftermath_jun-jul,0503_002,IAEA,nuclear_program,11,False,False
aftermath_jun-jul,0503_003,ARAGHCHI,military_action,11,True,True
aftermath_jun-jul,0503_003,USA,military_action,6,False,True
aftermath_jun-jul,0503_003,ISRAEL,military_action,3,False,True
aftermath_jun-jul,0503_003,IRAN,military_action,1,False,True
aftermath_jun-jul,0503_004,IRAN,military_action,5,False,False
aftermath_jun-jul,0503_004,IRAN,nuclear_program,1,False,False
aftermath_jun-jul,0503_004,IRAN,strike_claims,3,False,False
aftermath_jun-jul,0503_020,IRAN,military_action,15,False,False
aftermath_jun-jul,0503_020,USA,military_action,14,False,False
aftermath_jun-jul,0503_020,ISRAEL,military_action,8,False,False
aftermath_jun-jul,0503_024,ISRAEL,military_action,2,False,False
aftermath_jun-jul,0503_024,ISRAEL,strike_claims,11,False,False
aftermath_jun-jul,0503_024,IRAN,military_action,1,False,False
aftermath_jun-jul,0503_024,IRAN,strike_claims,6,False,False
aftermath_jun-jul,0503_027,IRAN,military_action,18,False,False
aftermath_jun-jul,0503_027,IRAN,nuclear_program,1,False,False
aftermath_jun-jul,0503_027,IRAN,strike_claims,9,False,False
aftermath_jun-jul,0503_028,IRAN,nuclear_program,0,False,False
aftermath_jun-jul,0503_028,IAEA,nuclear_program,9,False,False
aftermath_jun-jul,0503_047,ISRAEL,strike_claims,0,True,True
aftermath_jun-jul,0503_048,ISRAEL,strike_claims,12,False,False
aftermath_jun-jul,0503_048,USA,strike_claims,8,False,False
aftermath_jun-jul,0504_010,ISRAEL,military_action,19,False,False
aftermath_jun-jul,0504_010,IRAN,military_action,17,False,False
aftermath_jun-jul,0504_011,IRAN,nuclear_program,1,False,False
aftermath_jun-jul,0504_011,USA,nuclear_program,3,False,False
aftermath_jun-jul,0505_001,IRAN,deterrence,7,False,False
aftermath_jun-jul,0505_003,USA,military_action,6,False,False
aftermath_jun-jul,0505_003,IRAN,military_action,1,False,False
aftermath_jun-jul,0505_005,IRAN,military_action,12,False,False
aftermath_jun-jul,0505_005,QATAR,military_action,8,False,False
aftermath_jun-jul,0505_005,USA,military_action,9,False,False
aftermath_jun-jul,0505_006,IRAN,diplomacy,10,False,False
aftermath_jun-jul,0505_006,ISRAEL,diplomacy,5,False,False
aftermath_jun-jul,0506_001,ARAGHCHI,military_action,22,False,True
aftermath_jun-jul,0506_001,ARAGHCHI,nuclear_program,14,False,True
aftermath_jun-jul,0506_001,ISRAEL,military_action,0,False,True
aftermath_jun-jul,0506_001,ISRAEL,nuclear_program,6,False,True
aftermath_jun-jul,0506_001,IRAN,military_action,34,False,True
aftermath_jun-jul,0506_001,IRAN,nuclear_program,26,False,True
aftermath_jun-jul,0506_001,IAEA,military_action,7,False,True
aftermath_jun-jul,0506_001,IAEA,nuclear_program,0,False,True
aftermath_jun-jul,0506_005,ISRAEL,diplomacy,20,False,False
aftermath_jun-jul,0506_005,GAZA,diplomacy,1,False,False
aftermath_jun-jul,0506_008,ISRAEL,military_action,3,True,True
aftermath_jun-jul,0506_008,IRAN,military_action,1,False,True
aftermath_jun-jul,0506_010,IRAN,military_action,0,False,False
aftermath_jun-jul,0506_011,ISRAEL,military_action,2,False,False
aftermath_jun-jul,0506_014,IRAN,military_action,7,False,False
aftermath_jun-jul,0506_014,IRAN,nuclear_program,2,False,False
aftermath_jun-jul,0506_014,IAEA,military_action,4,False,False
aftermath_jun-jul,0506_014,IAEA,nuclear_program,0,False,False
aftermath_jun-jul,0506_014,ISRAEL,military_action,0,False,False
aftermath_jun-jul,0506_014,ISRAEL,nuclear_program,3,False,False
aftermath_jun-jul,0507_011,IRAN,diplomacy,0,False,False
aftermath_jun-jul,0507_011,EU,diplomacy,5,False,False
aftermath_jun-jul,0507_018,IRAN,military_action,13,False,False
aftermath_jun-jul,0507_027,IRAN,military_action,1,False,False
aftermath_jun-jul,0507_027,IRAN,nuclear_program,0,False,False
aftermath_jun-jul,0507_027,IAEA,military_action,16,False,False
aftermath_jun-jul,0507_027,IAEA,nuclear_program,19,False,False
aftermath_jun-jul,0507_027,ISRAEL,military_action,2,False,False
aftermath_jun-jul,0507_027,ISRAEL,nuclear_program,5,False,False
aftermath_jun-jul,0507_027,USA,military_action,0,False,False
aftermath_jun-jul,0507_027,USA,nuclear_program,3,False,False
aftermath_jun-jul,0507_028,IAEA,nuclear_program,24,False,False
aftermath_jun-jul,0507_028,IRAN,nuclear_program,0,False,False
aftermath_jun-jul,0507_036,ISRAEL,diplomacy,3,False,True
aftermath_jun-jul,0507_036,IRAN,diplomacy,10,False,True
aftermath_jun-jul,0507_038,USA,diplomacy,2,False,False
aftermath_jun-jul,0507_040,IRAN,diplomacy,6,False,False
aftermath_jun-jul,0507_040,USA,diplomacy,1,False,False
aftermath_jun-jul,0507_043,TRUMP,nuclear_program,16,False,False
aftermath_jun-jul,0507_043,TRUMP,strike_claims,3,False,False
aftermath_jun-jul,0507_043,USA,nuclear_program,11,False,False
aftermath_jun-jul,0507_043,USA,strike_claims,6,False,False
aftermath_jun-jul,0507_043,IRAN,nuclear_program,0,False,False
aftermath_jun-jul,0507_043,IRAN,strike_claims,1,False,False
aftermath_jun-jul,0507_044,IRAN,nuclear_program,5,False,True
aftermath_jun-jul,0508_001,IRAN,military_action,10,False,False
aftermath_jun-jul,0508_001,ISRAEL,military_action,1,False,False
aftermath_jun-jul,0508_002,ISRAEL,military_action,0,False,False
aftermath_jun-jul,0508_002,IRAN,military_action,21,False,False
aftermath_jun-jul,0508_003,IRAN,military_action,10,False,True
aftermath_jun-jul,0508_003,IRAN,strike_claims,7,False,True
aftermath_jun-jul,0508_003,ISRAEL,military_action,17,False,True
aftermath_jun-jul,0508_003,ISRAEL,strike_claims,14,False,True
aftermath_jun-jul,0508_003,GAZA,military_action,34,False,True
aftermath_jun-jul,0508_003,GAZA,strike_claims,31,False,True
aftermath_jun-jul,0508_004,ISRAEL,military_action,5,False,False
aftermath_jun-jul,0508_004,IRAN,military_action,8,False,False
aftermath_jun-jul,0508_011,ISRAEL,military_action,0,True,True
aftermath_jun-jul,0508_011,ISRAEL,nuclear_program,1,True,True
aftermath_jun-jul,0508_013,ISRAEL,military_action,0,False,False
aftermath_jun-jul,0508_014,ISRAEL,military_action,1,False,False
aftermath_jun-jul,0509_001,ISRAEL,military_action,0,False,False
aftermath_jun-jul,0509_002,IRAN,strike_claims,25,False,False
aftermath_jun-jul,0509_002,ISRAEL,strike_claims,2,False,False
aftermath_jun-jul,0509_003,ISRAEL,strike_claims,5,False,False
aftermath_jun-jul,0509_003,USA,strike_claims,3,False,False
aftermath_jun-jul,0509_003,IRAN,strike_claims,0,False,False
aftermath_jun-jul,0509_005,IRAN,military_action,9,False,False
aftermath_jun-jul,0509_005,ISRAEL,military_action,0,False,False
aftermath_jun-jul,0509_006,ISRAEL,deterrence,31,False,False
aftermath_jun-jul,0509_006,ISRAEL,strike_claims,5,False,False
aftermath_jun-jul,0509_009,ISRAEL,military_action,3,True,True
aftermath_jun-jul,0509_009,IRAN,military_action,1,False,True
aftermath_jun-jul,0509_011,IRAN,military_action,0,False,False
aftermath_jun-jul,0509_012,ISRAEL,military_action,2,False,False
aftermath_jun-jul,0509_013,IRAN,diplomacy,17,False,False
aftermath_jun-jul,0509_013,ISRAEL,diplomacy,22,False,False
aftermath_jun-jul,0510_002,USA,deterrence,6,False,False
aftermath_jun-jul,0510_002,ISRAEL,deterrence,3,False,False
aftermath_jun-jul,0510_004,GAZA,military_action,18,False,False
aftermath_jun-jul,0510_008,USA,strike_claims,13,False,False
aftermath_jun-jul,0510_010,UN_SECURITY_COUNCIL,diplomacy,11,False,False
aftermath_jun-jul,0510_010,GAZA,diplomacy,6,False,False
aftermath_jun-jul,0510_012,IRAN,nuclear_program,33,False,False
aftermath_jun-jul,0510_012,USA,nuclear_program,27,False,False
aftermath_jun-jul,0510_012,IAEA,nuclear_program,1,False,False
aftermath_jun-jul,0511_004,ARAGHCHI,nuclear_program,27,True,True
aftermath_jun-jul,0511_006,RUSSIA,military_action,10,False,False
aftermath_jun-jul,0511_006,IRAN,military_action,1,False,False
aftermath_jun-jul,0512_000,IRAN,diplomacy,9,False,False
aftermath_jun-jul,0512_000,ARAGHCHI,diplomacy,4,False,False
aftermath_jun-jul,0512_001,ARAGHCHI,diplomacy,4,False,False
aftermath_jun-jul,0512_001,IRAN,diplomacy,3,False,False
aftermath_jun-jul,0512_004,ARAGHCHI,deterrence,9,True,True
aftermath_jun-jul,0512_005,ARAGHCHI,strike_claims,12,True,True
aftermath_jun-jul,0512_009,ARAGHCHI,military_action,5,False,True
aftermath_jun-jul,0512_009,ARAGHCHI,deterrence,15,False,True
aftermath_jun-jul,0512_009,ARAGHCHI,strike_claims,18,False,True
aftermath_jun-jul,0512_009,ISRAEL,military_action,2,False,True
aftermath_jun-jul,0512_009,ISRAEL,deterrence,12,False,True
aftermath_jun-jul,0512_009,ISRAEL,strike_claims,15,False,True
aftermath_jun-jul,0512_009,USA,military_action,0,False,True
aftermath_jun-jul,0512_009,USA,deterrence,10,False,True
aftermath_jun-jul,0512_009,USA,strike_claims,13,False,True
aftermath_jun-jul,0512_009,IRAN,military_action,1,False,True
aftermath_jun-jul,0512_009,IRAN,deterrence,7,False,True
aftermath_jun-jul,0512_009,IRAN,strike_claims,10,False,True
aftermath_jun-jul,0512_013,ISRAEL,military_action,5,False,False
aftermath_jun-jul,0512_013,USA,military_action,0,False,False
aftermath_jun-jul,0512_013,IRAN,military_action,0,False,False
aftermath_jun-jul,0512_016,ISRAEL,diplomacy,4,False,False
aftermath_jun-jul,0512_017,ARAGHCHI,diplomacy,4,False,False
aftermath_jun-jul,0512_018,ARAGHCHI,diplomacy,7,False,False
aftermath_jun-jul,0513_001,IRAN,military_action,2,False,False
aftermath_jun-jul,0513_001,IRAN,strike_claims,13,False,False
aftermath_jun-jul,0513_001,ISRAEL,military_action,4,False,False
aftermath_jun-jul,0513_001,ISRAEL,strike_claims,6,False,False
aftermath_jun-jul,0513_005,IRAN,nuclear_program,0,False,True
aftermath_jun-jul,0513_005,IAEA,nuclear_program,8,False,True
aftermath_jun-jul,0514_001,ARAGHCHI,military_action,2,True,True
aftermath_jun-jul,0514_001,ARAGHCHI,nuclear_program,27,True,True
aftermath_jun-jul,0514_001,ARAGHCHI,strike_claims,12,True,True
aftermath_jun-jul,0514_002,ARAGHCHI,strike_claims,15,False,False
aftermath_jun-jul,0514_002,EU,strike_claims,12,False,False
aftermath_jun-jul,0514_004,ARAGHCHI,strike_claims,16,True,True
aftermath_jun-jul,0514_004,ISRAEL,strike_claims,4,False,True
aftermath_jun-jul,0514_005,IRAN,deterrence,15,False,False
aftermath_jun-jul,0514_010,IRAN,military_action,4,False,False
aftermath_jun-jul,0514_010,ISRAEL,military_action,1,False,False
aftermath_jun-jul,0514_010,USA,military_action,0,False,False
aftermath_jun-jul,0515_015,ISRAEL,military_action,3,True,True
aftermath_jun-jul,0515_015,IRAN,military_action,1,False,True
aftermath_jun-jul,0515_017,IRAN,military_action,0,False,False
aftermath_jun-jul,0515_018,ISRAEL,military_action,2,False,False
aftermath_jun-jul,0516_005,ISRAEL,military_action,19,False,False
aftermath_jun-jul,0516_005,IRAN,military_action,17,False,False
aftermath_jun-jul,0516_006,USA,military_action,5,False,False
aftermath_jun-jul,0516_006,USA,nuclear_program,8,False,False
aftermath_jun-jul,0516_006,IRAN,military_action,1,False,False
aftermath_jun-jul,0516_006,IRAN,nuclear_program,0,False,False
aftermath_jun-jul,0516_007,ISRAEL,military_action,7,False,False
aftermath_jun-jul,0516_007,ISRAEL,diplomacy,3,False,False
aftermath_jun-jul,0516_007,IRAN,military_action,1,False,False
aftermath_jun-jul,0516_007,IRAN,diplomacy,5,False,False
aftermath_jun-jul,0516_010,ISRAEL,military_action,2,False,False
aftermath_jun-jul,0516_010,SYRIA,military_action,1,False,False
aftermath_jun-jul,0516_010,IRAN,military_action,3,False,False
aftermath_jun-jul,0516_011,SYRIA,military_action,1,False,False
aftermath_jun-jul,0516_011,SYRIA,deterrence,3,False,False
aftermath_jun-jul,0517_000,IRAN,deterrence,9,False,False
aftermath_jun-jul,0517_000,ISRAEL,deterrence,2,False,False
aftermath_jun-jul,0517_006,IRAN,strike_claims,4,False,False
aftermath_jun-jul,0517_007,ISRAEL,military_action,3,False,True
aftermath_jun-jul,0517_007,GAZA,military_action,20,False,True
aftermath_jun-jul,0517_007,IRAN,military_action,0,False,True
aftermath_jun-jul,0517_009,IRAN,nuclear_program,16,False,False
aftermath_jun-jul,0517_012,ISRAEL,military_action,3,True,True
aftermath_jun-jul,0517_012,IRAN,military_action,1,False,True
aftermath_jun-jul,0517_014,IRAN,military_action,0,False,False
aftermath_jun-jul,0517_015,ISRAEL,military_action,2,False,False
aftermath_jun-jul,0518_006,ISRAEL,military_action,20,False,False
aftermath_jun-jul,0518_006,IRAN,military_action,13,False,False
aftermath_jun-jul,0518_007,ISRAEL,military_action,5,False,False
aftermath_jun-jul,0518_008,PEZESHKIAN,diplomacy,7,False,False
aftermath_jun-jul,0518_008,ISRAEL,diplomacy,14,False,False
aftermath_jun-jul,0518_008,IRAN,diplomacy,21,False,False
aftermath_jun-jul,0519_001,IRAN,diplomacy,10,False,False
aftermath_jun-jul,0519_001,EU,diplomacy,4,False,False
aftermath_jun-jul,0519_002,IRAN,deterrence,3,False,False
aftermath_jun-jul,0519_002,EU,deterrence,0,False,False
aftermath_jun-jul,0519_003,IRAN,military_action,1,True,True
aftermath_jun-jul,0519_003,ISRAEL,military_action,2,False,True
aftermath_jun-jul,0519_003,USA,military_action,0,False,True
aftermath_jun-jul,0519_005,EU,strike_claims,11,False,False
aftermath_jun-jul,0519_008,IRAN,diplomacy,4,True,True
aftermath_jun-jul,0519_008,USA,diplomacy,2,False,True
aftermath_jun-jul,0519_011,IRAN,diplomacy,5,False,False
aftermath_jun-jul,0519_011,USA,diplomacy,1,False,False
aftermath_jun-jul,0519_012,IRAN,diplomacy,6,True,True
aftermath_jun-jul,0519_012,ISRAEL,diplomacy,8,False,True
aftermath_jun-jul,0519_012,USA,diplomacy,21,False,True
aftermath_jun-jul,0519_013,IRAN,diplomacy,1,False,False
aftermath_jun-jul,0519_028,IRAN,nuclear_program,1,True,True
aftermath_jun-jul,0519_029,IRAN,nuclear_program,6,False,False
aftermath_jun-jul,0519_029,IRAN,strike_claims,21,False,False
aftermath_jun-jul,0519_029,GERMANY,nuclear_program,3,False,False
aftermath_jun-jul,0519_029,GERMANY,strike_claims,18,False,False
aftermath_jun-jul,0519_029,USA,nuclear_program,0,False,False
aftermath_jun-jul,0519_029,USA,strike_claims,15,False,False
aftermath_jun-jul,0519_029,EU,nuclear_program,16,False,False
aftermath_jun-jul,0519_029,EU,strike_claims,1,False,False
aftermath_jun-jul,0519_030,USA,strike_claims,18,False,True
aftermath_jun-jul,0519_030,GERMANY,strike_claims,0,False,True
aftermath_jun-jul,0519_030,IRAN,strike_claims,3,True,True
aftermath_jun-jul,0519_031,IRAN,strike_claims,11,True,True
aftermath_jun-jul,0519_031,GERMANY,strike_claims,20,False,True
aftermath_jun-jul,0519_031,ISRAEL,strike_claims,14,False,True
aftermath_jun-jul,0519_032,IRAN,deterrence,2,False,False
aftermath_jun-jul,0519_032,IRAN,diplomacy,10,False,False
aftermath_jun-jul,0519_034,IRAN,diplomacy,9,False,False
aftermath_jun-jul,0520_001,USA,strike_claims,2,False,True
aftermath_jun-jul,0520_001,TRUMP,strike_claims,9,False,True
aftermath_jun-jul,0520_002,USA,strike_claims,5,True,True
aftermath_jun-jul,0520_003,USA,strike_claims,0,False,False
aftermath_jun-jul,0520_003,IRAN,strike_claims,1,False,False
aftermath_jun-jul,0520_003,TRUMP,strike_claims,13,False,False
aftermath_jun-jul,0520_007,TRUMP,strike_claims,0,True,True
aftermath_jun-jul,0520_011,ISRAEL,military_action,19,False,False
aftermath_jun-jul,0520_011,ISRAEL,diplomacy,9,False,False
aftermath_jun-jul,0520_011,ISRAEL,strike_claims,35,False,False
aftermath_jun-jul,0520_011,USA,military_action,14,False,False
aftermath_jun-jul,0520_011,USA,diplomacy,4,False,False
aftermath_jun-jul,0520_011,USA,strike_claims,30,False,False
aftermath_jun-jul,0520_011,IRAN,military_action,12,False,False
aftermath_jun-jul,0520_011,IRAN,diplomacy,2,False,False
aftermath_jun-jul,0520_011,IRAN,strike_claims,2,False,False
aftermath_jun-jul,0520_015,USA,strike_claims,6,False,False
aftermath_jun-jul,0520_015,ISRAEL,strike_claims,4,False,False
aftermath_jun-jul,0520_017,USA,military_action,50,False,True
aftermath_jun-jul,0520_017,USA,diplomacy,12,False,True
aftermath_jun-jul,0520_017,USA,strike_claims,42,False,True
aftermath_jun-jul,0520_017,TRUMP,military_action,0,False,True
aftermath_jun-jul,0520_017,TRUMP,diplomacy,1,False,True
aftermath_jun-jul,0520_017,TRUMP,strike_claims,4,False,True
aftermath_jun-jul,0520_017,IRAN,military_action,0,False,True
aftermath_jun-jul,0520_017,IRAN,diplomacy,1,False,True
aftermath_jun-jul,0520_017,IRAN,strike_claims,7,False,True
aftermath_jun-jul,0520_020,ISRAEL,military_action,14,False,True
aftermath_jun-jul,0520_020,USA,military_action,10,False,True
aftermath_jun-jul,0520_020,IRAN,military_action,2,False,True
aftermath_jun-jul,0520_021,USA,strike_claims,5,True,True
aftermath_jun-jul,0520_022,USA,strike_claims,0,False,False
aftermath_jun-jul,0520_022,TRUMP,strike_claims,3,False,False
aftermath_jun-jul,0520_025,ISRAEL,strike_claims,7,False,False
aftermath_jun-jul,0520_025,USA,strike_claims,10,False,False
aftermath_jun-jul,0520_028,IRAN,military_action,22,False,False
aftermath_jun-jul,0520_028,IRAN,nuclear_program,0,False,False
aftermath_jun-jul,0520_028,IRAN,diplomacy,16,False,False
aftermath_jun-jul,0520_028,IRAN,strike_claims,11,False,False
aftermath_jun-jul,0520_032,IRAN,military_action,5,False,False
aftermath_jun-jul,0520_032,IRAN,strike_claims,10,False,False
aftermath_jun-jul,0520_034,USA,strike_claims,8,True,True
aftermath_jun-jul,0520_034,IRAQ,strike_claims,2,False,True
aftermath_jun-jul,0520_038,IRAN,nuclear_program,8,False,False
aftermath_jun-jul,0520_038,ISRAEL,nuclear_program,6,False,False
aftermath_jun-jul,0520_039,USA,military_action,0,False,True
aftermath_jun-jul,0520_039,ISRAEL,military_action,0,False,True
aftermath_jun-jul,0520_040,ISRAEL,military_action,5,False,False
aftermath_jun-jul,0520_040,USA,military_action,1,False,False
aftermath_jun-jul,0520_043,USA,military_action,7,False,True
aftermath_jun-jul,0520_043,ISRAEL,military_action,3,False,True
aftermath_jun-jul,0520_043,IRAN,military_action,0,False,True
aftermath_jun-jul,0520_045,ISRAEL,military_action,0,False,True
aftermath_jun-jul,0520_045,USA,military_action,2,True,True
aftermath_jun-jul,0520_046,BIDEN,military_action,9,False,False
aftermath_jun-jul,0520_046,BIDEN,strike_claims,24,False,False
aftermath_jun-jul,0520_046,USA,military_action,25,False,False
aftermath_jun-jul,0520_046,USA,strike_claims,9,False,False
aftermath_jun-jul,0520_047,BIDEN,military_action,17,False,False
aftermath_jun-jul,0520_047,USA,military_action,11,False,False
aftermath_jun-jul,0520_047,IRAN,military_action,0,False,False
aftermath_jun-jul,0520_051,USA,military_action,15,False,False
aftermath_jun-jul,0520_051,USA,strike_claims,28,False,False
aftermath_jun-jul,0520_051,IRAN,military_action,1,False,False
aftermath_jun-jul,0520_051,IRAN,strike_claims,10,False,False
aftermath_jun-jul,0520_051,ISRAEL,military_action,5,False,False
aftermath_jun-jul,0520_051,ISRAEL,strike_claims,6,False,False
aftermath_jun-jul,0520_052,IRAN,diplomacy,11,False,True
aftermath_jun-jul,0520_052,TRUMP,diplomacy,2,True,True
aftermath_jun-jul,0520_060,TRUMP,military_action,9,True,True
aftermath_jun-jul,0520_062,TRUMP,military_action,2,True,True
aftermath_jun-jul,0520_062,IRAN,military_action,17,False,True
aftermath_jun-jul,0520_066,USA,diplomacy,3,True,True
aftermath_jun-jul,0520_079,TRUMP,strike_claims,0,True,True
aftermath_jun-jul,0520_082,USA,military_action,9,False,False
aftermath_jun-jul,0520_082,USA,diplomacy,4,False,False
aftermath_jun-jul,0520_082,IRAN,military_action,22,False,False
aftermath_jun-jul,0520_082,IRAN,diplomacy,5,False,False
aftermath_jun-jul,0520_083,TRUMP,diplomacy,7,False,False
aftermath_jun-jul,0520_085,IRAN,nuclear_program,0,False,True
aftermath_jun-jul,0520_085,USA,nuclear_program,12,False,True
aftermath_jun-jul,0520_086,TRUMP,military_action,12,False,False
aftermath_jun-jul,0520_086,IRAN,military_action,0,False,False
aftermath_jun-jul,0520_090,TRUMP,military_action,6,True,True
aftermath_jun-jul,0520_090,IRAN,military_action,12,False,True
aftermath_jun-jul,0520_095,ISRAEL,diplomacy,8,False,True
aftermath_jun-jul,0520_096,ISRAEL,deterrence,1,True,True
aftermath_jun-jul,0520_096,ISRAEL,diplomacy,5,True,True
aftermath_jun-jul,0520_102,IRAN,diplomacy,14,False,False
aftermath_jun-jul,0520_102,ISRAEL,diplomacy,4,False,False
aftermath_jun-jul,0520_102,USA,diplomacy,1,False,False
aftermath_jun-jul,0520_107,USA,strike_claims,0,False,False
aftermath_jun-jul,0520_107,TRUMP,strike_claims,4,False,False
aftermath_jun-jul,0521_003,ISRAEL,strike_claims,8,False,False
aftermath_jun-jul,0521_003,IRAN,strike_claims,2,False,False
aftermath_jun-jul,0521_004,IRAN,military_action,4,False,False
aftermath_jun-jul,0521_004,IRAN,nuclear_program,0,False,False
aftermath_jun-jul,0522_001,ARAGHCHI,military_action,16,False,False
aftermath_jun-jul,0522_001,ARAGHCHI,nuclear_program,9,False,False
aftermath_jun-jul,0522_001,ARAGHCHI,strike_claims,2,False,False
aftermath_jun-jul,0522_001,IRAN,military_action,1,False,False
aftermath_jun-jul,0522_001,IRAN,nuclear_program,3,False,False
aftermath_jun-jul,0522_001,IRAN,strike_claims,10,False,False
aftermath_jun-jul,0522_001,IAEA,military_action,8,False,False
aftermath_jun-jul,0522_001,IAEA,nuclear_program,1,False,False
aftermath_jun-jul,0522_001,IAEA,strike_claims,3,False,False
aftermath_jun-jul,0522_005,IRAN,military_action,1,False,True
aftermath_jun-jul,0522_005,ARAGHCHI,military_action,10,False,True
aftermath_jun-jul,0522_005,ISRAEL,military_action,1,False,True
aftermath_jun-jul,0522_005,USA,military_action,0,False,True
aftermath_jun-jul,0523_003,IRAN,military_action,6,False,True
aftermath_jun-jul,0523_003,ISRAEL,military_action,4,False,True
aftermath_jun-jul,0523_007,ISRAEL,military_action,3,True,True
aftermath_jun-jul,0523_007,IRAN,military_action,1,False,True
aftermath_jun-jul,0523_009,IRAN,military_action,0,False,False
aftermath_jun-jul,0523_010,ISRAEL,military_action,2,False,False
aftermath_jun-jul,0524_001,IRAN,military_action,13,False,False
aftermath_jun-jul,0524_001,ISRAEL,military_action,0,False,False
aftermath_jun-jul,0524_001,USA,military_action,17,False,False
aftermath_jun-jul,0524_004,IRAN,diplomacy,13,False,False
aftermath_jun-jul,0524_006,IRAN,deterrence,1,False,False
aftermath_jun-jul,0524_009,ISRAEL,military_action,3,True,True
aftermath_jun-jul,0524_009,IRAN,military_action,1,False,True
aftermath_jun-jul,0524_011,IRAN,military_action,0,False,False
aftermath_jun-jul,0524_012,ISRAEL,military_action,2,False,False
aftermath_jun-jul,0525_001,ISRAEL,military_action,0,False,False
aftermath_jun-jul,0525_001,ISRAEL,nuclear_program,19,False,False
aftermath_jun-jul,0525_001,IRAN,military_action,1,False,False
aftermath_jun-jul,0525_001,IRAN,nuclear_program,15,False,False
aftermath_jun-jul,0525_001,IAEA,military_action,17,False,False
aftermath_jun-jul,0525_001,IAEA,nuclear_program,0,False,False
aftermath_jun-jul,0525_003,IRAN,strike_claims,0,False,False
aftermath_jun-jul,0525_003,ISRAEL,strike_claims,3,False,False
aftermath_jun-jul,0525_005,IRAN,military_action,29,False,False
aftermath_jun-jul,0525_005,ISRAEL,military_action,23,False,False
aftermath_jun-jul,0525_005,USA,military_action,10,False,False
aftermath_jun-jul,0525_010,IAEA,nuclear_program,0,False,False
aftermath_jun-jul,0525_010,IAEA,strike_claims,6,False,False
aftermath_jun-jul,0525_011,IRAN,strike_claims,11,False,False
aftermath_jun-jul,0525_011,UN_SECURITY_COUNCIL,strike_claims,25,False,False
aftermath_jun-jul,0525_015,ISRAEL,military_action,0,False,False
aftermath_jun-jul,0525_015,ISRAEL,strike_claims,4,False,False
aftermath_jun-jul,0525_015,IRAN,military_action,1,False,False
aftermath_jun-jul,0525_015,IRAN,strike_claims,1,False,False
aftermath_jun-jul,0526_009,IRAN,diplomacy,0,False,False
aftermath_jun-jul,0526_009,EU,diplomacy,18,False,False
aftermath_jun-jul,0527_001,IRAN,strike_claims,5,False,False
aftermath_jun-jul,0527_001,ISRAEL,strike_claims,9,False,False
aftermath_jun-jul,0527_003,UN_SECURITY_COUNCIL,military_action,23,False,False
aftermath_jun-jul,0527_003,UN_SECURITY_COUNCIL,strike_claims,16,False,False
aftermath_jun-jul,0527_003,IRAN,military_action,32,False,False
aftermath_jun-jul,0527_003,IRAN,strike_claims,25,False,False
aftermath_jun-jul,0527_005,IRAN,nuclear_program,3,True,True
aftermath_jun-jul,0527_005,IAEA,nuclear_program,12,False,True
aftermath_jun-jul,0527_005,GROSSI,nuclear_program,30,False,True
aftermath_jun-jul,0527_007,GAZA,strike_claims,26,False,False
aftermath_jun-jul,0527_007,ISRAEL,strike_claims,3,False,False
aftermath_jun-jul,0527_007,IRAN,strike_claims,9,False,False
aftermath_jun-jul,0527_007,IAEA,strike_claims,15,False,False
aftermath_jun-jul,0528_001,ARAGHCHI,military_action,9,False,False
aftermath_jun-jul,0528_001,ARAGHCHI,diplomacy,29,False,False
aftermath_jun-jul,0528_001,ARAGHCHI,strike_claims,18,False,False
aftermath_jun-jul,0528_001,EU,military_action,5,False,False
aftermath_jun-jul,0528_001,EU,diplomacy,6,False,False
aftermath_jun-jul,0528_001,EU,strike_claims,3,False,False
aftermath_jun-jul,0528_001,IRAN,military_action,1,False,False
aftermath_jun-jul,0528_001,IRAN,diplomacy,17,False,False
aftermath_jun-jul,0528_001,IRAN,strike_claims,6,False,False
aftermath_jun-jul,0528_003,IRAN,strike_claims,22,False,False
aftermath_jun-jul,0528_003,USA,strike_claims,33,False,False
aftermath_jun-jul,0528_003,ISRAEL,strike_claims,30,False,False
aftermath_jun-jul,0528_004,ARAGHCHI,strike_claims,49,True,True
aftermath_jun-jul,0528_004,USA,strike_claims,33,False,True
aftermath_jun-jul,0528_004,ISRAEL,strike_claims,30,False,True
aftermath_jun-jul,0528_004,IRAN,strike_claims,22,False,True
aftermath_jun-jul,0528_005,IRAN,diplomacy,1,False,False
aftermath_jun-jul,0528_005,ARAGHCHI,diplomacy,6,False,False
aftermath_jun-jul,0528_006,IRAN,strike_claims,1,False,True
aftermath_jun-jul,0528_006,ARAGHCHI,strike_claims,5,False,True
aftermath_jun-jul,0528_006,ISRAEL,strike_claims,34,False,True
aftermath_jun-jul,0528_007,EU,military_action,13,False,False
aftermath_jun-jul,0528_007,EU,diplomacy,30,False,False
aftermath_jun-jul,0528_007,IAEA,military_action,5,False,False
aftermath_jun-jul,0528_007,IAEA,diplomacy,22,False,False
aftermath_jun-jul,0528_007,IRAN,military_action,1,False,False
aftermath_jun-jul,0528_007,IRAN,diplomacy,14,False,False
aftermath_jun-jul,0528_010,ARAGHCHI,nuclear_program,7,True,True
aftermath_jun-jul,0528_010,IRAN,nuclear_program,5,False,True
aftermath_jun-jul,0528_013,ARAGHCHI,military_action,14,False,False
aftermath_jun-jul,0528_013,ARAGHCHI,strike_claims,4,False,False
aftermath_jun-jul,0528_013,EU,military_action,5,False,False
aftermath_jun-jul,0528_013,EU,strike_claims,3,False,False
aftermath_jun-jul,0528_013,IRAN,military_action,1,False,False
aftermath_jun-jul,0528_013,IRAN,strike_claims,11,False,False
aftermath_jun-jul,0528_015,EU,strike_claims,3,False,False
aftermath_jun-jul,0529_004,IRAN,diplomacy,0,False,False
aftermath_jun-jul,0529_004,IRAN,strike_claims,31,False,False
aftermath_jun-jul,0529_007,IRAN,nuclear_program,5,False,False
aftermath_jun-jul,0529_009,IRAQ,strike_claims,13,False,False
aftermath_jun-jul,0529_016,ISRAEL,military_action,4,False,False
aftermath_jun-jul,0529_016,IRAN,military_action,13,False,False
aftermath_jun-jul,0530_008,IRAN,strike_claims,0,False,True
aftermath_jun-jul,0530_008,ISRAEL,strike_claims,10,False,True
aftermath_jun-jul,0530_008,USA,strike_claims,43,False,True
aftermath_jun-jul,0530_012,ISRAEL,strike_claims,4,False,False
aftermath_jun-jul,0530_014,IAEA,military_action,3,False,False
aftermath_jun-jul,0530_014,IAEA,nuclear_program,0,False,False
aftermath_jun-jul,0530_014,IRAN,military_action,1,False,False
aftermath_jun-jul,0530_014,IRAN,nuclear_program,5,False,False
aftermath_jun-jul,0530_014,USA,military_action,5,False,False
aftermath_jun-jul,0530_014,USA,nuclear_program,9,False,False
aftermath_jun-jul,0530_014,ISRAEL,military_action,10,False,False
aftermath_jun-jul,0530_014,ISRAEL,nuclear_program,14,False,False
aftermath_jun-jul,0530_017,IRAN,military_action,3,False,False
aftermath_jun-jul,0530_027,IRAN,deterrence,0,False,False
aftermath_jun-jul,0530_034,GAZA,diplomacy,21,False,False
aftermath_jun-jul,0530_034,LEBANON,diplomacy,23,False,False
aftermath_jun-jul,0530_035,ISRAEL,diplomacy,2,False,True
aftermath_jun-jul,0530_040,IRAN,nuclear_program,7,False,True
aftermath_jun-jul,0530_043,ISRAEL,military_action,4,False,False
aftermath_jun-jul,0530_043,ISRAEL,nuclear_program,13,False,False
aftermath_jun-jul,0530_043,USA,military_action,7,False,False
aftermath_jun-jul,0530_043,USA,nuclear_program,8,False,False
aftermath_jun-jul,0530_043,IRAN,military_action,11,False,False
aftermath_jun-jul,0530_043,IRAN,nuclear_program,6,False,False
aftermath_jun-jul,0530_060,IRAN,nuclear_program,11,False,False
aftermath_jun-jul,0530_060,IRAN,diplomacy,3,False,False
aftermath_jun-jul,0530_060,ARAGHCHI,nuclear_program,22,False,False
aftermath_jun-jul,0530_060,ARAGHCHI,diplomacy,6,False,False
aftermath_jun-jul,0531_000,IRAN,military_action,0,False,False
aftermath_jun-jul,0531_000,ISRAEL,military_action,9,False,False
aftermath_jun-jul,0531_004,ISRAEL,military_action,3,True,True
aftermath_jun-jul,0531_004,IRAN,military_action,1,False,True
aftermath_jun-jul,0531_006,IRAN,military_action,0,False,False
aftermath_jun-jul,0531_007,ISRAEL,military_action,2,False,False
aftermath_jun-jul,0532_002,IRAN,diplomacy,12,False,False
aftermath_jun-jul,0532_004,IRAN,military_action,1,False,False
aftermath_jun-jul,0532_004,IRAN,nuclear_program,0,False,False
aftermath_jun-jul,0532_004,IRAN,diplomacy,4,False,False
aftermath_jun-jul,0532_004,USA,military_action,1,False,False
aftermath_jun-jul,0532_004,USA,nuclear_program,5,False,False
aftermath_jun-jul,0532_004,USA,diplomacy,2,False,False
aftermath_jun-jul,0533_004,SAUDI_ARABIA,deterrence,4,False,True
aftermath_jun-jul,0533_008,ARAGHCHI,military_action,10,False,False
aftermath_jun-jul,0533_008,ARAGHCHI,nuclear_program,35,False,False
aftermath_jun-jul,0533_008,ARAGHCHI,strike_claims,29,False,False
aftermath_jun-jul,0533_008,SAUDI_ARABIA,military_action,6,False,False
aftermath_jun-jul,0533_008,SAUDI_ARABIA,nuclear_program,31,False,False
aftermath_jun-jul,0533_008,SAUDI_ARABIA,strike_claims,25,False,False
aftermath_jun-jul,0533_008,ISRAEL,military_action,2,False,False
aftermath_jun-jul,0533_008,ISRAEL,nuclear_program,27,False,False
aftermath_jun-jul,0533_008,ISRAEL,strike_claims,21,False,False
aftermath_jun-jul,0533_008,USA,military_action,0,False,False
aftermath_jun-jul,0533_008,USA,nuclear_program,25,False,False
aftermath_jun-jul,0533_008,USA,strike_claims,19,False,False
aftermath_jun-jul,0533_008,IRAN,military_action,1,False,False
aftermath_jun-jul,0533_008,IRAN,nuclear_program,22,False,False
aftermath_jun-jul,0533_008,IRAN,strike_claims,16,False,False
aftermath_jun-jul,0533_009,USA,deterrence,8,False,False
aftermath_jun-jul,0533_009,ISRAEL,deterrence,6,False,False
aftermath_jun-jul,0533_009,IRAN,deterrence,3,False,False
aftermath_jun-jul,0534_001,ARAGHCHI,diplomacy,27,False,False
aftermath_jun-jul,0534_001,UK,diplomacy,21,False,False
aftermath_jun-jul,0534_001,FRANCE,diplomacy,20,False,False
aftermath_jun-jul,0534_001,GERMANY,diplomacy,18,False,False
aftermath_jun-jul,0534_001,EU,diplomacy,15,False,False
aftermath_jun-jul,0534_001,IRAN,diplomacy,0,False,False
aftermath_jun-jul,0534_002,IRAN,diplomacy,9,False,False
aftermath_jun-jul,0534_005,FRANCE,diplomacy,31,False,False
aftermath_jun-jul,0534_005,FRANCE,strike_claims,78,False,False
aftermath_jun-jul,0534_005,UK,diplomacy,26,False,False
aftermath_jun-jul,0534_005,UK,strike_claims,73,False,False
aftermath_jun-jul,0534_005,UN_SECURITY_COUNCIL,diplomacy,12,False,False
aftermath_jun-jul,0534_005,UN_SECURITY_COUNCIL,strike_claims,32,False,False
aftermath_jun-jul,0534_009,EU,diplomacy,14,False,True
aftermath_jun-jul,0534_010,IRAN,nuclear_program,4,False,True
aftermath_jun-jul,0534_010,IRAN,diplomacy,26,False,True
aftermath_jun-jul,0534_011,IRAN,diplomacy,31,False,False
aftermath_jun-jul,0534_013,IRAN,diplomacy,15,False,False
aftermath_jun-jul,0534_015,IRAN,diplomacy,9,False,True
aftermath_jun-jul,0534_015,USA,diplomacy,9,False,True
aftermath_jun-jul,0534_017,IRAN,diplomacy,2,False,False
aftermath_jun-jul,0534_028,IRAN,diplomacy,2,False,False
aftermath_jun-jul,0534_028,IRAN,strike_claims,34,False,False
aftermath_jun-jul,0534_030,IRAN,diplomacy,15,False,False
aftermath_jun-jul,0534_030,EU,diplomacy,7,False,False
aftermath_jun-jul,0534_030,USA,diplomacy,10,False,False
aftermath_jun-jul,0534_036,IRAN,diplomacy,25,False,False
aftermath_jun-jul,0534_036,USA,diplomacy,13,False,False
aftermath_jun-jul,0534_038,IRAN,diplomacy,6,False,False
aftermath_jun-jul,0534_038,USA,diplomacy,7,False,False
aftermath_jun-jul,0534_042,IRAN,diplomacy,16,False,False
aftermath_jun-jul,0534_042,USA,diplomacy,0,False,False
aftermath_jun-jul,0534_043,IRAN,diplomacy,12,False,False
aftermath_jun-jul,0534_045,IRAN,diplomacy,8,False,True
aftermath_jun-jul,0534_049,IRAN,diplomacy,14,False,False
aftermath_jun-jul,0534_055,USA,diplomacy,0,False,False
aftermath_jun-jul,0534_055,IRAN,diplomacy,20,False,False
aftermath_jun-jul,0534_061,ISRAEL,diplomacy,9,False,False
aftermath_jun-jul,0534_061,USA,diplomacy,3,False,False
aftermath_jun-jul,0534_061,IRAN,diplomacy,1,False,False
aftermath_jun-jul,0534_066,FRANCE,military_action,9,False,False
aftermath_jun-jul,0534_066,UK,military_action,6,False,False
aftermath_jun-jul,0534_066,IRAN,military_action,1,False,False
aftermath_jun-jul,0534_066,ISRAEL,military_action,7,False,False
aftermath_jun-jul,0534_072,IRAN,nuclear_program,1,False,False
aftermath_jun-jul,0534_072,IRAN,diplomacy,0,False,False
aftermath_jun-jul,0534_073,EU,nuclear_program,3,False,True
aftermath_jun-jul,0534_073,EU,diplomacy,2,False,True
aftermath_jun-jul,0534_073,IRAN,nuclear_program,0,False,True
aftermath_jun-jul,0534_073,IRAN,diplomacy,6,False,True
aftermath_jun-jul,0534_077,IRAN,nuclear_program,0,False,True
aftermath_jun-jul,0534_077,IRAN,diplomacy,7,False,True
aftermath_jun-jul,0534_077,IRAN,strike_claims,7,False,True
aftermath_jun-jul,0534_083,FRANCE,diplomacy,30,False,False
aftermath_jun-jul,0534_083,GERMANY,diplomacy,29,False,False
aftermath_jun-jul,0534_083,UK,diplomacy,25,False,False
aftermath_jun-jul,0534_084,IRAN,deterrence,44,False,False
aftermath_jun-jul,0534_084,IRAN,diplomacy,11,False,False
aftermath_jun-jul,0534_084,USA,deterrence,60,False,False
aftermath_jun-jul,0534_084,USA,diplomacy,27,False,False
aftermath_jun-jul,0534_084,ISRAEL,deterrence,47,False,False
aftermath_jun-jul,0534_084,ISRAEL,diplomacy,14,False,False
aftermath_jun-jul,0534_086,IRAN,diplomacy,15,False,False
aftermath_jun-jul,0534_086,IRAN,strike_claims,12,False,False
aftermath_jun-jul,0534_086,USA,diplomacy,12,False,False
aftermath_jun-jul,0534_086,USA,strike_claims,15,False,False
aftermath_jun-jul,0534_086,ISRAEL,diplomacy,40,False,False
aftermath_jun-jul,0534_086,ISRAEL,strike_claims,37,False,False
aftermath_jun-jul,0534_087,USA,diplomacy,3,False,True
aftermath_jun-jul,0534_087,IRAN,diplomacy,16,False,True
aftermath_jun-jul,0534_089,ARAGHCHI,diplomacy,32,False,False
aftermath_jun-jul,0534_089,UK,diplomacy,6,False,False
aftermath_jun-jul,0534_089,GERMANY,diplomacy,5,False,False
aftermath_jun-jul,0534_089,FRANCE,diplomacy,3,False,False
aftermath_jun-jul,0534_089,IRAN,diplomacy,1,False,False
aftermath_jun-jul,0534_090,IRAN,diplomacy,5,False,False
aftermath_jun-jul,0535_001,ISRAEL,deterrence,3,False,False
aftermath_jun-jul,0535_001,GAZA,deterrence,9,False,False
aftermath_jun-jul,0535_001,USA,deterrence,15,False,False
aftermath_jun-jul,0535_007,ISRAEL,military_action,15,False,False
aftermath_jun-jul,0535_013,GAZA,strike_claims,12,False,False
aftermath_jun-jul,0535_013,USA,strike_claims,13,False,False
aftermath_jun-jul,0535_038,ISRAEL,deterrence,3,False,False
aftermath_jun-jul,0535_038,GAZA,deterrence,8,False,False
aftermath_jun-jul,0535_039,ISRAEL,military_action,19,False,False
aftermath_jun-jul,0535_039,USA,military_action,10,False,False
aftermath_jun-jul,0535_039,IRAN,military_action,1,False,False
aftermath_jun-jul,0535_040,IAEA,military_action,2,False,False
aftermath_jun-jul,0535_040,IAEA,nuclear_program,0,False,False
aftermath_jun-jul,0535_044,ISRAEL,strike_claims,5,False,False
aftermath_jun-jul,0535_044,SYRIA,strike_claims,5,False,False
aftermath_jun-jul,0535_044,UN_SECURITY_COUNCIL,strike_claims,26,False,False
aftermath_jun-jul,0535_045,LEBANON,military_action,2,False,False
aftermath_jun-jul,0535_045,LEBANON,diplomacy,2,False,False
aftermath_jun-jul,0535_045,LEBANON,strike_claims,14,False,False
aftermath_jun-jul,0535_045,ISRAEL,military_action,17,False,False
aftermath_jun-jul,0535_045,ISRAEL,diplomacy,29,False,False
aftermath_jun-jul,0535_045,ISRAEL,strike_claims,4,False,False
aftermath_jun-jul,0535_045,YEMEN,military_action,32,False,False
aftermath_jun-jul,0535_045,YEMEN,diplomacy,44,False,False
aftermath_jun-jul,0535_045,YEMEN,strike_claims,19,False,False
aftermath_jun-jul,0535_047,ISRAEL,deterrence,7,False,True
aftermath_jun-jul,0535_047,ISRAEL,diplomacy,32,False,True
aftermath_jun-jul,0535_047,ISRAEL,strike_claims,24,False,True
aftermath_jun-jul,0535_047,GAZA,deterrence,26,False,True
aftermath_jun-jul,0535_047,GAZA,diplomacy,1,False,True
aftermath_jun-jul,0535_047,GAZA,strike_claims,101,False,True
aftermath_jun-jul,0535_054,USA,nuclear_program,29,False,False
aftermath_jun-jul,0535_054,USA,deterrence,33,False,False
aftermath_jun-jul,0535_054,IRAN,nuclear_program,0,False,False
aftermath_jun-jul,0535_054,IRAN,deterrence,4,False,False
aftermath_jun-jul,0535_057,IRAN,military_action,1,False,False
aftermath_jun-jul,0535_057,IRAN,nuclear_program,16,False,False
aftermath_jun-jul,0535_057,IRAN,strike_claims,11,False,False
aftermath_jun-jul,0535_057,IAEA,military_action,18,False,False
aftermath_jun-jul,0535_057,IAEA,nuclear_program,0,False,False
aftermath_jun-jul,0535_057,IAEA,strike_claims,3,False,False
aftermath_jun-jul,0535_060,USA,deterrence,19,False,False
aftermath_jun-jul,0535_060,ISRAEL,deterrence,16,False,False
aftermath_jun-jul,0535_065,ISRAEL,deterrence,3,False,False
aftermath_jun-jul,0535_065,GAZA,deterrence,9,False,False
aftermath_jun-jul,0536_014,IRAN,military_action,14,False,False
aftermath_jun-jul,0536_014,ISRAEL,military_action,8,False,False
aftermath_jun-jul,0536_015,IAEA,military_action,2,False,False
aftermath_jun-jul,0536_015,IAEA,nuclear_program,0,False,False
aftermath_jun-jul,0536_017,ISRAEL,military_action,2,False,False
aftermath_jun-jul,0536_017,ISRAEL,strike_claims,11,False,False
aftermath_jun-jul,0536_017,IRAN,military_action,1,False,False
aftermath_jun-jul,0536_017,IRAN,strike_claims,6,False,False
aftermath_jun-jul,0536_020,USA,military_action,1,False,False
aftermath_jun-jul,0536_020,USA,nuclear_program,3,False,False
aftermath_jun-jul,0536_020,USA,strike_claims,9,False,False
aftermath_jun-jul,0536_020,ISRAEL,military_action,0,False,False
aftermath_jun-jul,0536_020,ISRAEL,nuclear_program,21,False,False
aftermath_jun-jul,0536_020,ISRAEL,strike_claims,8,False,False
aftermath_jun-jul,0536_020,IRAN,military_action,18,False,False
aftermath_jun-jul,0536_020,IRAN,nuclear_program,1,False,False
aftermath_jun-jul,0536_020,IRAN,strike_claims,9,False,False
aftermath_jun-jul,0536_021,IRAN,nuclear_program,0,False,False
aftermath_jun-jul,0536_021,IAEA,nuclear_program,9,False,False
aftermath_jun-jul,0536_024,IAEA,nuclear_program,0,False,False
aftermath_jun-jul,0536_039,ISRAEL,strike_claims,0,False,True
aftermath_jun-jul,0536_040,ISRAEL,strike_claims,12,False,False
aftermath_jun-jul,0536_040,USA,strike_claims,8,False,False
aftermath_jun-jul,0536_049,IRAN,strike_claims,31,False,False
aftermath_jun-jul,0537_005,USA,diplomacy,2,False,True
aftermath_jun-jul,0537_005,IRAN,diplomacy,3,True,True
aftermath_jun-jul,0537_005,ISRAEL,diplomacy,17,False,True
aftermath_jun-jul,0537_006,IRAN,deterrence,16,True,True
aftermath_jun-jul,0537_007,IRAN,nuclear_program,1,False,False
aftermath_jun-jul,0537_009,IRAN,nuclear_program,3,True,True
aftermath_jun-jul,0537_014,EU,diplomacy,31,False,False
aftermath_jun-jul,0537_014,IRAN,diplomacy,17,False,False
aftermath_jun-jul,0537_022,IRAN,nuclear_program,1,False,False
aftermath_jun-jul,0537_024,IRAN,nuclear_program,3,False,False
aftermath_jun-jul,0537_029,EU,diplomacy,31,False,False
aftermath_jun-jul,0537_029,IRAN,diplomacy,17,False,False
aftermath_jun-jul,0537_030,IRAN,nuclear_program,1,False,False
aftermath_jun-jul,0537_032,IRAN,nuclear_program,3,True,True
aftermath_jun-jul,0537_037,EU,diplomacy,31,False,False
aftermath_jun-jul,0537_037,IRAN,diplomacy,17,False,False
aftermath_jun-jul,0537_037,RUSSIA,diplomacy,16,False,False
aftermath_jun-jul,0537_051,IRAN,strike_claims,12,False,False
aftermath_jun-jul,0537_051,SYRIA,strike_claims,0,False,False
aftermath_jun-jul,0537_052,ISRAEL,military_action,1,False,False
aftermath_jun-jul,0537_053,IAEA,nuclear_program,8,False,True
aftermath_jun-jul,0537_053,IRAN,nuclear_program,7,True,True
aftermath_jun-jul,0538_002,ISRAEL,military_action,2,False,False
aftermath_jun-jul,0538_002,USA,military_action,6,False,False
aftermath_jun-jul,0538_002,IRAN,military_action,8,False,False
aftermath_jun-jul,0538_003,IRAN,military_action,16,False,False
aftermath_jun-jul,0538_008,USA,military_action,8,False,False
aftermath_jun-jul,0538_008,USA,nuclear_program,11,False,False
aftermath_jun-jul,0538_008,USA,strike_claims,16,False,False
aftermath_jun-jul,0538_008,ISRAEL,military_action,6,False,False
aftermath_jun-jul,0538_008,ISRAEL,nuclear_program,9,False,False
aftermath_jun-jul,0538_008,ISRAEL,strike_claims,14,False,False
aftermath_jun-jul,0538_008,IRAN,military_action,1,False,False
aftermath_jun-jul,0538_008,IRAN,nuclear_program,0,False,False
aftermath_jun-jul,0538_008,IRAN,strike_claims,5,False,False
aftermath_jun-jul,0539_000,ARAGHCHI,strike_claims,10,False,True
aftermath_jun-jul,0539_000,ISRAEL,strike_claims,2,False,True
aftermath_jun-jul,0539_000,USA,strike_claims,5,False,True
aftermath_jun-jul,0539_000,IRAN,strike_claims,10,False,True
aftermath_jun-jul,0539_003,ARAGHCHI,nuclear_program,19,True,True
aftermath_jun-jul,0539_003,ISRAEL,nuclear_program,10,False,True
aftermath_jun-jul,0539_003,USA,nuclear_program,6,False,True
aftermath_jun-jul,0539_004,ARAGHCHI,diplomacy,11,False,True
aftermath_jun-jul,0539_004,ISRAEL,diplomacy,18,False,True
aftermath_jun-jul,0539_004,USA,diplomacy,0,False,True
aftermath_jun-jul,0539_004,IRAN,diplomacy,1,False,True
aftermath_jun-jul,0539_004,GAZA,diplomacy,36,False,True
aftermath_jun-jul,0539_006,ARAGHCHI,military_action,58,False,False
aftermath_jun-jul,0539_006,ARAGHCHI,strike_claims,52,False,False
aftermath_jun-jul,0539_006,IRAN,military_action,1,False,False
aftermath_jun-jul,0539_006,IRAN,strike_claims,4,False,False
aftermath_jun-jul,0539_006,ISRAEL,military_action,17,False,False
aftermath_jun-jul,0539_006,ISRAEL,strike_claims,11,False,False
aftermath_jun-jul,0539_006,USA,military_action,12,False,False
aftermath_jun-jul,0539_006,USA,strike_claims,6,False,False
aftermath_jun-jul,0540_001,IRAN,strike_claims,5,False,False
aftermath_jun-jul,0540_001,ISRAEL,strike_claims,10,False,False
aftermath_jun-jul,0540_003,ISRAEL,military_action,0,False,False
aftermath_jun-jul,0540_003,IRAN,military_action,1,False,False
aftermath_jun-jul,0540_003,IAEA,military_action,17,False,False
aftermath_jun-jul,0540_005,ISRAEL,strike_claims,3,False,False
aftermath_jun-jul,0540_005,IRAN,strike_claims,0,False,False
aftermath_jun-jul,0540_007,IRAN,military_action,29,False,False
aftermath_jun-jul,0540_007,ISRAEL,military_action,23,False,False
aftermath_jun-jul,0540_007,USA,military_action,10,False,False
aftermath_jun-jul,0540_012,IAEA,nuclear_program,0,False,False
aftermath_jun-jul,0540_012,IAEA,strike_claims,6,False,False
aftermath_jun-jul,0540_013,IRAN,strike_claims,11,False,False
aftermath_jun-jul,0540_017,IRAN,strike_claims,5,False,False
aftermath_jun-jul,0540_017,ISRAEL,strike_claims,10,False,False
aftermath_jun-jul,0540_018,ISRAEL,military_action,0,False,False
aftermath_jun-jul,0540_018,ISRAEL,strike_claims,6,False,False
aftermath_jun-jul,0540_018,IRAN,military_action,1,False,False
aftermath_jun-jul,0540_018,IRAN,strike_claims,3,False,False
aftermath_jun-jul,0541_001,PEZESHKIAN,nuclear_program,11,False,False
aftermath_jun-jul,0541_001,IRAN,nuclear_program,9,False,False
aftermath_jun-jul,0541_001,IAEA,nuclear_program,0,False,False
aftermath_jun-jul,0541_006,PEZESHKIAN,strike_claims,12,False,True
aftermath_jun-jul,0541_006,ISRAEL,strike_claims,1,False,True
aftermath_jun-jul,0541_006,IRAN,strike_claims,7,False,True
aftermath_jun-jul,0541_006,USA,strike_claims,13,False,True
aftermath_jun-jul,0541_007,PEZESHKIAN,diplomacy,14,True,True
aftermath_jun-jul,0541_007,IRAN,diplomacy,5,False,True
aftermath_jun-jul,0541_007,ISRAEL,diplomacy,4,False,True
aftermath_jun-jul,0541_007,USA,diplomacy,10,False,True
aftermath_jun-jul,0541_008,IRAN,nuclear_program,2,False,False
aftermath_jun-jul,0541_008,IRAN,strike_claims,7,False,False
aftermath_jun-jul,0541_008,IAEA,nuclear_program,0,False,False
aftermath_jun-jul,0541_008,IAEA,strike_claims,10,False,False
aftermath_jun-jul,0541_008,PEZESHKIAN,nuclear_program,0,False,False
aftermath_jun-jul,0541_008,PEZESHKIAN,strike_claims,9,False,False
aftermath_jun-jul,0541_009,PEZESHKIAN,military_action,10,True,True
aftermath_jun-jul,0541_009,PEZESHKIAN,nuclear_program,2,True,True
aftermath_jun-jul,0541_009,PEZESHKIAN,strike_claims,19,True,True
aftermath_jun-jul,0541_009,IAEA,military_action,2,False,True
aftermath_jun-jul,0541_009,IAEA,nuclear_program,0,False,True
aftermath_jun-jul,0541_009,IAEA,strike_claims,2,False,True
aftermath_jun-jul,0541_009,IRAN,military_action,1,False,True
aftermath_jun-jul,0541_009,IRAN,nuclear_program,3,False,True
aftermath_jun-jul,0541_009,IRAN,strike_claims,6,False,True
aftermath_jun-jul,0541_011,PEZESHKIAN,nuclear_program,8,True,True
aftermath_jun-jul,0541_011,IAEA,nuclear_program,0,False,True
aftermath_jun-jul,0541_017,IRAN,military_action,4,False,False
aftermath_jun-jul,0541_017,ISRAEL,military_action,2,False,False
aftermath_jun-jul,0541_021,IAEA,nuclear_program,0,False,False
aftermath_jun-jul,0541_021,IRAN,nuclear_program,6,False,False
aftermath_jun-jul,0542_002,IRAN,military_action,1,False,True
aftermath_jun-jul,0542_002,ISRAEL,military_action,6,False,True
aftermath_jun-jul,0542_003,ARAGHCHI,military_action,13,True,True
aftermath_jun-jul,0542_003,SAUDI_ARABIA,military_action,7,False,True
aftermath_jun-jul,0542_007,ISRAEL,deterrence,16,False,False
aftermath_jun-jul,0542_007,ISRAEL,strike_claims,3,False,False
aftermath_jun-jul,0542_007,IRAN,deterrence,12,False,False
aftermath_jun-jul,0542_007,IRAN,strike_claims,24,False,False
aftermath_jun-jul,0542_014,ARAGHCHI,military_action,9,False,True
aftermath_jun-jul,0542_014,ISRAEL,military_action,6,False,True
aftermath_jun-jul,0542_014,IRAN,military_action,1,False,True
aftermath_jun-jul,0543_003,RUSSIA,nuclear_program,12,False,False
aftermath_jun-jul,0543_003,IRAN,nuclear_program,5,False,False
aftermath_jun-jul,0543_005,ISRAEL,military_action,2,False,False
aftermath_jun-jul,0543_005,USA,military_action,0,False,False
aftermath_jun-jul,0543_005,IRAN,military_action,1,False,False
aftermath_jun-jul,0543_005,RUSSIA,military_action,3,False,False
aftermath_jun-jul,0544_004,USA,diplomacy,11,False,False
aftermath_jun-jul,0544_006,IRAN,deterrence,0,False,True
aftermath_jun-jul,0544_011,ISRAEL,military_action,12,False,False
aftermath_jun-jul,0544_011,ISRAEL,deterrence,8,False,False
aftermath_jun-jul,0545_001,PEZESHKIAN,military_action,5,True,True
aftermath_jun-jul,0545_001,PEZESHKIAN,strike_claims,18,True,True
aftermath_jun-jul,0545_001,IRAN,military_action,3,False,True
aftermath_jun-jul,0545_001,IRAN,strike_claims,0,False,True
aftermath_jun-jul,0545_001,ISRAEL,military_action,0,False,True
aftermath_jun-jul,0545_001,ISRAEL,strike_claims,13,False,True
aftermath_jun-jul,0545_005,ISRAEL,nuclear_program,12,False,False
aftermath_jun-jul,0545_005,IRAN,nuclear_program,1,False,False
aftermath_jun-jul,0545_006,IRAN,military_action,12,False,False
aftermath_jun-jul,0545_007,IRAN,military_action,6,False,False
aftermath_jun-jul,0545_007,ISRAEL,military_action,3,False,False
aftermath_jun-jul,0545_008,ISRAEL,diplomacy,4,False,False
aftermath_jun-jul,0545_008,USA,diplomacy,7,False,False
aftermath_jun-jul,0545_008,TRUMP,diplomacy,9,False,False
aftermath_jun-jul,0545_013,IRAN,military_action,1,False,False
aftermath_jun-jul,0545_013,ISRAEL,military_action,0,False,False
aftermath_jun-jul,0545_013,PEZESHKIAN,military_action,3,False,False
aftermath_jun-jul,0546_001,ISRAEL,military_action,2,False,False
aftermath_jun-jul,0546_001,ISRAEL,strike_claims,8,False,False
aftermath_jun-jul,0546_001,IRAN,military_action,1,False,False
aftermath_jun-jul,0546_001,IRAN,strike_claims,3,False,False
aftermath_jun-jul,0546_003,GERMANY,strike_claims,1,False,False
aftermath_jun-jul,0546_003,ISRAEL,strike_claims,9,False,False
aftermath_jun-jul,0546_003,IRAN,strike_claims,3,False,False
aftermath_jun-jul,0546_006,ISRAEL,military_action,3,True,True
aftermath_jun-jul,0546_006,IRAN,military_action,1,False,True
aftermath_jun-jul,0546_007,GERMANY,military_action,14,False,False
aftermath_jun-jul,0546_007,ISRAEL,military_action,8,False,False
aftermath_jun-jul,0546_007,IRAN,military_action,0,False,False
aftermath_jun-jul,0547_021,PEZESHKIAN,military_action,6,True,True
aftermath_jun-jul,0547_021,IRAN,military_action,0,False,True
aftermath_jun-jul,0547_022,ISRAEL,military_action,20,False,False
aftermath_jun-jul,0547_022,IRAN,military_action,13,False,False
aftermath_jun-jul,0547_023,ISRAEL,military_action,5,False,False
aftermath_jun-jul,0547_024,PEZESHKIAN,diplomacy,7,False,True
aftermath_jun-jul,0547_024,IRAN,diplomacy,9,False,True
aftermath_jun-jul,0548_017,ISRAEL,military_action,19,False,False
aftermath_jun-jul,0548_017,IRAN,military_action,17,False,False
aftermath_jun-jul,0548_018,ISRAEL,military_action,7,False,False
aftermath_jun-jul,0548_018,ISRAEL,diplomacy,3,False,False
aftermath_jun-jul,0548_018,IRAN,military_action,1,False,False
aftermath_jun-jul,0548_018,IRAN,diplomacy,5,False,False
aftermath_jun-jul,0549_015,USA,nuclear_program,8,False,False
aftermath_jun-jul,0549_015,IRAN,nuclear_program,21,False,False
aftermath_jun-jul,0550_003,IRAN,deterrence,3,False,False
aftermath_jun-jul,0550_003,IRAN,diplomacy,3,False,False
aftermath_jun-jul,0550_004,IRAN,military_action,1,False,False
aftermath_jun-jul,0550_004,ARAGHCHI,military_action,19,False,False
aftermath_jun-jul,0550_005,ISRAEL,military_action,7,False,False
aftermath_jun-jul,0550_005,IRAN,military_action,1,False,False
aftermath_jun-jul,0550_005,USA,military_action,0,False,False
aftermath_jun-jul,0551_000,ISRAEL,deterrence,2,False,True
aftermath_jun-jul,0551_004,ISRAEL,military_action,5,True,True
aftermath_jun-jul,0551_024,ISRAEL,nuclear_program,4,True,True
aftermath_jun-jul,0551_026,ISRAEL,strike_claims,7,True,True
aftermath_jun-jul,0551_027,ISRAEL,military_action,3,True,True
aftermath_jun-jul,0551_031,GAZA,strike_claims,18,False,False
aftermath_jun-jul,0551_034,IRAN,military_action,1,False,False
aftermath_jun-jul,0551_035,ISRAEL,strike_claims,14,False,False
aftermath_jun-jul,0551_038,ISRAEL,strike_claims,0,True,True
aftermath_jun-jul,0551_050,ISRAEL,military_action,1,False,False
aftermath_jun-jul,0551_050,ISRAEL,strike_claims,10,False,False
aftermath_jun-jul,0551_050,USA,military_action,4,False,False
aftermath_jun-jul,0551_050,USA,strike_claims,0,False,False
aftermath_jun-jul,0551_050,IRAN,military_action,6,False,False
aftermath_jun-jul,0551_050,IRAN,strike_claims,1,False,False
aftermath_jun-jul,0551_054,USA,strike_claims,6,False,False
aftermath_jun-jul,0551_054,ISRAEL,strike_claims,0,False,False
aftermath_jun-jul,0551_066,IRAN,military_action,7,False,False
aftermath_jun-jul,0551_066,USA,military_action,2,False,False
aftermath_jun-jul,0551_067,USA,strike_claims,13,False,False
aftermath_jun-jul,0551_076,ISRAEL,strike_claims,23,False,True
aftermath_jun-jul,0551_076,NETANYAHU,strike_claims,20,False,True
aftermath_jun-jul,0551_076,GAZA,strike_claims,1,False,True
aftermath_jun-jul,0552_001,IRAN,military_action,1,False,True
aftermath_jun-jul,0552_001,IRAN,nuclear_program,3,False,True
aftermath_jun-jul,0552_001,IRAN,strike_claims,10,False,True
aftermath_jun-jul,0552_001,IAEA,military_action,8,False,True
aftermath_jun-jul,0552_001,IAEA,nuclear_program,1,False,True
aftermath_jun-jul,0552_001,IAEA,strike_claims,3,False,True
aftermath_jun-jul,0552_001,ARAGHCHI,military_action,22,False,True
aftermath_jun-jul,0552_001,ARAGHCHI,nuclear_program,15,False,True
aftermath_jun-jul,0552_001,ARAGHCHI,strike_claims,8,False,True
aftermath_jun-jul,0553_001,ISRAEL,nuclear_program,17,False,False
aftermath_jun-jul,0553_001,NETANYAHU,nuclear_program,13,False,False
aftermath_jun-jul,0553_001,IRAN,nuclear_program,1,False,False
aftermath_jun-jul,0553_002,NETANYAHU,nuclear_program,13,False,True
aftermath_jun-jul,0553_002,IRAN,nuclear_program,2,False,True
aftermath_jun-jul,0553_003,ISRAEL,strike_claims,13,False,False
aftermath_jun-jul,0553_003,USA,strike_claims,4,False,False
aftermath_jun-jul,0553_005,ISRAEL,nuclear_program,14,False,False
aftermath_jun-jul,0553_005,ISRAEL,strike_claims,11,False,False
aftermath_jun-jul,0553_005,IRAN,nuclear_program,1,False,False
aftermath_jun-jul,0553_005,IRAN,strike_claims,0,False,False
aftermath_jun-jul,0553_007,IRAN,military_action,14,False,False
aftermath_jun-jul,0553_009,NETANYAHU,nuclear_program,13,False,True
aftermath_jun-jul,0553_009,IRAN,nuclear_program,2,False,True
aftermath_jun-jul,0553_010,NETANYAHU,nuclear_program,5,False,False
aftermath_jun-jul,0553_010,IRAN,nuclear_program,0,False,False
aftermath_jun-jul,0554_002,IRAN,military_action,8,False,False
aftermath_jun-jul,0554_002,IRAN,diplomacy,4,False,False
aftermath_jun-jul,0554_004,ISRAEL,military_action,16,False,False
aftermath_jun-jul,0554_004,IRAN,military_action,8,False,False
aftermath_jun-jul,0554_005,USA,military_action,3,False,False
aftermath_jun-jul,0554_005,USA,nuclear_program,6,False,False
aftermath_jun-jul,0554_005,IRAN,military_action,1,False,False
aftermath_jun-jul,0554_005,IRAN,nuclear_program,0,False,False
aftermath_jun-jul,0554_006,ISRAEL,military_action,7,False,False
aftermath_jun-jul,0554_006,ISRAEL,diplomacy,3,False,False
aftermath_jun-jul,0554_006,IRAN,military_action,1,False,False
aftermath_jun-jul,0554_006,IRAN,diplomacy,5,False,False
aftermath_jun-jul,0554_007,IRAN,military_action,12,False,False
aftermath_jun-jul,0554_007,IRAN,strike_claims,2,False,False
aftermath_jun-jul,0555_000,IRAN,diplomacy,16,False,False
aftermath_jun-jul,0555_002,IRAN,diplomacy,3,False,True
aftermath_jun-jul,0555_002,IRAN,strike_claims,10,False,True
aftermath_jun-jul,0555_002,USA,diplomacy,11,False,True
aftermath_jun-jul,0555_002,USA,strike_claims,4,False,True
aftermath_jun-jul,0555_002,EU,diplomacy,14,False,True
aftermath_jun-jul,0555_002,EU,strike_claims,7,False,True
aftermath_jun-jul,0555_003,EU,diplomacy,17,False,False
aftermath_jun-jul,0555_003,IRAN,diplomacy,6,False,False
aftermath_jun-jul,0555_004,IRAN,military_action,2,True,True
aftermath_jun-jul,0555_004,ISRAEL,military_action,2,False,True
aftermath_jun-jul,0555_004,USA,military_action,5,False,True
aftermath_jun-jul,0555_005,IRAN,deterrence,16,False,False
aftermath_jun-jul,0555_006,IRAN,nuclear_program,0,False,False
aftermath_jun-jul,0555_006,ARAGHCHI,nuclear_program,22,False,False
aftermath_jun-jul,0555_006,EU,nuclear_program,19,False,False
aftermath_jun-jul,0556_003,ISRAEL,military_action,12,False,False
aftermath_jun-jul,0556_003,ISRAEL,nuclear_program,32,False,False
aftermath_jun-jul,0556_003,IRAN,military_action,0,False,False
aftermath_jun-jul,0556_003,IRAN,nuclear_program,1,False,False
aftermath_jun-jul,0556_003,USA,military_action,10,False,False
aftermath_jun-jul,0556_003,USA,nuclear_program,8,False,False
aftermath_jun-jul,0556_005,IRAN,military_action,0,False,False
aftermath_jun-jul,0556_006,ISRAEL,military_action,2,False,False
aftermath_jun-jul,0557_006,ISRAEL,diplomacy,28,False,False
aftermath_jun-jul,0557_006,EU,diplomacy,23,False,False
aftermath_jun-jul,0557_006,IRAN,diplomacy,0,False,False
aftermath_jun-jul,0557_007,IAEA,diplomacy,9,False,False
aftermath_jun-jul,0557_007,USA,diplomacy,24,False,False
aftermath_jun-jul,0557_007,ISRAEL,diplomacy,28,False,False
aftermath_jun-jul,0557_009,IRAN,strike_claims,5,False,False
aftermath_jun-jul,0557_032,IRAN,military_action,6,False,False
aftermath_jun-jul,0557_036,IRAN,military_action,13,False,False
aftermath_jun-jul,0558_003,ISRAEL,diplomacy,28,False,False
aftermath_jun-jul,0558_003,EU,diplomacy,23,False,False
aftermath_jun-jul,0558_003,IRAN,diplomacy,0,False,False
aftermath_jun-jul,0558_005,IRAN,strike_claims,5,False,False
aftermath_jun-jul,0558_007,USA,nuclear_program,9,False,False
aftermath_jun-jul,0558_007,USA,diplomacy,18,False,False
aftermath_jun-jul,0558_007,ISRAEL,nuclear_program,13,False,False
aftermath_jun-jul,0558_007,ISRAEL,diplomacy,22,False,False
aftermath_jun-jul,0558_010,USA,strike_claims,0,False,False
aftermath_jun-jul,0558_010,IRAN,strike_claims,4,False,False
aftermath_jun-jul,0558_030,IRAN,military_action,6,False,False
aftermath_jun-jul,0558_036,IRAN,military_action,13,False,False
aftermath_jun-jul,0559_026,ISRAEL,military_action,3,False,False
aftermath_jun-jul,0559_026,ISRAEL,nuclear_program,10,False,False
aftermath_jun-jul,0559_026,ISRAEL,strike_claims,25,False,False
aftermath_jun-jul,0559_026,USA,military_action,1,False,False
aftermath_jun-jul,0559_026,USA,nuclear_program,8,False,False
aftermath_jun-jul,0559_026,USA,strike_claims,23,False,False
aftermath_jun-jul,0559_026,IRAN,military_action,1,False,False
aftermath_jun-jul,0559_026,IRAN,nuclear_program,4,False,False
aftermath_jun-jul,0559_026,IRAN,strike_claims,19,False,False
aftermath_jun-jul,0559_026,IAEA,military_action,6,False,False
aftermath_jun-jul,0559_026,IAEA,nuclear_program,0,False,False
aftermath_jun-jul,0559_026,IAEA,strike_claims,14,False,False
aftermath_jun-jul,0559_043,IRAN,diplomacy,7,False,False
aftermath_jun-jul,0560_001,ISRAEL,military_action,29,False,False
aftermath_jun-jul,0560_001,IRAN,military_action,1,False,False
aftermath_jun-jul,0560_004,USA,military_action,8,False,False
aftermath_jun-jul,0560_004,USA,nuclear_program,11,False,False
aftermath_jun-jul,0560_004,USA,strike_claims,16,False,False
aftermath_jun-jul,0560_004,ISRAEL,military_action,6,False,False
aftermath_jun-jul,0560_004,ISRAEL,nuclear_program,9,False,False
aftermath_jun-jul,0560_004,ISRAEL,strike_claims,14,False,False
aftermath_jun-jul,0560_004,IRAN,military_action,1,False,False
aftermath_jun-jul,0560_004,IRAN,nuclear_program,0,False,False
aftermath_jun-jul,0560_004,IRAN,strike_claims,5,False,False
aftermath_jun-jul,0560_008,ISRAEL,military_action,45,False,False
aftermath_jun-jul,0560_008,IRAN,military_action,1,False,False
aftermath_jun-jul,0560_010,ISRAEL,strike_claims,1,False,False
aftermath_jun-jul,0560_014,ISRAEL,strike_claims,9,True,True
aftermath_jun-jul,0560_018,ISRAEL,strike_claims,8,False,False
aftermath_jun-jul,0560_022,ISRAEL,strike_claims,14,True,True
aftermath_jun-jul,0560_032,LEBANON,diplomacy,1,False,False
aftermath_jun-jul,0560_032,ISRAEL,diplomacy,4,False,False
aftermath_jun-jul,0560_038,ISRAEL,military_action,2,False,False
aftermath_jun-jul,0560_038,IRAN,military_action,1,False,False
aftermath_jun-jul,0560_040,ISRAEL,military_action,2,False,False
aftermath_jun-jul,0560_040,ISRAEL,strike_claims,35,False,False
aftermath_jun-jul,0560_041,ISRAEL,strike_claims,10,True,True
aftermath_jun-jul,0560_047,ISRAEL,military_action,31,False,False
aftermath_jun-jul,0560_047,ISRAEL,strike_claims,32,False,False
aftermath_jun-jul,0560_050,IRAN,strike_claims,13,False,False
aftermath_jun-jul,0560_050,ISRAEL,strike_claims,1,False,False
aftermath_jun-jul,0560_051,ISRAEL,military_action,2,False,False
aftermath_jun-jul,0560_051,IRAN,military_action,5,False,False
aftermath_jun-jul,0560_053,IRAN,military_action,4,False,False
aftermath_jun-jul,0560_055,ISRAEL,military_action,2,False,False
aftermath_jun-jul,0560_055,IRAN,military_action,1,False,False
aftermath_jun-jul,0560_057,IRAN,strike_claims,11,False,False
aftermath_jun-jul,0560_057,ISRAEL,strike_claims,7,False,False
aftermath_jun-jul,0560_059,IRAN,military_action,1,False,False
aftermath_jun-jul,0560_059,IRAN,strike_claims,8,False,False
aftermath_jun-jul,0560_065,ISRAEL,military_action,1,False,False
aftermath_jun-jul,0560_069,IRAN,strike_claims,3,False,False
aftermath_jun-jul,0560_071,ISRAEL,military_action,3,False,False
aftermath_jun-jul,0560_071,ISRAEL,strike_claims,29,False,False
aftermath_jun-jul,0560_083,ISRAEL,military_action,2,False,False
aftermath_jun-jul,0560_086,ISRAEL,military_action,49,False,False
aftermath_jun-jul,0560_086,ISRAEL,strike_claims,28,False,False
aftermath_jun-jul,0560_086,IRAN,military_action,7,False,False
aftermath_jun-jul,0560_086,IRAN,strike_claims,11,False,False
aftermath_jun-jul,0560_095,IRAN,strike_claims,8,False,False
aftermath_jun-jul,0560_096,IRAN,strike_claims,3,False,False
aftermath_jun-jul,0560_100,ISRAEL,deterrence,7,True,True
aftermath_jun-jul,0560_100,IRAN,deterrence,9,False,True
aftermath_jun-jul,0560_101,IRAN,military_action,15,False,False
aftermath_jun-jul,0560_101,IRAN,strike_claims,18,False,False
aftermath_jun-jul,0560_103,ISRAEL,deterrence,5,False,False
aftermath_jun-jul,0560_103,IRAN,deterrence,1,False,False
aftermath_jun-jul,0560_104,IRAN,strike_claims,6,False,False
aftermath_jun-jul,0560_108,IRAN,strike_claims,24,False,False
aftermath_jun-jul,0560_108,ISRAEL,strike_claims,12,False,False
aftermath_jun-jul,0560_110,UN_SECURITY_COUNCIL,military_action,9,False,False
aftermath_jun-jul,0560_111,IRAN,strike_claims,12,False,True
aftermath_jun-jul,0560_114,ISRAEL,strike_claims,6,False,False
aftermath_jun-jul,0560_115,ISRAEL,military_action,6,False,False
aftermath_jun-jul,0560_115,ISRAEL,strike_claims,20,False,False
aftermath_jun-jul,0560_115,IRAN,military_action,1,False,False
aftermath_jun-jul,0560_115,IRAN,strike_claims,15,False,False
aftermath_jun-jul,0560_117,ISRAEL,military_action,1,False,True
aftermath_jun-jul,0560_117,ISRAEL,deterrence,6,False,True
aftermath_jun-jul,0560_117,ISRAEL,strike_claims,21,False,True
aftermath_jun-jul,0560_117,IRAN,military_action,2,False,True
aftermath_jun-jul,0560_117,IRAN,deterrence,1,False,True
aftermath_jun-jul,0560_117,IRAN,strike_claims,17,False,True
aftermath_jun-jul,0560_118,IRAN,military_action,43,False,False
aftermath_jun-jul,0560_121,ISRAEL,strike_claims,19,False,False
aftermath_jun-jul,0560_121,IRAN,strike_claims,1,False,False
aftermath_jun-jul,0560_122,ISRAEL,strike_claims,14,False,False
aftermath_jun-jul,0560_127,ISRAEL,military_action,0,False,False
aftermath_jun-jul,0560_127,IRAN,military_action,1,False,False
aftermath_jun-jul,0560_133,ISRAEL,deterrence,7,False,False
aftermath_jun-jul,0560_133,IRAN,deterrence,4,False,False
aftermath_jun-jul,0560_134,ISRAEL,military_action,1,False,False
aftermath_jun-jul,0560_134,IRAN,military_action,1,False,False
aftermath_jun-jul,0561_000,ARAGHCHI,nuclear_program,28,False,True
aftermath_jun-jul,0561_000,ARAGHCHI,strike_claims,18,False,True
aftermath_jun-jul,0561_000,IRAN,nuclear_program,21,False,True
aftermath_jun-jul,0561_000,IRAN,strike_claims,11,False,True
aftermath_jun-jul,0561_004,IRAN,diplomacy,3,False,False
aftermath_jun-jul,0561_004,IRAN,strike_claims,19,False,False
aftermath_jun-jul,0561_004,ISRAEL,diplomacy,15,False,False
aftermath_jun-jul,0561_004,ISRAEL,strike_claims,31,False,False
aftermath_jun-jul,0561_004,USA,diplomacy,1,False,False
aftermath_jun-jul,0561_004,USA,strike_claims,12,False,False
aftermath_jun-jul,0562_001,IRAN,diplomacy,21,False,False
aftermath_jun-jul,0562_014,ISRAEL,strike_claims,14,False,True
aftermath_jun-jul,0562_014,GAZA,strike_claims,1,False,True
aftermath_jun-jul,0562_016,IRAN,strike_claims,12,False,False
aftermath_jun-jul,0562_017,IRAN,military_action,22,False,False
aftermath_jun-jul,0562_017,IRAN,nuclear_program,14,False,False
aftermath_jun-jul,0562_017,IAEA,military_action,7,False,False
aftermath_jun-jul,0562_017,IAEA,nuclear_program,0,False,False
aftermath_jun-jul,0562_017,ISRAEL,military_action,2,False,False
aftermath_jun-jul,0562_017,ISRAEL,nuclear_program,10,False,False
aftermath_jun-jul,0562_017,USA,military_action,7,False,False
aftermath_jun-jul,0562_017,USA,nuclear_program,15,False,False
aftermath_jun-jul,0562_020,IRAN,diplomacy,8,False,False
aftermath_jun-jul,0562_020,GAZA,diplomacy,1,False,False
aftermath_jun-jul,0562_020,ISRAEL,diplomacy,23,False,False
aftermath_jun-jul,0562_034,GAZA,diplomacy,7,False,False
aftermath_jun-jul,0562_047,ISRAEL,diplomacy,4,False,True
aftermath_jun-jul,0562_049,ISRAEL,strike_claims,22,False,True
aftermath_jun-jul,0562_050,ISRAEL,strike_claims,12,False,True
aftermath_jun-jul,0562_055,IRAN,diplomacy,2,False,False
aftermath_jun-jul,0562_055,GAZA,diplomacy,1,False,False
aftermath_jun-jul,0563_000,IRAN,nuclear_program,10,False,False
aftermath_jun-jul,0563_000,IRAN,diplomacy,11,False,False
aftermath_jun-jul,0563_000,PUTIN,nuclear_program,3,False,False
aftermath_jun-jul,0563_000,PUTIN,diplomacy,4,False,False
aftermath_jun-jul,0563_000,USA,nuclear_program,4,False,False
aftermath_jun-jul,0563_000,USA,diplomacy,2,False,False
aftermath_jun-jul,0563_002,RUSSIA,nuclear_program,8,False,False
aftermath_jun-jul,0563_002,IRAN,nuclear_program,10,False,False
aftermath_jun-jul,0563_003,PUTIN,nuclear_program,14,False,True
aftermath_jun-jul,0563_003,PUTIN,diplomacy,5,False,True
aftermath_jun-jul,0563_003,USA,nuclear_program,22,False,True
aftermath_jun-jul,0563_003,USA,diplomacy,13,False,True
aftermath_jun-jul,0563_003,TRUMP,nuclear_program,19,False,True
aftermath_jun-jul,0563_003,TRUMP,diplomacy,10,False,True
aftermath_jun-jul,0563_003,IRAN,nuclear_program,4,False,True
aftermath_jun-jul,0563_003,IRAN,diplomacy,2,False,True
aftermath_jun-jul,0563_004,IRAN,nuclear_program,4,False,False
aftermath_jun-jul,0563_004,IRAN,deterrence,11,False,False
aftermath_jun-jul,0563_004,IRAN,diplomacy,23,False,False
aftermath_jun-jul,0563_006,RUSSIA,nuclear_program,3,False,False
aftermath_jun-jul,0563_006,IRAN,nuclear_program,1,False,False
aftermath_jun-jul,0564_000,ISRAEL,strike_claims,5,False,False
aftermath_jun-jul,0564_000,IRAN,strike_claims,7,False,False
aftermath_jun-jul,0564_002,IRAN,military_action,15,False,False
aftermath_jun-jul,0564_002,IRAN,strike_claims,4,False,False
aftermath_jun-jul,0564_002,ISRAEL,military_action,34,False,False
aftermath_jun-jul,0564_002,ISRAEL,strike_claims,23,False,False
aftermath_jun-jul,0564_005,ISRAEL,military_action,3,True,True
aftermath_jun-jul,0564_005,IRAN,military_action,1,False,True
aftermath_jun-jul,0564_007,IRAN,military_action,2,False,False
aftermath_jun-jul,0564_007,ISRAEL,military_action,0,False,False
aftermath_aug,0565_001,IRAN,nuclear_program,1,False,True
aftermath_aug,0565_001,UK,nuclear_program,13,False,True
aftermath_aug,0565_002,UK,military_action,34,False,False
aftermath_aug,0565_002,UK,nuclear_program,16,False,False
aftermath_aug,0565_002,UK,diplomacy,31,False,False
aftermath_aug,0565_002,IRAN,military_action,23,False,False
aftermath_aug,0565_002,IRAN,nuclear_program,5,False,False
aftermath_aug,0565_002,IRAN,diplomacy,20,False,False
aftermath_aug,0565_002,USA,military_action,1,False,False
aftermath_aug,0565_002,USA,nuclear_program,19,False,False
aftermath_aug,0565_002,USA,diplomacy,4,False,False
aftermath_aug,0565_002,ISRAEL,military_action,5,False,False
aftermath_aug,0565_002,ISRAEL,nuclear_program,23,False,False
aftermath_aug,0565_002,ISRAEL,diplomacy,8,False,False
aftermath_aug,0565_003,IRAN,nuclear_program,0,False,False
aftermath_aug,0565_011,USA,military_action,23,False,False
aftermath_aug,0565_011,USA,nuclear_program,5,False,False
aftermath_aug,0565_011,ISRAEL,military_action,7,False,False
aftermath_aug,0565_011,ISRAEL,nuclear_program,2,False,False
aftermath_aug,0565_011,IRAN,military_action,1,False,False
aftermath_aug,0565_011,IRAN,nuclear_program,0,False,False
aftermath_aug,0565_012,UK,nuclear_program,42,False,True
aftermath_aug,0565_012,UK,deterrence,17,False,True
aftermath_aug,0565_012,UK,diplomacy,14,False,True
aftermath_aug,0565_012,FRANCE,nuclear_program,41,False,True
aftermath_aug,0565_012,FRANCE,deterrence,16,False,True
aftermath_aug,0565_012,FRANCE,diplomacy,13,False,True
aftermath_aug,0565_012,GERMANY,nuclear_program,39,False,True
aftermath_aug,0565_012,GERMANY,deterrence,14,False,True
aftermath_aug,0565_012,GERMANY,diplomacy,11,False,True
aftermath_aug,0565_012,IRAN,nuclear_program,0,False,True
aftermath_aug,0565_012,IRAN,deterrence,3,False,True
aftermath_aug,0565_012,IRAN,diplomacy,0,False,True
aftermath_aug,0565_013,IRAN,military_action,1,False,True
aftermath_aug,0565_013,IRAN,nuclear_program,0,False,True
aftermath_aug,0565_013,IRAN,diplomacy,5,False,True
aftermath_aug,0565_013,USA,military_action,2,False,True
aftermath_aug,0565_013,USA,nuclear_program,5,False,True
aftermath_aug,0565_013,USA,diplomacy,1,False,True
aftermath_aug,0565_013,ISRAEL,military_action,8,False,True
aftermath_aug,0565_013,ISRAEL,nuclear_program,11,False,True
aftermath_aug,0565_013,ISRAEL,diplomacy,3,False,True
aftermath_aug,0565_014,IRAN,nuclear_program,1,False,True
aftermath_aug,0565_014,IRAN,diplomacy,2,False,True
aftermath_aug,0565_014,UK,nuclear_program,9,False,True
aftermath_aug,0565_014,UK,diplomacy,20,False,True
aftermath_aug,0565_015,IRAN,nuclear_program,6,False,False
aftermath_aug,0565_015,UK,nuclear_program,3,False,False
aftermath_aug,0566_000,IRAN,deterrence,2,False,True
aftermath_aug,0566_000,ISRAEL,deterrence,4,False,True
aftermath_aug,0566_004,GAZA,military_action,13,False,False
aftermath_aug,0566_004,ISRAEL,military_action,10,False,False
aftermath_aug,0566_007,IRAN,military_action,1,False,False
aftermath_aug,0566_007,IRAN,strike_claims,6,False,False
aftermath_aug,0566_007,ISRAEL,military_action,13,False,False
aftermath_aug,0566_007,ISRAEL,strike_claims,8,False,False
aftermath_aug,0566_008,IRAN,military_action,9,False,False
aftermath_aug,0566_008,ISRAEL,military_action,4,False,False
aftermath_aug,0566_011,USA,military_action,5,False,False
aftermath_aug,0566_011,USA,nuclear_program,9,False,False
aftermath_aug,0566_011,IRAN,military_action,2,False,False
aftermath_aug,0566_011,IRAN,nuclear_program,0,False,False
aftermath_aug,0566_015,USA,military_action,0,False,False
aftermath_aug,0566_015,USA,deterrence,2,False,False
aftermath_aug,0566_015,IRAN,military_action,0,False,False
aftermath_aug,0566_015,IRAN,deterrence,4,False,False
aftermath_aug,0566_015,QATAR,military_action,9,False,False
aftermath_aug,0566_015,QATAR,deterrence,13,False,False
aftermath_aug,0567_000,IRAN,nuclear_program,2,False,False
aftermath_aug,0567_000,IAEA,nuclear_program,0,False,False
aftermath_aug,0567_002,IAEA,nuclear_program,0,False,False
aftermath_aug,0567_002,IRAN,nuclear_program,3,False,False
aftermath_aug,0567_005,IRAN,nuclear_program,5,False,False
aftermath_aug,0567_005,IAEA,nuclear_program,0,False,False
aftermath_aug,0567_006,IAEA,nuclear_program,0,False,False
aftermath_aug,0567_008,IRAN,nuclear_program,6,True,True
aftermath_aug,0567_008,IAEA,nuclear_program,0,False,True
aftermath_aug,0567_009,USA,military_action,2,False,False
aftermath_aug,0567_009,USA,nuclear_program,17,False,False
aftermath_aug,0567_009,ISRAEL,military_action,5,False,False
aftermath_aug,0567_009,ISRAEL,nuclear_program,14,False,False
aftermath_aug,0567_009,IRAN,military_action,12,False,False
aftermath_aug,0567_009,IRAN,nuclear_program,7,False,False
aftermath_aug,0567_010,IRAN,military_action,0,True,True
aftermath_aug,0567_010,IRAN,nuclear_program,7,True,True
aftermath_aug,0567_010,ISRAEL,military_action,10,False,True
aftermath_aug,0567_010,ISRAEL,nuclear_program,9,False,True
aftermath_aug,0567_010,USA,military_action,1,False,True
aftermath_aug,0567_010,USA,nuclear_program,13,False,True
aftermath_aug,0567_011,IRAN,nuclear_program,5,False,True
aftermath_aug,0567_011,IAEA,nuclear_program,0,False,True
aftermath_aug,0567_014,ISRAEL,military_action,46,False,False
aftermath_aug,0567_014,ISRAEL,nuclear_program,33,False,False
aftermath_aug,0567_014,IRAN,military_action,0,False,False
aftermath_aug,0567_014,IRAN,nuclear_program,1,False,False
aftermath_aug,0567_014,USA,military_action,21,False,False
aftermath_aug,0567_014,USA,nuclear_program,8,False,False
aftermath_aug,0567_015,ISRAEL,military_action,2,False,False
aftermath_aug,0567_016,USA,military_action,0,False,False
aftermath_aug,0567_016,IRAN,military_action,0,False,False
aftermath_aug,0567_016,QATAR,military_action,14,False,False
aftermath_aug,0567_020,IAEA,nuclear_program,0,False,False
aftermath_aug,0567_020,IRAN,nuclear_program,2,False,False
aftermath_aug,0568_000,IRAN,military_action,1,False,True
aftermath_aug,0568_000,IRAN,nuclear_program,4,False,True
aftermath_aug,0568_000,USA,military_action,2,False,True
aftermath_aug,0568_000,USA,nuclear_program,1,False,True
aftermath_aug,0568_000,TRUMP,military_action,1,False,True
aftermath_aug,0568_000,TRUMP,nuclear_program,2,False,True
aftermath_aug,0568_001,TRUMP,military_action,6,False,True
aftermath_aug,0568_001,TRUMP,nuclear_program,17,False,True
aftermath_aug,0568_001,USA,military_action,1,False,True
aftermath_aug,0568_001,USA,nuclear_program,29,False,True
aftermath_aug,0568_001,IRAN,military_action,1,False,True
aftermath_aug,0568_001,IRAN,nuclear_program,0,False,True
aftermath_aug,0568_001,US_CONGRESS,military_action,28,False,True
aftermath_aug,0568_001,US_CONGRESS,nuclear_program,13,False,True
aftermath_aug,0568_004,IRAN,nuclear_program,3,False,True
aftermath_aug,0568_005,USA,military_action,2,False,False
aftermath_aug,0568_005,USA,nuclear_program,29,False,False
aftermath_aug,0568_005,IRAN,military_action,1,False,False
aftermath_aug,0568_005,IRAN,nuclear_program,2,False,False
aftermath_aug,0568_005,ISRAEL,military_action,12,False,False
aftermath_aug,0568_005,ISRAEL,nuclear_program,13,False,False
aftermath_aug,0568_006,IRAN,military_action,16,False,False
aftermath_aug,0568_006,ISRAEL,military_action,1,False,False
aftermath_aug,0568_006,USA,military_action,11,False,False
aftermath_aug,0568_007,IRAN,military_action,1,False,True
aftermath_aug,0568_007,TRUMP,military_action,1,False,True
aftermath_aug,0568_009,IRAN,military_action,1,False,False
aftermath_aug,0568_009,TRUMP,military_action,5,False,False
aftermath_aug,0568_009,USA,military_action,0,False,False
aftermath_aug,0569_002,ISRAEL,military_action,3,False,False
aftermath_aug,0569_002,IRAN,military_action,0,False,False
aftermath_aug,0569_004,ISRAEL,military_action,12,False,False
aftermath_aug,0569_004,ISRAEL,nuclear_program,32,False,False
aftermath_aug,0569_004,IRAN,military_action,0,False,False
aftermath_aug,0569_004,IRAN,nuclear_program,1,False,False
aftermath_aug,0569_004,USA,military_action,10,False,False
aftermath_aug,0569_004,USA,nuclear_program,8,False,False
aftermath_aug,0569_006,IRAN,military_action,0,False,False
aftermath_aug,0569_007,ISRAEL,military_action,2,False,False
aftermath_aug,0569_008,USA,military_action,0,False,False
aftermath_aug,0569_008,IRAN,military_action,0,False,False
aftermath_aug,0569_008,QATAR,military_action,14,False,False
aftermath_aug,0570_001,IRAN,diplomacy,20,False,False
aftermath_aug,0570_001,ARAGHCHI,diplomacy,12,False,False
aftermath_aug,0570_001,USA,diplomacy,6,False,False
aftermath_aug,0570_002,IRAN,diplomacy,14,False,False
aftermath_aug,0570_005,IRAN,strike_claims,14,False,False
aftermath_aug,0570_005,USA,strike_claims,4,False,False
aftermath_aug,0570_009,USA,military_action,0,False,True
aftermath_aug,0570_009,IRAN,military_action,2,True,True
aftermath_aug,0570_010,ARAGHCHI,diplomacy,26,False,True
aftermath_aug,0570_010,USA,diplomacy,15,False,True
aftermath_aug,0570_010,ISRAEL,diplomacy,17,False,True
aftermath_aug,0570_010,IRAN,diplomacy,2,False,True
aftermath_aug,0570_012,ISRAEL,military_action,13,False,False
aftermath_aug,0570_012,ISRAEL,nuclear_program,33,False,False
aftermath_aug,0570_012,IRAN,military_action,0,False,False
aftermath_aug,0570_012,IRAN,nuclear_program,1,False,False
aftermath_aug,0570_012,USA,military_action,10,False,False
aftermath_aug,0570_012,USA,nuclear_program,8,False,False
aftermath_aug,0570_014,IRAN,military_action,0,False,False
aftermath_aug,0570_015,ISRAEL,military_action,2,False,False
aftermath_aug,0570_016,USA,military_action,0,False,False
aftermath_aug,0570_016,IRAN,military_action,0,False,False
aftermath_aug,0570_016,QATAR,military_action,14,False,False
aftermath_aug,0571_000,IRAN,nuclear_program,1,False,True
aftermath_aug,0571_000,ARAGHCHI,nuclear_program,5,False,True
aftermath_aug,0571_001,ARAGHCHI,nuclear_program,9,False,True
aftermath_aug,0571_001,IRAN,nuclear_program,0,False,True
aftermath_aug,0571_003,ARAGHCHI,military_action,11,True,True
aftermath_aug,0571_003,ARAGHCHI,strike_claims,9,True,True
aftermath_aug,0571_003,USA,military_action,7,False,True
aftermath_aug,0571_003,USA,strike_claims,5,False,True
aftermath_aug,0571_004,ARAGHCHI,diplomacy,9,True,True
aftermath_aug,0571_005,IRAN,diplomacy,7,False,False
aftermath_aug,0571_005,USA,diplomacy,5,False,False
aftermath_aug,0571_005,OMAN,diplomacy,2,False,False
aftermath_aug,0571_005,ISRAEL,diplomacy,4,False,False
aftermath_aug,0571_006,USA,military_action,8,True,True
aftermath_aug,0571_006,USA,nuclear_program,4,True,True
aftermath_aug,0571_006,ISRAEL,military_action,4,False,True
aftermath_aug,0571_006,ISRAEL,nuclear_program,25,False,True
aftermath_aug,0571_006,IRAN,military_action,2,False,True
aftermath_aug,0571_006,IRAN,nuclear_program,8,False,True
aftermath_aug,0571_007,ARAGHCHI,nuclear_program,9,False,False
aftermath_aug,0571_007,USA,nuclear_program,7,False,False
aftermath_aug,0571_007,IRAN,nuclear_program,2,False,False
aftermath_aug,0571_008,ARAGHCHI,nuclear_program,11,True,True
aftermath_aug,0571_008,IRAN,nuclear_program,0,False,True
aftermath_aug,0571_009,IRAN,diplomacy,5,False,True
aftermath_aug,0571_009,ARAGHCHI,diplomacy,4,True,True
aftermath_aug,0571_009,USA,diplomacy,3,False,True
aftermath_aug,0571_010,ARAGHCHI,diplomacy,16,False,False
aftermath_aug,0571_010,EU,diplomacy,12,False,False
aftermath_aug,0571_010,IRAN,diplomacy,0,False,False
aftermath_aug,0571_012,ARAGHCHI,nuclear_program,9,False,True
aftermath_aug,0571_012,IRAN,nuclear_program,0,False,True
aftermath_aug,0571_012,USA,nuclear_program,3,False,True
aftermath_aug,0572_004,USA,military_action,5,False,False
aftermath_aug,0572_004,USA,nuclear_program,9,False,False
aftermath_aug,0572_004,IRAN,military_action,2,False,False
aftermath_aug,0572_004,IRAN,nuclear_program,0,False,False
aftermath_aug,0572_008,USA,military_action,0,False,False
aftermath_aug,0572_008,USA,deterrence,2,False,False
aftermath_aug,0572_008,IRAN,military_action,0,False,False
aftermath_aug,0572_008,IRAN,deterrence,4,False,False
aftermath_aug,0572_008,QATAR,military_action,9,False,False
aftermath_aug,0572_008,QATAR,deterrence,13,False,False
aftermath_aug,0573_002,IRAN,diplomacy,35,False,False
aftermath_aug,0573_002,ISRAEL,diplomacy,4,False,False
aftermath_aug,0573_005,ISRAEL,military_action,46,False,False
aftermath_aug,0573_005,ISRAEL,nuclear_program,33,False,False
aftermath_aug,0573_005,IRAN,military_action,0,False,False
aftermath_aug,0573_005,IRAN,nuclear_program,1,False,False
aftermath_aug,0573_005,USA,military_action,21,False,False
aftermath_aug,0573_005,USA,nuclear_program,8,False,False
aftermath_aug,0573_006,ISRAEL,military_action,2,False,False
aftermath_aug,0573_007,USA,military_action,0,False,False
aftermath_aug,0573_007,IRAN,military_action,0,False,False
aftermath_aug,0573_007,QATAR,military_action,14,False,False
aftermath_aug,0574_007,ISRAEL,military_action,13,False,False
aftermath_aug,0574_007,ISRAEL,nuclear_program,33,False,False
aftermath_aug,0574_007,IRAN,military_action,0,False,False
aftermath_aug,0574_007,IRAN,nuclear_program,1,False,False
aftermath_aug,0574_007,USA,military_action,10,False,False
aftermath_aug,0574_007,USA,nuclear_program,8,False,False
aftermath_aug,0574_009,IRAN,military_action,0,False,False
aftermath_aug,0574_010,ISRAEL,military_action,2,False,False
aftermath_aug,0574_011,USA,military_action,0,False,False
aftermath_aug,0574_011,IRAN,military_action,0,False,False
aftermath_aug,0574_011,QATAR,military_action,14,False,False
aftermath_aug,0575_003,IRAN,military_action,7,False,False
aftermath_aug,0575_003,IRAQ,military_action,1,False,False
aftermath_aug,0575_003,ISRAEL,military_action,4,False,False
aftermath_aug,0575_006,ISRAEL,military_action,45,False,False
aftermath_aug,0575_006,ISRAEL,nuclear_program,32,False,False
aftermath_aug,0575_006,IRAN,military_action,0,False,False
aftermath_aug,0575_006,IRAN,nuclear_program,1,False,False
aftermath_aug,0575_006,USA,military_action,21,False,False
aftermath_aug,0575_006,USA,nuclear_program,8,False,False
aftermath_aug,0575_007,ISRAEL,military_action,2,False,False
aftermath_aug,0575_008,USA,military_action,0,False,False
aftermath_aug,0575_008,IRAN,military_action,0,False,False
aftermath_aug,0575_008,QATAR,military_action,14,False,False
aftermath_aug,0576_009,IRAN,military_action,13,False,False
aftermath_aug,0576_009,IRAN,diplomacy,9,False,False
aftermath_aug,0576_009,IRAN,strike_claims,22,False,False
aftermath_aug,0576_009,ISRAEL,military_action,2,False,False
aftermath_aug,0576_009,ISRAEL,diplomacy,6,False,False
aftermath_aug,0576_009,ISRAEL,strike_claims,5,False,False
aftermath_aug,0576_009,USA,military_action,6,False,False
aftermath_aug,0576_009,USA,diplomacy,10,False,False
aftermath_aug,0576_009,USA,strike_claims,1,False,False
aftermath_aug,0576_014,USA,military_action,5,False,False
aftermath_aug,0576_014,USA,nuclear_program,9,False,False
aftermath_aug,0576_014,IRAN,military_action,2,False,False
aftermath_aug,0576_014,IRAN,nuclear_program,0,False,False
aftermath_aug,0576_018,USA,military_action,0,False,False
aftermath_aug,0576_018,USA,deterrence,2,False,False
aftermath_aug,0576_018,IRAN,military_action,0,False,False
aftermath_aug,0576_018,IRAN,deterrence,4,False,False
aftermath_aug,0576_018,QATAR,military_action,9,False,False
aftermath_aug,0576_018,QATAR,deterrence,13,False,False
aftermath_aug,0577_001,IRAN,nuclear_program,13,False,False
aftermath_aug,0577_001,IAEA,nuclear_program,0,False,False
aftermath_aug,0577_002,IRAN,nuclear_program,12,False,False
aftermath_aug,0577_002,IAEA,nuclear_program,0,False,False
aftermath_aug,0577_002,GROSSI,nuclear_program,1,False,False
aftermath_aug,0577_002,ISRAEL,nuclear_program,6,False,False
aftermath_aug,0577_003,IAEA,military_action,14,False,False
aftermath_aug,0577_003,IAEA,nuclear_program,0,False,False
aftermath_aug,0577_003,IRAN,military_action,9,False,False
aftermath_aug,0577_003,IRAN,nuclear_program,2,False,False
aftermath_aug,0577_003,USA,military_action,15,False,False
aftermath_aug,0577_003,USA,nuclear_program,30,False,False
aftermath_aug,0577_003,ISRAEL,military_action,20,False,False
aftermath_aug,0577_003,ISRAEL,nuclear_program,35,False,False
aftermath_aug,0577_004,GROSSI,nuclear_program,42,False,False
aftermath_aug,0577_004,USA,nuclear_program,33,False,False
aftermath_aug,0577_004,ISRAEL,nuclear_program,30,False,False
aftermath_aug,0577_004,IAEA,nuclear_program,0,False,False
aftermath_aug,0577_006,IAEA,nuclear_program,0,False,False
aftermath_aug,0577_007,IRAN,nuclear_program,39,False,True
aftermath_aug,0577_007,IRAN,strike_claims,7,False,True
aftermath_aug,0577_007,ISRAEL,nuclear_program,54,False,True
aftermath_aug,0577_007,ISRAEL,strike_claims,14,False,True
aftermath_aug,0577_007,USA,nuclear_program,49,False,True
aftermath_aug,0577_007,USA,strike_claims,17,False,True
aftermath_aug,0577_007,IAEA,nuclear_program,8,False,True
aftermath_aug,0577_007,IAEA,strike_claims,60,False,True
aftermath_aug,0577_009,IRAN,military_action,2,False,False
aftermath_aug,0577_009,IRAN,nuclear_program,0,False,False
aftermath_aug,0577_009,IRAN,strike_claims,5,False,False
aftermath_aug,0577_009,USA,military_action,0,False,False
aftermath_aug,0577_009,USA,nuclear_program,4,False,False
aftermath_aug,0577_009,USA,strike_claims,9,False,False
aftermath_aug,0577_010,IRAN,nuclear_program,10,False,False
aftermath_aug,0577_010,IAEA,nuclear_program,0,False,False
aftermath_aug,0577_011,IAEA,nuclear_program,0,False,False
aftermath_aug,0578_006,ISRAEL,military_action,12,False,False
aftermath_aug,0578_006,ISRAEL,nuclear_program,32,False,False
aftermath_aug,0578_006,IRAN,military_action,0,False,False
aftermath_aug,0578_006,IRAN,nuclear_program,1,False,False
aftermath_aug,0578_006,USA,military_action,10,False,False
aftermath_aug,0578_006,USA,nuclear_program,8,False,False
aftermath_aug,0578_008,IRAN,military_action,0,False,False
aftermath_aug,0578_009,ISRAEL,military_action,2,False,False
aftermath_aug,0578_010,USA,military_action,0,False,False
aftermath_aug,0578_010,IRAN,military_action,0,False,False
aftermath_aug,0578_010,QATAR,military_action,14,False,False
aftermath_aug,0578_013,IRAN,military_action,2,False,False
aftermath_aug,0578_013,ISRAEL,military_action,8,False,False
aftermath_aug,0578_013,USA,military_action,9,False,False
aftermath_aug,0579_001,IRAN,nuclear_program,0,False,True
aftermath_aug,0579_001,IRAN,diplomacy,3,False,True
aftermath_aug,0579_003,IRAN,nuclear_program,0,False,False
aftermath_aug,0579_004,IRAN,nuclear_program,9,False,False
aftermath_aug,0579_005,USA,nuclear_program,3,False,False
aftermath_aug,0579_007,IRAN,military_action,0,False,True
aftermath_aug,0579_007,IRAN,diplomacy,1,False,True
aftermath_aug,0579_007,USA,military_action,2,True,True
aftermath_aug,0579_007,USA,diplomacy,3,True,True
aftermath_aug,0579_007,OMAN,military_action,16,False,True
aftermath_aug,0579_007,OMAN,diplomacy,2,False,True
aftermath_aug,0579_007,ISRAEL,military_action,18,False,True
aftermath_aug,0579_007,ISRAEL,diplomacy,4,False,True
aftermath_aug,0579_008,USA,military_action,8,False,True
aftermath_aug,0579_008,USA,nuclear_program,28,False,True
aftermath_aug,0579_008,ISRAEL,military_action,4,False,True
aftermath_aug,0579_008,ISRAEL,nuclear_program,24,False,True
aftermath_aug,0579_008,IRAN,military_action,2,False,True
aftermath_aug,0579_008,IRAN,nuclear_program,4,False,True
aftermath_aug,0579_010,IRAN,diplomacy,6,False,False
aftermath_aug,0580_002,ISRAEL,military_action,12,False,False
aftermath_aug,0580_002,IRAN,military_action,1,False,False
aftermath_aug,0580_012,ISRAEL,military_action,12,False,False
aftermath_aug,0580_012,IRAN,military_action,0,False,False
aftermath_aug,0580_013,USA,military_action,6,False,False
aftermath_aug,0580_013,USA,nuclear_program,9,False,False
aftermath_aug,0580_013,IRAN,military_action,5,False,False
aftermath_aug,0580_013,IRAN,nuclear_program,1,False,False
aftermath_aug,0580_015,IRAN,military_action,0,False,False
aftermath_aug,0580_016,ISRAEL,military_action,2,False,False
aftermath_aug,0580_017,USA,military_action,0,False,False
aftermath_aug,0580_017,IRAN,military_action,0,False,False
aftermath_aug,0580_017,QATAR,military_action,14,False,False
aftermath_aug,0580_019,IRAN,military_action,10,False,False
aftermath_aug,0580_019,ISRAEL,military_action,4,False,False
aftermath_aug,0581_003,ISRAEL,military_action,13,False,False
aftermath_aug,0581_003,ISRAEL,nuclear_program,33,False,False
aftermath_aug,0581_003,IRAN,military_action,0,False,False
aftermath_aug,0581_003,IRAN,nuclear_program,1,False,False
aftermath_aug,0581_003,USA,military_action,10,False,False
aftermath_aug,0581_003,USA,nuclear_program,8,False,False
aftermath_aug,0581_005,IRAN,military_action,0,False,False
aftermath_aug,0581_006,ISRAEL,military_action,2,False,False
aftermath_aug,0581_007,USA,military_action,0,False,False
aftermath_aug,0581_007,IRAN,military_action,0,False,False
aftermath_aug,0581_007,QATAR,military_action,14,False,False
aftermath_aug,0582_005,IRAN,military_action,8,True,True
aftermath_aug,0582_005,GAZA,military_action,4,False,True
aftermath_aug,0582_005,USA,military_action,7,False,True
aftermath_aug,0582_005,GERMANY,military_action,13,False,True
aftermath_aug,0582_015,IAEA,nuclear_program,0,False,False
aftermath_aug,0582_015,IRAN,nuclear_program,3,False,False
aftermath_aug,0582_016,IRAN,nuclear_program,3,False,True
aftermath_aug,0582_016,IAEA,nuclear_program,0,False,True
aftermath_aug,0582_017,IRAN,nuclear_program,7,True,True
aftermath_aug,0582_017,IAEA,nuclear_program,0,False,True
aftermath_aug,0582_017,PEZESHKIAN,nuclear_program,13,False,True
aftermath_aug,0582_018,IRAN,military_action,5,False,False
aftermath_aug,0582_018,IRAN,nuclear_program,0,False,False
aftermath_aug,0582_018,USA,military_action,1,False,False
aftermath_aug,0582_018,USA,nuclear_program,4,False,False
aftermath_aug,0582_018,ISRAEL,military_action,5,False,False
aftermath_aug,0582_018,ISRAEL,nuclear_program,2,False,False
aftermath_aug,0582_019,IRAN,nuclear_program,3,False,True
aftermath_aug,0582_019,IAEA,nuclear_program,0,False,True
aftermath_aug,0582_020,IRAN,nuclear_program,7,True,True
aftermath_aug,0582_020,IAEA,nuclear_program,15,False,True
aftermath_aug,0582_021,IRAN,nuclear_program,3,False,False
aftermath_aug,0582_021,IAEA,nuclear_program,0,False,False
aftermath_aug,0582_022,UK,nuclear_program,2,False,False
aftermath_aug,0582_022,IRAN,nuclear_program,0,False,False
aftermath_aug,0582_023,IRAN,nuclear_program,6,True,True
aftermath_aug,0582_023,IAEA,nuclear_program,0,False,True
aftermath_aug,0582_024,IAEA,nuclear_program,3,False,True
aftermath_aug,0582_024,IRAN,nuclear_program,1,False,True
aftermath_aug,0582_026,IRAN,diplomacy,26,False,False
aftermath_aug,0582_026,EU,diplomacy,20,False,False
aftermath_aug,0582_026,UK,diplomacy,17,False,False
aftermath_aug,0582_026,FRANCE,diplomacy,16,False,False
aftermath_aug,0582_026,GERMANY,diplomacy,14,False,False
aftermath_aug,0582_027,IRAN,nuclear_program,1,True,True
aftermath_aug,0582_027,IRAN,diplomacy,12,True,True
aftermath_aug,0582_028,IRAN,nuclear_program,0,False,False
aftermath_aug,0582_030,IRAN,nuclear_program,1,False,False
aftermath_aug,0582_037,IRAN,diplomacy,6,False,False
aftermath_aug,0582_041,IRAN,diplomacy,1,False,False
aftermath_aug,0582_041,USA,diplomacy,0,False,False
aftermath_aug,0582_042,USA,strike_claims,5,False,False
aftermath_aug,0582_043,IRAN,diplomacy,8,False,True
aftermath_aug,0582_048,IRAN,military_action,8,False,True
aftermath_aug,0582_048,IRAN,diplomacy,12,False,True
aftermath_aug,0582_048,ARAGHCHI,military_action,11,False,True
aftermath_aug,0582_048,ARAGHCHI,diplomacy,19,False,True
aftermath_aug,0582_048,ISRAEL,military_action,49,False,True
aftermath_aug,0582_048,ISRAEL,diplomacy,16,False,True
aftermath_aug,0582_048,USA,military_action,58,False,True
aftermath_aug,0582_048,USA,diplomacy,25,False,True
aftermath_aug,0582_049,USA,diplomacy,5,False,False
aftermath_aug,0582_049,IRAN,diplomacy,15,False,False
aftermath_aug,0583_007,IRAN,strike_claims,7,False,False
aftermath_aug,0583_009,ISRAEL,military_action,13,False,False
aftermath_aug,0583_009,ISRAEL,nuclear_program,33,False,False
aftermath_aug,0583_009,IRAN,military_action,0,False,False
aftermath_aug,0583_009,IRAN,nuclear_program,1,False,False
aftermath_aug,0583_009,USA,military_action,10,False,False
aftermath_aug,0583_009,USA,nuclear_program,8,False,False
aftermath_aug,0583_011,IRAN,military_action,0,False,False
aftermath_aug,0583_012,ISRAEL,military_action,2,False,False
aftermath_aug,0583_013,USA,military_action,0,False,False
aftermath_aug,0583_013,IRAN,military_action,0,False,False
aftermath_aug,0583_013,QATAR,military_action,14,False,False
aftermath_aug,0584_004,ISRAEL,military_action,12,False,False
aftermath_aug,0584_004,ISRAEL,nuclear_program,32,False,False
aftermath_aug,0584_004,IRAN,military_action,0,False,False
aftermath_aug,0584_004,IRAN,nuclear_program,1,False,False
aftermath_aug,0584_004,USA,military_action,10,False,False
aftermath_aug,0584_004,USA,nuclear_program,8,False,False
aftermath_aug,0584_006,IRAN,military_action,0,False,False
aftermath_aug,0584_007,ISRAEL,military_action,2,False,False
aftermath_aug,0584_008,USA,military_action,0,False,False
aftermath_aug,0584_008,IRAN,military_action,0,False,False
aftermath_aug,0584_008,QATAR,military_action,14,False,False
aftermath_aug,0585_003,IRAN,military_action,0,False,False
aftermath_aug,0585_007,IRAN,deterrence,11,False,False
aftermath_aug,0585_010,USA,military_action,5,False,False
aftermath_aug,0585_010,USA,nuclear_program,9,False,False
aftermath_aug,0585_010,IRAN,military_action,2,False,False
aftermath_aug,0585_010,IRAN,nuclear_program,0,False,False
aftermath_aug,0585_014,USA,military_action,0,False,False
aftermath_aug,0585_014,USA,deterrence,2,False,False
aftermath_aug,0585_014,IRAN,military_action,0,False,False
aftermath_aug,0585_014,IRAN,deterrence,4,False,False
aftermath_aug,0585_014,QATAR,military_action,9,False,False
aftermath_aug,0585_014,QATAR,deterrence,13,False,False
aftermath_aug,0586_002,IRAN,deterrence,6,False,True
aftermath_aug,0586_007,ISRAEL,military_action,45,False,False
aftermath_aug,0586_007,ISRAEL,nuclear_program,32,False,False
aftermath_aug,0586_007,IRAN,military_action,0,False,False
aftermath_aug,0586_007,IRAN,nuclear_program,1,False,False
aftermath_aug,0586_007,USA,military_action,21,False,False
aftermath_aug,0586_007,USA,nuclear_program,8,False,False
aftermath_aug,0586_008,ISRAEL,military_action,2,False,False
aftermath_aug,0586_009,USA,military_action,0,False,False
aftermath_aug,0586_009,IRAN,military_action,0,False,False
aftermath_aug,0586_009,QATAR,military_action,14,False,False
aftermath_aug,0587_007,ISRAEL,military_action,45,False,False
aftermath_aug,0587_007,ISRAEL,nuclear_program,32,False,False
aftermath_aug,0587_007,IRAN,military_action,0,False,False
aftermath_aug,0587_007,IRAN,nuclear_program,1,False,False
aftermath_aug,0587_007,USA,military_action,21,False,False
aftermath_aug,0587_007,USA,nuclear_program,8,False,False
aftermath_aug,0587_008,ISRAEL,military_action,2,False,False
aftermath_aug,0587_009,USA,military_action,0,False,False
aftermath_aug,0587_009,IRAN,military_action,0,False,False
aftermath_aug,0587_009,QATAR,military_action,14,False,False
aftermath_aug,0587_010,IRAN,diplomacy,22,False,False
aftermath_aug,0588_014,ISRAEL,military_action,12,False,False
aftermath_aug,0588_014,ISRAEL,nuclear_program,32,False,False
aftermath_aug,0588_014,IRAN,military_action,0,False,False
aftermath_aug,0588_014,IRAN,nuclear_program,1,False,False
aftermath_aug,0588_014,USA,military_action,10,False,False
aftermath_aug,0588_014,USA,nuclear_program,8,False,False
aftermath_aug,0588_016,IRAN,military_action,0,False,False
aftermath_aug,0588_017,ISRAEL,military_action,2,False,False
aftermath_aug,0588_018,USA,military_action,0,False,False
aftermath_aug,0588_018,IRAN,military_action,0,False,False
aftermath_aug,0588_018,QATAR,military_action,14,False,False
aftermath_aug,0589_006,ISRAEL,deterrence,15,False,True
aftermath_aug,0589_006,ARAGHCHI,deterrence,17,True,True
aftermath_aug,0589_007,IRAN,diplomacy,3,False,False
aftermath_aug,0589_009,ARAGHCHI,nuclear_program,10,False,True
aftermath_aug,0589_009,ARAGHCHI,diplomacy,0,False,True
aftermath_aug,0589_009,IRAN,nuclear_program,0,False,True
aftermath_aug,0589_009,IRAN,diplomacy,2,False,True
aftermath_aug,0589_010,ARAGHCHI,nuclear_program,26,True,True
aftermath_aug,0589_010,IRAN,nuclear_program,24,False,True
aftermath_aug,0589_010,EU,nuclear_program,14,False,True
aftermath_aug,0589_010,FRANCE,nuclear_program,12,False,True
aftermath_aug,0589_010,UK,nuclear_program,11,False,True
aftermath_aug,0589_010,GERMANY,nuclear_program,9,False,True
aftermath_aug,0589_010,IAEA,nuclear_program,0,False,True
aftermath_aug,0589_011,ARAGHCHI,diplomacy,15,True,True
aftermath_aug,0589_011,IRAN,diplomacy,13,False,True
aftermath_aug,0589_011,USA,diplomacy,4,False,True
aftermath_aug,0589_012,IRAN,military_action,21,False,True
aftermath_aug,0589_012,USA,military_action,5,False,True
aftermath_aug,0589_012,ARAGHCHI,military_action,3,True,True
aftermath_aug,0589_014,USA,diplomacy,6,True,True
aftermath_aug,0589_015,USA,military_action,4,False,True
aftermath_aug,0589_015,USA,diplomacy,1,False,True
aftermath_aug,0589_015,ISRAEL,military_action,11,False,True
aftermath_aug,0589_015,ISRAEL,diplomacy,21,False,True
aftermath_aug,0589_015,IRAN,military_action,15,False,True
aftermath_aug,0589_015,IRAN,diplomacy,25,False,True
aftermath_aug,0589_015,ARAGHCHI,military_action,16,False,True
aftermath_aug,0589_015,ARAGHCHI,diplomacy,26,False,True
aftermath_aug,0589_017,ISRAEL,military_action,1,False,True
aftermath_aug,0589_017,ARAGHCHI,military_action,16,True,True
aftermath_aug,0590_001,IRAN,strike_claims,3,False,True
aftermath_aug,0590_001,USA,strike_claims,4,False,True
aftermath_aug,0590_001,ISRAEL,strike_claims,10,False,True
aftermath_aug,0590_004,ISRAEL,strike_claims,10,False,False
aftermath_aug,0590_004,IRAN,strike_claims,7,False,False
aftermath_aug,0590_016,ISRAEL,military_action,1,False,False
aftermath_aug,0590_016,ISRAEL,diplomacy,19,False,False
aftermath_aug,0590_016,ISRAEL,strike_claims,6,False,False
aftermath_aug,0590_016,USA,military_action,4,False,False
aftermath_aug,0590_016,USA,diplomacy,16,False,False
aftermath_aug,0590_016,USA,strike_claims,3,False,False
aftermath_aug,0590_016,IRAN,military_action,6,False,False
aftermath_aug,0590_016,IRAN,diplomacy,14,False,False
aftermath_aug,0590_016,IRAN,strike_claims,1,False,False
aftermath_aug,0590_017,IRAN,nuclear_program,0,False,False
aftermath_aug,0590_018,IRAN,strike_claims,2,False,False
aftermath_aug,0590_018,USA,strike_claims,5,False,False
aftermath_aug,0590_018,ISRAEL,strike_claims,8,False,False
aftermath_aug,0591_006,ISRAEL,military_action,2,False,False
aftermath_aug,0591_006,IRAN,military_action,1,False,False
aftermath_aug,0591_007,IRAN,deterrence,0,False,False
aftermath_aug,0591_009,IRAN,military_action,2,False,False
aftermath_aug,0591_009,ISRAEL,military_action,13,False,False
aftermath_aug,0592_000,IRAN,nuclear_program,3,False,True
aftermath_aug,0592_000,ARAGHCHI,nuclear_program,30,False,True
aftermath_aug,0592_000,USA,nuclear_program,7,False,True
aftermath_aug,0592_000,ISRAEL,nuclear_program,16,False,True
aftermath_aug,0592_002,OMAN,nuclear_program,24,False,True
aftermath_aug,0592_002,IRAN,nuclear_program,7,False,True
aftermath_aug,0592_002,USA,nuclear_program,5,True,True
aftermath_aug,0592_002,ARAGHCHI,nuclear_program,15,False,True
aftermath_aug,0592_004,USA,nuclear_program,9,True,True
aftermath_aug,0592_005,USA,nuclear_program,3,True,True
aftermath_aug,0592_005,ARAGHCHI,nuclear_program,4,True,True
aftermath_aug,0592_006,ARAGHCHI,nuclear_program,5,False,False
aftermath_aug,0592_006,IRAN,nuclear_program,3,False,False
aftermath_aug,0592_008,ARAGHCHI,nuclear_program,15,True,True
aftermath_aug,0592_011,USA,diplomacy,2,False,False
aftermath_aug,0592_011,ARAGHCHI,diplomacy,4,False,False
aftermath_aug,0592_016,USA,nuclear_program,8,False,True
aftermath_aug,0592_016,ARAGHCHI,nuclear_program,0,True,True
aftermath_aug,0592_020,ARAGHCHI,diplomacy,22,True,True
aftermath_aug,0592_024,USA,diplomacy,1,False,True
aftermath_aug,0592_024,USA,strike_claims,10,False,True
aftermath_aug,0592_024,ARAGHCHI,diplomacy,16,True,True
aftermath_aug,0592_024,ARAGHCHI,strike_claims,2,True,True
aftermath_aug,0592_028,ARAGHCHI,diplomacy,5,True,True
aftermath_aug,0592_031,ARAGHCHI,diplomacy,3,True,True
aftermath_aug,0592_034,ARAGHCHI,diplomacy,6,False,False
aftermath_aug,0592_046,ARAGHCHI,diplomacy,10,False,False
aftermath_aug,0592_052,IAEA,nuclear_program,0,False,False
aftermath_aug,0592_052,ARAGHCHI,nuclear_program,0,False,False
aftermath_aug,0592_052,IRAN,nuclear_program,1,False,False
aftermath_aug,0592_053,ARAGHCHI,military_action,15,True,True
aftermath_aug,0592_053,IRAN,military_action,1,False,True
aftermath_aug,0592_056,ARAGHCHI,diplomacy,0,True,True
aftermath_aug,0592_058,IAEA,nuclear_program,0,False,False
aftermath_aug,0592_058,ISRAEL,nuclear_program,3,False,False
aftermath_aug,0592_058,ARAGHCHI,nuclear_program,6,False,False
aftermath_aug,0592_059,UK,diplomacy,24,False,False
aftermath_aug,0592_059,FRANCE,diplomacy,23,False,False
aftermath_aug,0592_059,GERMANY,diplomacy,21,False,False
aftermath_aug,0592_059,ARAGHCHI,diplomacy,12,False,False
aftermath_aug,0592_061,ARAGHCHI,deterrence,0,False,True
aftermath_aug,0592_061,ARAGHCHI,diplomacy,2,False,True
aftermath_aug,0592_061,EU,deterrence,4,False,True
aftermath_aug,0592_061,EU,diplomacy,6,False,True
aftermath_aug,0592_061,IRAN,deterrence,15,False,True
aftermath_aug,0592_061,IRAN,diplomacy,17,False,True
aftermath_aug,0592_062,ARAGHCHI,nuclear_program,17,True,True
aftermath_aug,0592_062,ARAGHCHI,diplomacy,25,True,True
aftermath_aug,0592_064,ARAGHCHI,diplomacy,0,False,False
aftermath_aug,0592_066,ARAGHCHI,nuclear_program,12,False,False
aftermath_aug,0592_066,USA,nuclear_program,7,False,False
aftermath_aug,0592_066,IRAN,nuclear_program,12,False,False
aftermath_aug,0593_001,IRAN,diplomacy,1,False,False
aftermath_aug,0593_004,IRAN,diplomacy,0,False,True
aftermath_aug,0593_006,IAEA,nuclear_program,6,False,False
aftermath_aug,0593_006,IRAN,nuclear_program,5,False,False
aftermath_aug,0593_008,ISRAEL,military_action,6,False,False
aftermath_aug,0593_008,ISRAEL,nuclear_program,17,False,False
aftermath_aug,0593_008,ISRAEL,diplomacy,22,False,False
aftermath_aug,0593_008,USA,military_action,4,False,False
aftermath_aug,0593_008,USA,nuclear_program,15,False,False
aftermath_aug,0593_008,USA,diplomacy,20,False,False
aftermath_aug,0593_008,IRAN,military_action,1,False,False
aftermath_aug,0593_008,IRAN,nuclear_program,3,False,False
aftermath_aug,0593_008,IRAN,diplomacy,8,False,False
aftermath_aug,0593_008,IAEA,military_action,10,False,False
aftermath_aug,0593_008,IAEA,nuclear_program,0,False,False
aftermath_aug,0593_008,IAEA,diplomacy,4,False,False
aftermath_aug,0593_012,IRAN,nuclear_program,12,False,True
aftermath_aug,0593_012,IRAN,diplomacy,2,False,True
aftermath_aug,0593_012,IAEA,nuclear_program,11,False,True
aftermath_aug,0593_012,IAEA,diplomacy,8,False,True
aftermath_aug,0593_015,IRAN,diplomacy,4,True,True
aftermath_aug,0593_015,USA,diplomacy,1,False,True
aftermath_aug,0593_019,IRAN,nuclear_program,0,False,True
aftermath_aug,0593_020,IRAN,nuclear_program,1,False,False
aftermath_aug,0593_020,IRAN,diplomacy,3,False,False
aftermath_aug,0593_021,IRAN,nuclear_program,4,False,False
aftermath_aug,0593_026,IRAN,diplomacy,0,False,False
aftermath_aug,0593_026,GERMANY,diplomacy,14,False,False
aftermath_aug,0593_031,IRAN,diplomacy,1,False,False
aftermath_aug,0593_032,IRAN,diplomacy,0,False,False
aftermath_aug,0594_006,USA,military_action,6,False,True
aftermath_aug,0594_006,USA,nuclear_program,26,False,True
aftermath_aug,0594_006,ISRAEL,military_action,2,False,True
aftermath_aug,0594_006,ISRAEL,nuclear_program,22,False,True
aftermath_aug,0594_006,IRAN,military_action,2,False,True
aftermath_aug,0594_006,IRAN,nuclear_program,4,False,True
aftermath_aug,0594_011,IRAN,military_action,9,False,False
aftermath_aug,0594_011,ISRAEL,military_action,3,False,False
aftermath_aug,0595_001,ARAGHCHI,nuclear_program,4,False,True
aftermath_aug,0595_001,IAEA,nuclear_program,0,True,True
aftermath_aug,0595_005,ARAGHCHI,nuclear_program,28,True,True
aftermath_aug,0595_005,IAEA,nuclear_program,17,True,True
aftermath_aug,0595_007,ARAGHCHI,military_action,6,False,True
aftermath_aug,0595_007,ARAGHCHI,nuclear_program,58,False,True
aftermath_aug,0595_007,IRAN,military_action,12,False,True
aftermath_aug,0595_007,IRAN,nuclear_program,38,False,True
aftermath_aug,0595_007,IAEA,military_action,7,False,True
aftermath_aug,0595_007,IAEA,nuclear_program,0,False,True
aftermath_aug,0595_008,ARAGHCHI,nuclear_program,7,False,False
aftermath_aug,0595_008,IAEA,nuclear_program,4,False,False
aftermath_aug,0595_008,IRAN,nuclear_program,0,False,False
aftermath_aug,0595_009,ARAGHCHI,nuclear_program,3,False,False
aftermath_aug,0595_009,IAEA,nuclear_program,0,False,False
aftermath_aug,0595_009,IRAN,nuclear_program,8,False,False
aftermath_aug,0595_010,IRAN,military_action,4,False,True
aftermath_aug,0595_010,IRAN,nuclear_program,10,False,True
aftermath_aug,0595_010,IAEA,military_action,5,False,True
aftermath_aug,0595_010,IAEA,nuclear_program,0,False,True
aftermath_aug,0595_010,ARAGHCHI,military_action,8,True,True
aftermath_aug,0595_010,ARAGHCHI,nuclear_program,2,True,True
aftermath_aug,0595_014,ARAGHCHI,nuclear_program,6,True,True
aftermath_aug,0595_014,IRAN,nuclear_program,3,False,True
aftermath_aug,0595_014,IAEA,nuclear_program,0,False,True
aftermath_aug,0595_015,ARAGHCHI,nuclear_program,30,False,False
aftermath_aug,0595_015,IAEA,nuclear_program,27,False,False
aftermath_aug,0595_015,IRAN,nuclear_program,17,False,False
aftermath_aug,0595_016,ARAGHCHI,diplomacy,15,False,True
aftermath_aug,0595_016,USA,diplomacy,2,False,True
aftermath_aug,0595_019,USA,military_action,6,True,True
aftermath_aug,0595_019,USA,diplomacy,4,True,True
aftermath_aug,0595_019,IRAN,military_action,10,False,True
aftermath_aug,0595_019,IRAN,diplomacy,22,False,True
aftermath_aug,0595_020,ARAGHCHI,deterrence,4,False,False
aftermath_aug,0595_020,ARAGHCHI,diplomacy,30,False,False
aftermath_aug,0595_020,EU,deterrence,2,False,False
aftermath_aug,0595_020,EU,diplomacy,22,False,False
aftermath_aug,0595_020,UK,deterrence,4,False,False
aftermath_aug,0595_020,UK,diplomacy,20,False,False
aftermath_aug,0595_020,FRANCE,deterrence,5,False,False
aftermath_aug,0595_020,FRANCE,diplomacy,19,False,False
aftermath_aug,0595_020,GERMANY,deterrence,7,False,False
aftermath_aug,0595_020,GERMANY,diplomacy,17,False,False
aftermath_aug,0595_021,ARAGHCHI,military_action,3,True,True
aftermath_aug,0595_021,ARAGHCHI,diplomacy,22,True,True
aftermath_aug,0595_021,USA,military_action,0,False,True
aftermath_aug,0595_021,USA,diplomacy,19,False,True
aftermath_aug,0595_021,EU,military_action,24,False,True
aftermath_aug,0595_021,EU,diplomacy,6,False,True
aftermath_aug,0595_025,ARAGHCHI,nuclear_program,4,False,True
aftermath_aug,0595_025,IAEA,nuclear_program,0,True,True
aftermath_aug,0595_027,ARAGHCHI,nuclear_program,0,False,False
aftermath_aug,0595_027,IAEA,nuclear_program,0,False,False
aftermath_aug,0595_027,IRAN,nuclear_program,7,False,False
aftermath_aug,0596_000,GERMANY,deterrence,7,False,False
aftermath_aug,0596_000,GERMANY,diplomacy,16,False,False
aftermath_aug,0596_000,EU,deterrence,0,False,False
aftermath_aug,0596_000,EU,diplomacy,9,False,False
aftermath_aug,0596_003,USA,military_action,4,False,False
aftermath_aug,0596_003,WITKOFF,military_action,5,False,False
aftermath_aug,0596_003,ISRAEL,military_action,0,False,False
aftermath_aug,0596_003,IRAN,military_action,1,False,False
aftermath_aug,0596_005,IRAN,diplomacy,2,False,False
aftermath_aug,0596_007,IRAN,nuclear_program,3,False,False
aftermath_aug,0596_007,IRAN,strike_claims,9,False,False
aftermath_aug,0596_008,USA,nuclear_program,3,False,False
aftermath_aug,0596_009,USA,nuclear_program,4,False,True
aftermath_aug,0596_009,IRAN,nuclear_program,4,False,True
aftermath_aug,0596_010,IRAN,nuclear_program,0,False,False
aftermath_aug,0596_017,ISRAEL,strike_claims,3,False,True
aftermath_aug,0596_020,IRAN,diplomacy,15,False,False
aftermath_aug,0596_020,USA,diplomacy,11,False,False
aftermath_aug,0596_023,USA,diplomacy,8,False,False
aftermath_aug,0596_023,IRAN,diplomacy,10,False,False
aftermath_aug,0596_024,USA,diplomacy,2,False,False
aftermath_aug,0596_026,IRAN,diplomacy,4,False,False
aftermath_aug,0597_001,IRAN,military_action,16,False,False
aftermath_aug,0597_001,USA,military_action,11,False,False
aftermath_aug,0597_003,ISRAEL,military_action,4,False,False
aftermath_aug,0597_003,IRAN,military_action,1,False,False
aftermath_aug,0597_004,USA,military_action,7,False,False
aftermath_aug,0597_004,USA,diplomacy,16,False,False
aftermath_aug,0597_004,IRAN,military_action,1,False,False
aftermath_aug,0597_004,IRAN,diplomacy,6,False,False
aftermath_aug,0597_004,ISRAEL,military_action,12,False,False
aftermath_aug,0597_004,ISRAEL,diplomacy,3,False,False
aftermath_aug,0597_005,ISRAEL,military_action,7,False,False
aftermath_aug,0597_005,USA,military_action,18,False,False
aftermath_aug,0597_005,QATAR,military_action,21,False,False
aftermath_aug,0597_010,ISRAEL,military_action,0,False,False
aftermath_aug,0597_010,IRAN,military_action,3,False,False
aftermath_aug,0598_002,CHINA,diplomacy,30,False,False
aftermath_aug,0598_002,IRAN,diplomacy,16,False,False
aftermath_aug,0598_002,USA,diplomacy,5,False,False
aftermath_aug,0598_004,USA,military_action,5,True,True
aftermath_aug,0598_004,USA,nuclear_program,4,True,True
aftermath_aug,0598_004,USA,deterrence,2,True,True
aftermath_aug,0598_006,USA,military_action,5,True,True
aftermath_aug,0598_006,USA,strike_claims,7,True,True
aftermath_aug,0598_008,ISRAEL,nuclear_program,16,False,True
aftermath_aug,0598_008,IRAN,nuclear_program,3,False,True
aftermath_aug,0598_008,IAEA,nuclear_program,0,False,True
aftermath_aug,0598_010,IRAN,nuclear_program,10,False,False
aftermath_aug,0598_010,IAEA,nuclear_program,2,False,False
aftermath_aug,0598_012,IAEA,nuclear_program,0,False,False
aftermath_aug,0598_015,IRAN,nuclear_program,11,True,True
aftermath_aug,0598_015,IAEA,nuclear_program,3,False,True
aftermath_aug,0598_019,IRAN,strike_claims,7,False,False
aftermath_aug,0598_020,IRAN,diplomacy,8,False,True
aftermath_aug,0598_020,USA,diplomacy,1,False,True
aftermath_aug,0599_003,IRAN,diplomacy,0,False,False
aftermath_aug,0599_003,USA,diplomacy,8,False,False
aftermath_aug,0599_003,EU,diplomacy,27,False,False
aftermath_aug,0599_005,IRAN,diplomacy,3,False,True
aftermath_aug,0599_005,EU,diplomacy,9,False,True
aftermath_aug,0599_006,IRAN,diplomacy,15,False,False
aftermath_aug,0599_007,ISRAEL,military_action,0,False,False
aftermath_aug,0599_007,ISRAEL,diplomacy,0,False,False
aftermath_aug,0599_007,IRAN,military_action,1,False,False
aftermath_aug,0599_007,IRAN,diplomacy,3,False,False
aftermath_aug,0599_007,USA,military_action,9,False,False
aftermath_aug,0599_007,USA,diplomacy,9,False,False
aftermath_aug,0599_010,IRAN,military_action,15,False,False
aftermath_aug,0599_010,IRAN,nuclear_program,0,False,False
aftermath_aug,0599_010,IRAN,strike_claims,6,False,False
aftermath_aug,0599_010,IAEA,military_action,23,False,False
aftermath_aug,0599_010,IAEA,nuclear_program,5,False,False
aftermath_aug,0599_010,IAEA,strike_claims,14,False,False
aftermath_aug,0599_011,USA,strike_claims,8,False,False
aftermath_aug,0599_011,ISRAEL,strike_claims,6,False,False
aftermath_aug,0600_006,USA,military_action,6,False,True
aftermath_aug,0600_006,USA,nuclear_program,26,False,True
aftermath_aug,0600_006,ISRAEL,military_action,2,False,True
aftermath_aug,0600_006,ISRAEL,nuclear_program,22,False,True
aftermath_aug,0600_006,IRAN,military_action,2,False,True
aftermath_aug,0600_006,IRAN,nuclear_program,4,False,True
aftermath_aug,0600_007,ISRAEL,military_action,6,False,False
aftermath_aug,0600_007,USA,military_action,3,False,False
aftermath_aug,0600_007,IRAN,military_action,0,False,False
aftermath_aug,0601_000,IAEA,nuclear_program,0,False,False
aftermath_aug,0601_000,ISRAEL,nuclear_program,3,False,False
aftermath_aug,0601_000,IRAN,nuclear_program,7,False,False
aftermath_aug,0601_003,ISRAEL,military_action,4,False,False
aftermath_aug,0601_003,IRAN,military_action,1,False,False
aftermath_aug,0601_010,USA,military_action,4,False,False
aftermath_aug,0601_013,ISRAEL,nuclear_program,16,False,False
aftermath_aug,0601_013,IRAN,nuclear_program,1,False,False
aftermath_aug,0601_026,IAEA,nuclear_program,0,False,False
aftermath_aug,0601_026,ISRAEL,nuclear_program,3,False,False
aftermath_aug,0601_026,IRAN,nuclear_program,7,False,False
aftermath_aug,0601_027,IAEA,nuclear_program,0,False,False
aftermath_aug,0601_027,IRAN,nuclear_program,4,False,False
aftermath_aug,0602_006,ISRAEL,military_action,5,False,False
aftermath_aug,0602_006,ISRAEL,nuclear_program,7,False,False
aftermath_aug,0602_006,IRAN,military_action,1,False,False
aftermath_aug,0602_006,IRAN,nuclear_program,3,False,False
aftermath_aug,0602_009,IAEA,nuclear_program,0,False,False
aftermath_aug,0603_001,ARAGHCHI,military_action,27,False,False
aftermath_aug,0603_001,ISRAEL,military_action,4,False,False
aftermath_aug,0603_001,USA,military_action,0,False,False
aftermath_aug,0603_001,IRAN,military_action,0,False,False
aftermath_aug,0603_002,EU,deterrence,1,False,False
aftermath_aug,0603_002,EU,diplomacy,11,False,False
aftermath_aug,0603_002,IRAN,deterrence,24,False,False
aftermath_aug,0603_002,IRAN,diplomacy,13,False,False
aftermath_aug,0603_003,ARAGHCHI,nuclear_program,18,False,False
aftermath_aug,0603_003,ARAGHCHI,diplomacy,27,False,False
aftermath_aug,0603_003,EU,nuclear_program,14,False,False
aftermath_aug,0603_003,EU,diplomacy,23,False,False
aftermath_aug,0603_005,USA,nuclear_program,9,False,False
aftermath_aug,0603_016,ARAGHCHI,diplomacy,13,True,True
aftermath_aug,0603_016,USA,diplomacy,0,False,True
aftermath_aug,0603_017,UN_SECURITY_COUNCIL,diplomacy,1,False,True
aftermath_aug,0603_017,USA,diplomacy,0,False,True
aftermath_aug,0603_017,ARAGHCHI,diplomacy,0,True,True
aftermath_aug,0603_023,IAEA,military_action,5,False,False
aftermath_aug,0603_023,IAEA,nuclear_program,0,False,False
aftermath_aug,0603_023,IAEA,diplomacy,3,False,False
aftermath_aug,0603_023,USA,military_action,1,False,False
aftermath_aug,0603_023,USA,nuclear_program,3,False,False
aftermath_aug,0603_023,USA,diplomacy,12,False,False
aftermath_aug,0603_023,IRAN,military_action,1,False,False
aftermath_aug,0603_023,IRAN,nuclear_program,7,False,False
aftermath_aug,0603_023,IRAN,diplomacy,16,False,False
aftermath_aug,0603_024,ARAGHCHI,nuclear_program,7,False,False
aftermath_aug,0603_024,IRAN,nuclear_program,5,False,False
aftermath_aug,0603_024,IAEA,nuclear_program,0,False,False
aftermath_aug,0603_026,ARAGHCHI,military_action,15,True,True
aftermath_aug,0603_030,USA,diplomacy,1,False,True
aftermath_aug,0603_033,USA,diplomacy,1,False,False
aftermath_aug,0603_034,ARAGHCHI,diplomacy,20,False,False
aftermath_aug,0603_034,USA,diplomacy,10,False,False
aftermath_aug,0603_034,IRAN,diplomacy,7,False,False
aftermath_aug,0604_000,IRAN,nuclear_program,0,True,True
aftermath_aug,0604_001,IRAN,nuclear_program,7,False,False
aftermath_aug,0604_001,IAEA,nuclear_program,0,False,False
aftermath_aug,0604_002,IRAN,military_action,1,True,True
aftermath_aug,0604_005,IRAN,military_action,1,True,True
aftermath_aug,0604_005,IRAN,nuclear_program,0,True,True
aftermath_aug,0604_005,IRAN,diplomacy,9,True,True
aftermath_aug,0604_005,EU,military_action,18,False,True
aftermath_aug,0604_005,EU,nuclear_program,21,False,True
aftermath_aug,0604_005,EU,diplomacy,9,False,True
aftermath_aug,0604_005,USA,military_action,2,False,True
aftermath_aug,0604_005,USA,nuclear_program,5,False,True
aftermath_aug,0604_005,USA,diplomacy,4,False,True
aftermath_aug,0604_005,ISRAEL,military_action,0,False,True
aftermath_aug,0604_005,ISRAEL,nuclear_program,3,False,True
aftermath_aug,0604_005,ISRAEL,diplomacy,6,False,True
aftermath_aug,0604_007,IRAN,strike_claims,2,True,True
aftermath_aug,0604_007,EU,strike_claims,6,False,True
aftermath_aug,0604_007,ISRAEL,strike_claims,10,False,True
aftermath_aug,0604_011,IRAN,diplomacy,19,False,False
aftermath_aug,0604_011,EU,diplomacy,12,False,False
aftermath_aug,0604_012,IRAN,nuclear_program,0,False,False
aftermath_aug,0605_001,IRAN,deterrence,7,False,False
aftermath_aug,0605_003,ISRAEL,diplomacy,5,False,False
aftermath_aug,0605_003,IRAN,diplomacy,9,False,False
aftermath_aug,0605_004,IRAN,diplomacy,14,False,False
aftermath_aug,0605_007,USA,military_action,6,False,True
aftermath_aug,0605_007,USA,nuclear_program,4,False,True
aftermath_aug,0605_007,ISRAEL,military_action,2,False,True
aftermath_aug,0605_007,ISRAEL,nuclear_program,22,False,True
aftermath_aug,0605_007,IRAN,military_action,2,False,True
aftermath_aug,0605_007,IRAN,nuclear_program,7,False,True
aftermath_aug,0605_009,ISRAEL,diplomacy,3,False,False
aftermath_aug,0605_009,IRAN,diplomacy,10,False,False
aftermath_aug,0606_000,IRAN,nuclear_program,0,False,False
aftermath_aug,0606_006,IAEA,nuclear_program,0,False,False
aftermath_aug,0606_006,IRAN,nuclear_program,2,False,False
aftermath_aug,0606_007,IRAN,military_action,1,False,False
aftermath_aug,0606_007,IRAN,nuclear_program,5,False,False
aftermath_aug,0606_007,IAEA,military_action,7,False,False
aftermath_aug,0606_007,IAEA,nuclear_program,0,False,False
aftermath_aug,0606_008,IRAN,diplomacy,6,False,False
aftermath_aug,0606_009,IRAN,diplomacy,10,False,False
aftermath_aug,0606_009,USA,diplomacy,5,False,False
aftermath_aug,0606_009,EU,diplomacy,11,False,False
aftermath_aug,0606_010,IRAN,diplomacy,17,False,False
aftermath_aug,0606_010,IRAN,strike_claims,29,False,False
aftermath_aug,0607_001,IRAN,diplomacy,14,False,False
aftermath_aug,0607_001,IRAN,strike_claims,0,False,False
aftermath_aug,0607_001,EU,diplomacy,4,False,False
aftermath_aug,0607_001,EU,strike_claims,7,False,False
aftermath_aug,0607_002,EU,diplomacy,30,False,False
aftermath_aug,0607_002,EU,strike_claims,16,False,False
aftermath_aug,0607_002,UK,diplomacy,28,False,False
aftermath_aug,0607_002,UK,strike_claims,18,False,False
aftermath_aug,0607_002,FRANCE,diplomacy,27,False,False
aftermath_aug,0607_002,FRANCE,strike_claims,19,False,False
aftermath_aug,0607_002,GERMANY,diplomacy,25,False,False
aftermath_aug,0607_002,GERMANY,strike_claims,21,False,False
aftermath_aug,0607_006,IRAN,military_action,1,False,False
aftermath_aug,0607_006,IRAN,nuclear_program,2,False,False
aftermath_aug,0607_006,IRAN,diplomacy,1,False,False
aftermath_aug,0607_006,EU,military_action,47,False,False
aftermath_aug,0607_006,EU,nuclear_program,29,False,False
aftermath_aug,0607_006,EU,diplomacy,4,False,False
aftermath_aug,0607_006,USA,military_action,0,False,False
aftermath_aug,0607_006,USA,nuclear_program,1,False,False
aftermath_aug,0607_006,USA,diplomacy,4,False,False
aftermath_aug,0607_006,ISRAEL,military_action,2,False,False
aftermath_aug,0607_006,ISRAEL,nuclear_program,5,False,False
aftermath_aug,0607_006,ISRAEL,diplomacy,8,False,False
aftermath_aug,0607_010,EU,diplomacy,23,False,False
aftermath_aug,0608_009,IRAN,military_action,1,False,False
aftermath_aug,0608_015,USA,diplomacy,7,False,False
aftermath_aug,0608_015,IRAN,diplomacy,5,False,False
aftermath_aug,0608_017,IRAN,diplomacy,1,False,True
aftermath_aug,0608_017,ARAGHCHI,diplomacy,6,True,True
aftermath_aug,0608_020,IRAN,nuclear_program,2,False,False
aftermath_aug,0608_020,IAEA,nuclear_program,0,False,False
aftermath_aug,0608_027,EU,deterrence,1,False,False
aftermath_aug,0608_027,EU,diplomacy,35,False,False
aftermath_aug,0608_027,UK,deterrence,5,False,False
aftermath_aug,0608_027,UK,diplomacy,31,False,False
aftermath_aug,0608_027,FRANCE,deterrence,6,False,False
aftermath_aug,0608_027,FRANCE,diplomacy,30,False,False
aftermath_aug,0608_027,GERMANY,deterrence,8,False,False
aftermath_aug,0608_027,GERMANY,diplomacy,28,False,False
aftermath_aug,0608_027,IRAN,deterrence,39,False,False
aftermath_aug,0608_027,IRAN,diplomacy,1,False,False
aftermath_aug,0608_028,EU,diplomacy,9,False,False
aftermath_aug,0608_028,IRAN,diplomacy,6,False,False
aftermath_aug,0608_028,USA,diplomacy,3,False,False
aftermath_aug,0608_029,IRAN,diplomacy,28,False,False
aftermath_aug,0608_030,IRAN,nuclear_program,16,False,False
aftermath_aug,0608_030,IAEA,nuclear_program,0,False,False
aftermath_aug,0608_030,UN_SECURITY_COUNCIL,nuclear_program,6,False,False
aftermath_aug,0609_006,PEZESHKIAN,military_action,13,False,False
aftermath_aug,0609_006,ISRAEL,military_action,1,False,False
aftermath_aug,0609_006,USA,military_action,3,False,False
aftermath_aug,0609_006,IRAN,military_action,7,False,False
aftermath_aug,0609_008,IRAN,military_action,0,False,True
aftermath_aug,0609_008,IRAN,nuclear_program,0,False,True
aftermath_aug,0609_008,IRAN,diplomacy,1,False,True
aftermath_aug,0609_008,IRAN,strike_claims,6,False,True
aftermath_aug,0609_008,ISRAEL,military_action,13,False,True
aftermath_aug,0609_008,ISRAEL,nuclear_program,17,False,True
aftermath_aug,0609_008,ISRAEL,diplomacy,27,False,True
aftermath_aug,0609_008,ISRAEL,strike_claims,6,False,True
aftermath_aug,0609_008,USA,military_action,8,False,True
aftermath_aug,0609_008,USA,nuclear_program,12,False,True
aftermath_aug,0609_008,USA,diplomacy,3,False,True
aftermath_aug,0609_008,USA,strike_claims,1,False,True
aftermath_aug,0609_011,IRAN,deterrence,5,False,False
aftermath_aug,0609_011,IRAN,strike_claims,4,False,False
aftermath_aug,0609_013,PEZESHKIAN,diplomacy,8,False,True
aftermath_aug,0609_013,PEZESHKIAN,strike_claims,16,False,True
aftermath_aug,0609_013,IRAN,diplomacy,6,False,True
aftermath_aug,0609_013,IRAN,strike_claims,14,False,True
aftermath_aug,0609_014,PEZESHKIAN,diplomacy,7,True,True
aftermath_aug,0609_014,IRAN,diplomacy,3,False,True
aftermath_aug,0609_014,RUSSIA,diplomacy,14,False,True
aftermath_aug,0610_001,IRAN,diplomacy,3,False,False
aftermath_aug,0610_002,IRAN,nuclear_program,2,False,True
aftermath_aug,0610_002,IRAN,strike_claims,3,False,True
aftermath_aug,0610_002,ARAGHCHI,nuclear_program,18,False,True
aftermath_aug,0610_002,ARAGHCHI,strike_claims,13,False,True
aftermath_aug,0610_002,EU,nuclear_program,19,False,True
aftermath_aug,0610_002,EU,strike_claims,23,False,True
aftermath_aug,0610_003,EU,diplomacy,27,False,False
aftermath_aug,0610_003,IRAN,diplomacy,21,False,False
aftermath_aug,0610_004,IRAN,diplomacy,1,False,False
aftermath_aug,0610_008,IRAN,diplomacy,8,False,False
aftermath_aug,0610_008,UN_SECURITY_COUNCIL,diplomacy,19,False,False
aftermath_aug,0610_009,IRAN,diplomacy,3,False,False
aftermath_aug,0610_010,IRAN,nuclear_program,0,False,True
aftermath_aug,0610_010,IRAN,diplomacy,1,False,True
aftermath_aug,0610_011,USA,nuclear_program,16,False,True
aftermath_aug,0610_011,USA,diplomacy,4,False,True
aftermath_aug,0610_011,IRAN,nuclear_program,3,False,True
aftermath_aug,0610_011,IRAN,diplomacy,2,False,True
aftermath_aug,0610_011,IAEA,nuclear_program,0,False,True
aftermath_aug,0610_011,IAEA,diplomacy,10,False,True
aftermath_aug,0610_011,EU,nuclear_program,2,False,True
aftermath_aug,0610_011,EU,diplomacy,18,False,True
aftermath_aug,0611_000,IRAN,diplomacy,5,False,False
aftermath_aug,0611_000,RUSSIA,diplomacy,9,False,False
aftermath_aug,0611_005,ISRAEL,military_action,11,False,False
aftermath_aug,0611_005,ISRAEL,deterrence,19,False,False
aftermath_aug,0611_005,USA,military_action,7,False,False
aftermath_aug,0611_005,USA,deterrence,15,False,False
aftermath_aug,0611_005,IRAN,military_action,1,False,False
aftermath_aug,0611_005,IRAN,deterrence,5,False,False
aftermath_aug,0611_008,IRAN,diplomacy,2,False,False
aftermath_aug,0612_000,IRAN,nuclear_program,3,False,False
aftermath_aug,0612_000,ARAGHCHI,nuclear_program,9,False,False
aftermath_aug,0612_000,IAEA,nuclear_program,0,False,False
aftermath_aug,0612_001,ARAGHCHI,nuclear_program,12,False,False
aftermath_aug,0612_001,IAEA,nuclear_program,0,False,False
aftermath_aug,0612_001,IRAN,nuclear_program,7,False,False
aftermath_aug,0612_004,IAEA,nuclear_program,0,False,False
aftermath_aug,0612_006,IAEA,nuclear_program,0,False,False
aftermath_aug,0612_007,IAEA,military_action,22,False,False
aftermath_aug,0612_007,IAEA,nuclear_program,0,False,False
aftermath_aug,0612_007,IAEA,strike_claims,36,False,False
aftermath_aug,0612_007,IRAN,military_action,1,False,False
aftermath_aug,0612_007,IRAN,nuclear_program,3,False,False
aftermath_aug,0612_007,IRAN,strike_claims,6,False,False
aftermath_aug,0612_007,USA,military_action,1,False,False
aftermath_aug,0612_007,USA,nuclear_program,9,False,False
aftermath_aug,0612_007,USA,strike_claims,15,False,False
aftermath_aug,0612_009,ARAGHCHI,nuclear_program,13,False,False
aftermath_aug,0612_009,IAEA,nuclear_program,0,False,False
aftermath_aug,0612_012,ARAGHCHI,nuclear_program,19,False,True
aftermath_aug,0612_012,ARAGHCHI,diplomacy,11,False,True
aftermath_aug,0612_012,EU,nuclear_program,5,False,True
aftermath_aug,0612_012,EU,diplomacy,1,False,True
aftermath_aug,0612_012,IAEA,nuclear_program,0,False,True
aftermath_aug,0612_012,IAEA,diplomacy,7,False,True
aftermath_aug,0612_013,IAEA,nuclear_program,0,False,False
aftermath_aug,0612_013,IRAN,nuclear_program,5,False,False
aftermath_aug,0612_014,IAEA,nuclear_program,0,False,False
aftermath_aug,0612_014,IRAN,nuclear_program,3,False,False
aftermath_aug,0612_014,ARAGHCHI,nuclear_program,10,False,False
aftermath_aug,0613_000,IRAN,military_action,1,False,False
aftermath_aug,0613_000,IRAN,strike_claims,20,False,False
aftermath_aug,0613_000,USA,military_action,9,False,False
aftermath_aug,0613_000,USA,strike_claims,12,False,False
aftermath_aug,0613_000,TRUMP,military_action,11,False,False
aftermath_aug,0613_000,TRUMP,strike_claims,9,False,False
aftermath_aug,0613_015,IRAN,military_action,1,False,False
aftermath_aug,0613_017,IRAN,nuclear_program,0,False,False
aftermath_aug,0613_018,TRUMP,military_action,5,False,False
aftermath_aug,0613_018,TRUMP,nuclear_program,8,False,False
aftermath_aug,0613_018,TRUMP,strike_claims,13,False,False
aftermath_aug,0613_022,HEGSETH,military_action,20,False,False
aftermath_aug,0613_022,USA,military_action,25,False,False
aftermath_aug,0614_002,IRAN,deterrence,7,False,False
aftermath_aug,0614_010,GAZA,deterrence,41,False,True
aftermath_aug,0614_010,IRAN,deterrence,27,False,True
aftermath_aug,0614_010,SYRIA,deterrence,19,False,True
aftermath_aug,0614_010,ISRAEL,deterrence,12,False,True
aftermath_aug,0614_010,NETANYAHU,deterrence,6,False,True
aftermath_aug,0614_011,ISRAEL,deterrence,7,False,False
aftermath_aug,0614_012,IRAN,deterrence,7,False,False
aftermath_aug,0614_012,USA,deterrence,31,False,False
aftermath_aug,0614_017,IRAN,deterrence,15,False,True
aftermath_aug,0614_036,IRAN,deterrence,17,False,False
aftermath_aug,0614_038,ISRAEL,deterrence,1,False,False
aftermath_aug,0614_044,IRAN,deterrence,17,False,False
aftermath_aug,0614_044,RUSSIA,deterrence,16,False,False
aftermath_aug,0614_044,USA,deterrence,3,False,False
aftermath_aug,0614_051,IRAN,diplomacy,27,True,True
aftermath_aug,0614_053,IRAN,nuclear_program,1,False,False
aftermath_aug,0614_053,ISRAEL,nuclear_program,31,False,False
aftermath_aug,0614_054,ISRAEL,nuclear_program,12,False,False
aftermath_aug,0614_059,EU,military_action,10,False,False
aftermath_aug,0614_059,EU,diplomacy,4,False,False
aftermath_aug,0614_059,ISRAEL,military_action,0,False,False
aftermath_aug,0614_059,ISRAEL,diplomacy,4,False,False
aftermath_aug,0614_059,IRAN,military_action,1,False,False
aftermath_aug,0614_059,IRAN,diplomacy,7,False,False
aftermath_aug,0614_061,USA,diplomacy,0,False,False
aftermath_aug,0614_063,IRAN,diplomacy,15,False,False
aftermath_aug,0614_063,USA,diplomacy,9,False,False
aftermath_aug,0614_063,UK,diplomacy,6,False,False
aftermath_aug,0614_063,GERMANY,diplomacy,5,False,False
aftermath_aug,0614_063,FRANCE,diplomacy,3,False,False
aftermath_aug,0614_064,ISRAEL,military_action,1,False,False
aftermath_aug,0614_064,IRAN,military_action,1,False,False
aftermath_aug,0614_064,GERMANY,military_action,5,False,False
aftermath_aug,0614_065,IRAN,diplomacy,12,False,False
aftermath_aug,0614_086,ISRAEL,deterrence,15,False,True
aftermath_aug,0615_000,IRAN,nuclear_program,6,False,False
aftermath_aug,0615_000,IAEA,nuclear_program,0,False,False
aftermath_aug,0615_001,ARAGHCHI,diplomacy,34,True,True
aftermath_aug,0615_001,FRANCE,diplomacy,12,False,True
aftermath_aug,0615_001,GERMANY,diplomacy,11,False,True
aftermath_aug,0615_001,UK,diplomacy,9,False,True
aftermath_aug,0615_001,IRAN,diplomacy,1,False,True
aftermath_aug,0615_003,IRAN,diplomacy,1,False,False
aftermath_aug,0615_013,USA,diplomacy,1,False,False
aftermath_aug,0615_014,IRAN,military_action,1,False,False
aftermath_aug,0615_021,USA,diplomacy,7,False,False
aftermath_aug,0615_021,IRAN,diplomacy,5,False,False
aftermath_aug,0615_023,IRAN,diplomacy,1,False,False
aftermath_aug,0615_026,IRAN,nuclear_program,2,False,False
aftermath_aug,0615_026,IAEA,nuclear_program,0,False,False
aftermath_aug,0616_004,USA,military_action,5,False,False
aftermath_aug,0616_004,USA,nuclear_program,8,False,False
aftermath_aug,0616_004,USA,strike_claims,15,False,False
aftermath_aug,0616_004,IRAN,military_action,1,False,False
aftermath_aug,0616_004,IRAN,nuclear_program,0,False,False
aftermath_aug,0616_004,IRAN,strike_claims,7,False,False
aftermath_aug,0616_008,IRAN,military_action,29,False,False
aftermath_aug,0616_008,IRAN,nuclear_program,13,False,False
aftermath_aug,0616_017,IRAN,diplomacy,21,False,True
aftermath_aug,0616_017,ISRAEL,diplomacy,14,False,True
aftermath_aug,0616_017,USA,diplomacy,10,False,True
aftermath_aug,0617_001,IRAN,nuclear_program,8,False,True
aftermath_aug,0617_001,IAEA,nuclear_program,0,False,True
aftermath_aug,0617_002,IAEA,nuclear_program,0,False,False
aftermath_aug,0617_003,IAEA,nuclear_program,0,False,False
aftermath_aug,0617_003,IRAN,nuclear_program,4,False,False
aftermath_aug,0617_003,USA,nuclear_program,8,False,False
aftermath_aug,0617_003,EU,nuclear_program,11,False,False
aftermath_aug,0617_004,IAEA,military_action,24,False,False
aftermath_aug,0617_004,IAEA,nuclear_program,0,False,False
aftermath_aug,0617_004,ISRAEL,military_action,0,False,False
aftermath_aug,0617_004,ISRAEL,nuclear_program,23,False,False
aftermath_aug,0617_005,IRAN,nuclear_program,13,False,False
aftermath_aug,0617_005,IAEA,nuclear_program,0,False,False
aftermath_aug,0617_011,IRAN,military_action,79,False,False
aftermath_aug,0617_011,IRAN,diplomacy,19,False,False
aftermath_aug,0617_011,IRAN,strike_claims,83,False,False
aftermath_aug,0617_011,USA,military_action,20,False,False
aftermath_aug,0617_011,USA,diplomacy,6,False,False
aftermath_aug,0617_011,USA,strike_claims,24,False,False
aftermath_aug,0617_011,EU,military_action,13,False,False
aftermath_aug,0617_011,EU,diplomacy,3,False,False
aftermath_aug,0617_011,EU,strike_claims,17,False,False
aftermath_aug,0617_012,IRAN,diplomacy,8,False,False
aftermath_aug,0617_013,USA,diplomacy,0,False,False
aftermath_aug,0617_013,IRAN,diplomacy,1,False,False
aftermath_aug,0617_020,IRAN,nuclear_program,3,False,True
aftermath_aug,0617_020,IAEA,nuclear_program,0,False,True
aftermath_aug,0617_021,IRAN,nuclear_program,2,False,True
aftermath_aug,0617_021,IAEA,nuclear_program,0,False,True
aftermath_aug,0618_001,IRAN,deterrence,4,False,True
aftermath_aug,0618_001,ISRAEL,deterrence,2,False,True
aftermath_aug,0618_003,ISRAEL,deterrence,3,False,True
aftermath_aug,0618_003,IRAN,deterrence,57,True,True
aftermath_aug,0618_003,NETANYAHU,deterrence,46,False,True
aftermath_aug,0618_017,USA,diplomacy,5,False,True
aftermath_aug,0618_021,IRAN,nuclear_program,0,False,False
aftermath_aug,0618_022,IRAN,military_action,1,True,True
aftermath_aug,0618_022,IRAN,nuclear_program,0,True,True
aftermath_aug,0618_022,IAEA,military_action,5,False,True
aftermath_aug,0618_022,IAEA,nuclear_program,0,False,True
aftermath_aug,0618_022,ISRAEL,military_action,2,False,True
aftermath_aug,0618_022,ISRAEL,nuclear_program,2,False,True
aftermath_aug,0618_022,USA,military_action,0,False,True
aftermath_aug,0618_022,USA,nuclear_program,4,False,True
aftermath_aug,0618_023,IAEA,military_action,4,False,True
aftermath_aug,0618_023,IAEA,nuclear_program,0,False,True
aftermath_aug,0618_023,IRAN,military_action,6,True,True
aftermath_aug,0618_023,IRAN,nuclear_program,1,True,True
aftermath_aug,0618_024,EU,diplomacy,39,False,False
aftermath_aug,0618_024,UK,diplomacy,36,False,False
aftermath_aug,0618_024,FRANCE,diplomacy,35,False,False
aftermath_aug,0618_024,GERMANY,diplomacy,33,False,False
aftermath_aug,0618_024,IRAN,diplomacy,1,False,False
aftermath_aug,0619_001,IRAN,diplomacy,1,False,False
aftermath_aug,0619_006,ISRAEL,military_action,24,False,False
aftermath_aug,0619_006,ISRAEL,strike_claims,35,False,False
aftermath_aug,0619_006,IRAN,military_action,21,False,False
aftermath_aug,0619_006,IRAN,strike_claims,32,False,False
aftermath_aug,0619_007,USA,diplomacy,0,False,False
aftermath_aug,0619_007,IRAN,diplomacy,6,False,False
aftermath_aug,0619_008,USA,diplomacy,2,False,False
aftermath_aug,0619_008,IRAN,diplomacy,11,False,False
aftermath_aug,0619_013,IRAN,diplomacy,1,False,False
aftermath_aug,0620_001,RUSSIA,diplomacy,34,False,False
aftermath_aug,0620_001,UK,diplomacy,23,False,False
aftermath_aug,0620_001,FRANCE,diplomacy,22,False,False
aftermath_aug,0620_001,GERMANY,diplomacy,20,False,False
aftermath_aug,0620_002,IRAN,deterrence,0,False,False
aftermath_aug,0620_002,IRAN,diplomacy,9,False,False
aftermath_aug,0620_002,IRAN,strike_claims,6,False,False
aftermath_aug,0620_003,FRANCE,diplomacy,21,False,False
aftermath_aug,0620_003,FRANCE,strike_claims,18,False,False
aftermath_aug,0620_003,GERMANY,diplomacy,20,False,False
aftermath_aug,0620_003,GERMANY,strike_claims,17,False,False
aftermath_aug,0620_003,UK,diplomacy,18,False,False
aftermath_aug,0620_003,UK,strike_claims,15,False,False
aftermath_aug,0620_008,ISRAEL,military_action,2,False,False
aftermath_aug,0620_008,ISRAEL,nuclear_program,38,False,False
aftermath_aug,0620_008,ISRAEL,strike_claims,34,False,False
aftermath_aug,0620_008,USA,military_action,0,False,False
aftermath_aug,0620_008,USA,nuclear_program,19,False,False
aftermath_aug,0620_008,USA,strike_claims,15,False,False
aftermath_aug,0620_008,IRAN,military_action,1,False,False
aftermath_aug,0620_008,IRAN,nuclear_program,33,False,False
aftermath_aug,0620_008,IRAN,strike_claims,29,False,False
aftermath_aug,0620_008,RUSSIA,military_action,3,False,False
aftermath_aug,0620_008,RUSSIA,nuclear_program,19,False,False
aftermath_aug,0620_008,RUSSIA,strike_claims,15,False,False
aftermath_aug,0620_008,UN_SECURITY_COUNCIL,military_action,21,False,False
aftermath_aug,0620_008,UN_SECURITY_COUNCIL,nuclear_program,1,False,False
aftermath_aug,0620_008,UN_SECURITY_COUNCIL,strike_claims,8,False,False
aftermath_aug,0620_009,IRAN,military_action,1,False,False
aftermath_aug,0620_009,IRAN,nuclear_program,15,False,False
aftermath_aug,0620_009,IAEA,military_action,17,False,False
aftermath_aug,0620_009,IAEA,nuclear_program,0,False,False
aftermath_aug,0620_009,ISRAEL,military_action,28,False,False
aftermath_aug,0620_009,ISRAEL,nuclear_program,10,False,False
aftermath_aug,0620_009,USA,military_action,9,False,False
aftermath_aug,0620_009,USA,nuclear_program,6,False,False
aftermath_aug,0620_010,IRAN,military_action,7,False,False
aftermath_aug,0620_010,IRAN,nuclear_program,0,False,False
aftermath_aug,0620_010,USA,military_action,1,False,False
aftermath_aug,0620_010,USA,nuclear_program,3,False,False
aftermath_aug,0620_010,ISRAEL,military_action,0,False,False
aftermath_aug,0620_010,ISRAEL,nuclear_program,5,False,False
aftermath_aug,0620_010,RUSSIA,military_action,1,False,False
aftermath_aug,0620_010,RUSSIA,nuclear_program,8,False,False
aftermath_aug,0620_013,IRAN,diplomacy,20,True,True
aftermath_aug,0620_013,USA,diplomacy,6,False,True
aftermath_aug,0620_016,IRAN,nuclear_program,3,False,False
aftermath_aug,0620_016,IAEA,nuclear_program,6,False,False
aftermath_aug,0620_017,EU,diplomacy,8,False,False
aftermath_aug,0620_017,EU,strike_claims,5,False,False
aftermath_aug,0620_017,IRAN,diplomacy,19,False,False
aftermath_aug,0620_017,IRAN,strike_claims,21,False,False
aftermath_aug,0620_018,IRAN,diplomacy,1,False,False
aftermath_aug,0620_018,RUSSIA,diplomacy,2,False,False
aftermath_aug,0621_001,UK,deterrence,38,False,False
aftermath_aug,0621_005,IAEA,nuclear_program,10,False,False
aftermath_aug,0621_007,USA,deterrence,22,False,False
aftermath_aug,0621_008,ISRAEL,strike_claims,6,False,False
aftermath_aug,0621_008,USA,strike_claims,10,False,False
aftermath_aug,0621_009,ISRAEL,military_action,3,False,False
aftermath_aug,0621_009,ISRAEL,strike_claims,29,False,False
aftermath_aug,0621_009,USA,military_action,1,False,False
aftermath_aug,0621_009,USA,strike_claims,27,False,False
aftermath_aug,0621_009,IRAN,military_action,1,False,False
aftermath_aug,0621_009,IRAN,strike_claims,23,False,False
aftermath_aug,0621_011,ISRAEL,nuclear_program,43,False,False
aftermath_aug,0621_012,USA,nuclear_program,16,False,False
aftermath_aug,0621_012,UN_SECURITY_COUNCIL,nuclear_program,8,False,False
aftermath_aug,0621_012,IAEA,nuclear_program,0,False,False
aftermath_aug,0622_001,ARAGHCHI,military_action,31,False,False
aftermath_aug,0622_001,ARAGHCHI,nuclear_program,30,False,False
aftermath_aug,0622_001,ARAGHCHI,strike_claims,13,False,False
aftermath_aug,0622_001,IRAN,military_action,3,False,False
aftermath_aug,0622_001,IRAN,nuclear_program,2,False,False
aftermath_aug,0622_001,IRAN,strike_claims,5,False,False
aftermath_aug,0622_001,USA,military_action,6,False,False
aftermath_aug,0622_001,USA,nuclear_program,5,False,False
aftermath_aug,0622_001,USA,strike_claims,3,False,False
aftermath_aug,0622_001,TRUMP,military_action,10,False,False
aftermath_aug,0622_001,TRUMP,nuclear_program,9,False,False
aftermath_aug,0622_001,TRUMP,strike_claims,5,False,False
aftermath_aug,0622_004,ARAGHCHI,military_action,11,False,True
aftermath_aug,0622_004,ARAGHCHI,nuclear_program,10,False,True
aftermath_aug,0622_004,IRAN,military_action,9,False,True
aftermath_aug,0622_004,IRAN,nuclear_program,9,False,True
aftermath_aug,0622_007,ARAGHCHI,military_action,3,True,True
aftermath_aug,0622_007,ARAGHCHI,nuclear_program,22,True,True
aftermath_aug,0622_007,IRAN,military_action,34,False,True
aftermath_aug,0622_007,IRAN,nuclear_program,14,False,True
aftermath_aug,0622_010,NATO,military_action,21,False,False
aftermath_aug,0622_010,NATO,nuclear_program,20,False,False
aftermath_aug,0622_010,USA,military_action,12,False,False
aftermath_aug,0622_010,USA,nuclear_program,11,False,False
aftermath_aug,0622_010,TRUMP,military_action,15,False,False
aftermath_aug,0622_010,TRUMP,nuclear_program,14,False,False
aftermath_aug,0622_010,IRAN,military_action,5,False,False
aftermath_aug,0622_010,IRAN,nuclear_program,4,False,False
aftermath_aug,0622_016,TRUMP,military_action,33,False,False
aftermath_aug,0622_018,IRAN,military_action,5,False,False
aftermath_aug,0622_018,IRAQ,military_action,1,False,False
aftermath_aug,0622_025,ARAGHCHI,military_action,21,False,False
aftermath_aug,0622_025,ARAGHCHI,nuclear_program,20,False,False
aftermath_aug,0622_025,TRUMP,military_action,9,False,False
aftermath_aug,0622_025,TRUMP,nuclear_program,8,False,False
aftermath_aug,0622_025,USA,military_action,6,False,False
aftermath_aug,0622_025,USA,nuclear_program,5,False,False
aftermath_aug,0622_025,IRAN,military_action,3,False,False
aftermath_aug,0622_025,IRAN,nuclear_program,2,False,False
aftermath_aug,0623_001,IRAN,deterrence,1,False,False
aftermath_aug,0623_005,IRAN,deterrence,20,False,False
aftermath_aug,0623_012,USA,military_action,6,False,True
aftermath_aug,0623_012,USA,nuclear_program,26,False,True
aftermath_aug,0623_012,ISRAEL,military_action,2,False,True
aftermath_aug,0623_012,ISRAEL,nuclear_program,4,False,True
aftermath_aug,0623_012,IRAN,military_action,2,False,True
aftermath_aug,0623_012,IRAN,nuclear_program,7,False,True
aftermath_aug,0623_018,IRAN,deterrence,1,False,False
aftermath_aug,0624_001,EU,diplomacy,12,False,False
aftermath_aug,0624_007,IAEA,nuclear_program,0,False,False
aftermath_aug,0624_007,IRAN,nuclear_program,0,False,False
aftermath_aug,0624_009,IRAN,military_action,1,False,True
aftermath_aug,0624_009,IRAN,nuclear_program,10,False,True
aftermath_aug,0624_009,USA,military_action,7,False,True
aftermath_aug,0624_009,USA,nuclear_program,4,False,True
aftermath_aug,0624_009,IAEA,military_action,12,False,True
aftermath_aug,0624_009,IAEA,nuclear_program,0,False,True
aftermath_aug,0624_010,IRAN,nuclear_program,3,True,True
aftermath_aug,0624_010,IAEA,nuclear_program,0,False,True
aftermath_aug,0624_022,USA,strike_claims,2,False,False
aftermath_aug,0624_023,USA,strike_claims,4,True,True
aftermath_aug,0624_025,USA,strike_claims,3,False,False
aftermath_aug,0624_025,ISRAEL,strike_claims,0,False,False
aftermath_aug,0625_001,IRAN,diplomacy,1,False,True
aftermath_aug,0625_001,ARAGHCHI,diplomacy,35,False,True
aftermath_aug,0625_001,RUSSIA,diplomacy,34,False,True
aftermath_aug,0625_001,EU,diplomacy,22,False,True
aftermath_aug,0625_001,UK,diplomacy,20,False,True
aftermath_aug,0625_001,FRANCE,diplomacy,19,False,True
aftermath_aug,0625_001,GERMANY,diplomacy,17,False,True
aftermath_aug,0625_001,UN_SECURITY_COUNCIL,diplomacy,0,False,True
aftermath_aug,0625_004,IRAN,diplomacy,1,False,False
aftermath_aug,0625_004,EU,diplomacy,10,False,False
aftermath_aug,0625_005,ARAGHCHI,diplomacy,15,False,True
aftermath_aug,0625_005,EU,diplomacy,9,False,True
aftermath_aug,0625_005,USA,diplomacy,4,False,True
aftermath_aug,0625_005,IRAN,diplomacy,12,False,True
aftermath_aug,0625_008,IRAN,diplomacy,1,False,True
aftermath_aug,0625_008,RUSSIA,diplomacy,6,False,True
aftermath_aug,0625_008,EU,diplomacy,7,False,True
aftermath_aug,0625_008,UK,diplomacy,20,False,True
aftermath_aug,0625_008,FRANCE,diplomacy,19,False,True
aftermath_aug,0625_008,GERMANY,diplomacy,17,False,True
aftermath_aug,0625_008,UN_SECURITY_COUNCIL,diplomacy,0,False,True
aftermath_aug,0626_001,EU,diplomacy,15,False,False
aftermath_aug,0626_001,IRAN,diplomacy,7,False,False
aftermath_aug,0626_002,GERMANY,nuclear_program,30,False,False
aftermath_aug,0626_002,GERMANY,diplomacy,25,False,False
aftermath_aug,0626_002,UK,nuclear_program,29,False,False
aftermath_aug,0626_002,UK,diplomacy,24,False,False
aftermath_aug,0626_002,FRANCE,nuclear_program,27,False,False
aftermath_aug,0626_002,FRANCE,diplomacy,22,False,False
aftermath_aug,0626_002,EU,nuclear_program,23,False,False
aftermath_aug,0626_002,EU,diplomacy,18,False,False
aftermath_aug,0626_002,IRAN,nuclear_program,0,False,False
aftermath_aug,0626_002,IRAN,diplomacy,2,False,False
aftermath_aug,0626_005,EU,diplomacy,15,False,False
aftermath_aug,0626_005,USA,diplomacy,0,False,False
aftermath_aug,0626_005,IRAN,diplomacy,2,False,False
aftermath_aug,0626_009,IRAN,deterrence,8,False,False
aftermath_aug,0626_009,IRAN,diplomacy,4,False,False
aftermath_aug,0626_014,IRAN,diplomacy,4,False,False
aftermath_aug,0627_008,USA,military_action,6,False,True
aftermath_aug,0627_008,USA,nuclear_program,26,False,True
aftermath_aug,0627_008,ISRAEL,military_action,2,False,True
aftermath_aug,0627_008,ISRAEL,nuclear_program,22,False,True
aftermath_aug,0627_008,IRAN,military_action,2,False,True
aftermath_aug,0627_008,IRAN,nuclear_program,4,False,True
aftermath_aug,0628_005,LEBANON,strike_claims,10,False,False
aftermath_aug,0628_005,IRAN,strike_claims,42,False,False
aftermath_aug,0628_005,ISRAEL,strike_claims,30,False,False
aftermath_aug,0628_011,IRAN,military_action,2,False,True
aftermath_aug,0628_016,ISRAEL,strike_claims,2,False,True
aftermath_aug,0628_016,IRAN,strike_claims,0,True,True
aftermath_aug,0628_022,EU,diplomacy,1,False,False
aftermath_aug,0628_023,IRAN,diplomacy,2,True,True
aftermath_aug,0628_025,IRAN,diplomacy,25,False,False
aftermath_aug,0628_025,UK,diplomacy,17,False,False
aftermath_aug,0628_025,FRANCE,diplomacy,16,False,False
aftermath_aug,0628_025,GERMANY,diplomacy,14,False,False
aftermath_aug,0628_025,EU,diplomacy,9,False,False
aftermath_aug,0628_026,IRAN,diplomacy,0,True,True
aftermath_aug,0628_026,ISRAEL,diplomacy,12,False,True
aftermath_aug,0628_029,IRAN,deterrence,0,False,False
aftermath_aug,0628_030,USA,strike_claims,7,False,False
aftermath_aug,0628_030,ISRAEL,strike_claims,9,False,False
aftermath_aug,0628_030,IRAN,strike_claims,4,False,False
aftermath_aug,0628_033,USA,military_action,1,False,False
aftermath_aug,0628_033,USA,diplomacy,1,False,False
aftermath_aug,0628_033,IRAN,military_action,1,False,False
aftermath_aug,0628_033,IRAN,diplomacy,2,False,False
aftermath_aug,0628_034,ISRAEL,military_action,1,False,False
aftermath_aug,0628_034,ISRAEL,diplomacy,7,False,False
aftermath_aug,0628_034,USA,military_action,3,False,False
aftermath_aug,0628_034,USA,diplomacy,3,False,False
aftermath_aug,0628_037,IRAN,military_action,1,False,False
aftermath_aug,0628_037,USA,military_action,5,False,False
aftermath_aug,0628_044,IAEA,nuclear_program,0,False,False
aftermath_aug,0628_044,IRAN,nuclear_program,4,False,False
aftermath_aug,0628_045,IRAN,nuclear_program,9,True,True
aftermath_aug,0628_045,IAEA,nuclear_program,11,False,True
aftermath_aug,0628_047,IRAN,strike_claims,4,False,False
aftermath_aug,0628_047,LEBANON,strike_claims,0,False,False
aftermath_aug,0629_001,IRAN,nuclear_program,30,False,False
aftermath_aug,0629_001,IRAN,diplomacy,18,False,False
aftermath_aug,0629_001,EU,nuclear_program,18,False,False
aftermath_aug,0629_001,EU,diplomacy,6,False,False
aftermath_aug,0629_001,IAEA,nuclear_program,0,False,False
aftermath_aug,0629_001,IAEA,diplomacy,6,False,False
aftermath_aug,0629_001,USA,nuclear_program,8,False,False
aftermath_aug,0629_001,USA,diplomacy,20,False,False
aftermath_aug,0629_002,FRANCE,diplomacy,6,False,False
aftermath_aug,0629_002,GERMANY,diplomacy,5,False,False
aftermath_aug,0629_002,UK,diplomacy,3,False,False
aftermath_aug,0629_002,IRAN,diplomacy,12,False,False
aftermath_aug,0629_004,EU,diplomacy,5,False,False
aftermath_aug,0629_004,IRAN,diplomacy,0,False,False
aftermath_aug,0629_004,USA,diplomacy,6,False,False
aftermath_aug,0629_004,TRUMP,diplomacy,8,False,False
aftermath_aug,0629_009,IRAN,diplomacy,1,False,True
aftermath_aug,0629_009,USA,diplomacy,29,False,True
aftermath_aug,0629_009,FRANCE,diplomacy,6,False,True
aftermath_aug,0629_009,GERMANY,diplomacy,5,False,True
aftermath_aug,0629_009,UK,diplomacy,3,False,True
aftermath_aug,0630_001,ARAGHCHI,diplomacy,14,True,True
aftermath_aug,0630_001,EU,diplomacy,11,False,True
aftermath_aug,0630_001,IRAN,diplomacy,0,False,True
aftermath_aug,0630_008,ARAGHCHI,diplomacy,8,False,True
aftermath_aug,0630_008,IRAN,diplomacy,5,False,True
aftermath_aug,0630_008,USA,diplomacy,6,False,True
aftermath_aug,0630_008,EU,diplomacy,8,False,True
aftermath_aug,0630_020,USA,military_action,3,False,False
aftermath_aug,0630_020,IRAN,military_action,1,False,False
aftermath_aug,0630_023,ARAGHCHI,diplomacy,4,False,False
aftermath_aug,0630_023,IRAN,diplomacy,2,False,False
aftermath_aug,0631_010,IRAN,diplomacy,1,False,False
aftermath_aug,0631_011,ISRAEL,diplomacy,2,False,False
aftermath_aug,0631_013,PEZESHKIAN,diplomacy,4,False,True
aftermath_aug,0631_013,IRAN,diplomacy,13,False,True
aftermath_aug,0631_018,PEZESHKIAN,military_action,9,True,True
aftermath_aug,0631_018,ISRAEL,military_action,0,False,True
aftermath_aug,0631_018,IRAN,military_action,1,False,True
aftermath_aug,0631_040,PEZESHKIAN,diplomacy,4,True,True
aftermath_aug,0631_040,USA,diplomacy,2,False,True
aftermath_aug,0631_040,EU,diplomacy,4,False,True
aftermath_aug,0631_040,IRAN,diplomacy,13,False,True
aftermath_aug,0632_001,EU,diplomacy,8,False,False
aftermath_aug,0632_001,IRAN,diplomacy,7,False,False
aftermath_aug,0632_001,USA,diplomacy,17,False,False
aftermath_aug,0632_007,IRAN,diplomacy,4,False,False
aftermath_aug,0632_007,TRUMP,diplomacy,4,False,False
aftermath_aug,0632_009,TRUMP,diplomacy,3,False,False
aftermath_aug,0632_009,EU,diplomacy,1,False,False
aftermath_aug,0632_024,ISRAEL,military_action,4,False,False
aftermath_aug,0632_024,ISRAEL,strike_claims,2,False,False
aftermath_aug,0632_024,IRAN,military_action,0,False,False
aftermath_aug,0632_024,IRAN,strike_claims,1,False,False
aftermath_aug,0632_030,TRUMP,diplomacy,4,False,False
aftermath_aug,0632_042,ISRAEL,diplomacy,30,False,False
aftermath_aug,0632_042,IRAN,diplomacy,25,False,False
aftermath_aug,0632_042,USA,diplomacy,2,False,False
aftermath_aug,0632_043,IRAN,military_action,12,False,False
aftermath_aug,0632_043,IRAN,diplomacy,1,False,False
aftermath_aug,0632_043,USA,military_action,6,False,False
aftermath_aug,0632_043,USA,diplomacy,1,False,False
aftermath_aug,0632_054,EU,diplomacy,4,False,False
aftermath_aug,0632_054,IRAN,diplomacy,0,False,False
aftermath_aug,0632_054,USA,diplomacy,2,False,False
aftermath_aug,0633_000,ARAGHCHI,military_action,4,False,False
aftermath_aug,0633_000,ARAGHCHI,nuclear_program,4,False,False
aftermath_aug,0633_000,IRAN,military_action,7,False,False
aftermath_aug,0633_000,IRAN,nuclear_program,7,False,False
aftermath_aug,0633_000,IRAQ,military_action,16,False,False
aftermath_aug,0633_000,IRAQ,nuclear_program,16,False,False
aftermath_aug,0633_001,ARAGHCHI,strike_claims,16,True,True
aftermath_aug,0633_002,ARAGHCHI,military_action,27,True,True
aftermath_aug,0633_002,ARAGHCHI,nuclear_program,26,True,True
aftermath_aug,0633_002,IRAN,military_action,19,False,True
aftermath_aug,0633_002,IRAN,nuclear_program,18,False,True
aftermath_aug,0633_013,USA,military_action,0,False,False
aftermath_aug,0633_013,IRAN,military_action,2,False,False
aftermath_aug,0633_025,IRAN,strike_claims,18,False,False
aftermath_aug,0633_025,IRAQ,strike_claims,11,False,False
aftermath_aug,0633_054,USA,military_action,0,False,False
aftermath_aug,0633_054,USA,nuclear_program,13,False,False
aftermath_aug,0633_054,USA,strike_claims,8,False,False
aftermath_aug,0633_054,IRAN,military_action,1,False,False
aftermath_aug,0633_054,IRAN,nuclear_program,9,False,False
aftermath_aug,0633_054,IRAN,strike_claims,4,False,False
aftermath_aug,0634_007,EU,deterrence,1,False,False
aftermath_aug,0634_007,EU,diplomacy,35,False,False
aftermath_aug,0634_007,UK,deterrence,5,False,False
aftermath_aug,0634_007,UK,diplomacy,31,False,False
aftermath_aug,0634_007,FRANCE,deterrence,6,False,False
aftermath_aug,0634_007,FRANCE,diplomacy,30,False,False
aftermath_aug,0634_007,GERMANY,deterrence,8,False,False
aftermath_aug,0634_007,GERMANY,diplomacy,28,False,False
aftermath_aug,0634_007,IRAN,deterrence,39,False,False
aftermath_aug,0634_007,IRAN,diplomacy,1,False,False
aftermath_aug,0634_008,EU,diplomacy,9,False,False
aftermath_aug,0634_008,IRAN,diplomacy,6,False,False
aftermath_aug,0634_008,USA,diplomacy,3,False,False
aftermath_aug,0634_009,IRAN,diplomacy,28,False,False
aftermath_aug,0634_010,IRAN,nuclear_program,16,False,False
aftermath_aug,0634_010,IAEA,nuclear_program,0,False,False
aftermath_aug,0634_010,UN_SECURITY_COUNCIL,nuclear_program,6,False,False
aftermath_aug,0635_004,IRAN,strike_claims,19,False,False
aftermath_aug,0635_004,UKRAINE,strike_claims,5,False,False
aftermath_aug,0635_009,USA,deterrence,9,False,False
aftermath_aug,0635_009,RUSSIA,deterrence,9,False,False
aftermath_aug,0635_012,GAZA,strike_claims,22,False,False
aftermath_aug,0635_015,USA,nuclear_program,10,False,False
aftermath_aug,0635_015,USA,strike_claims,20,False,False
aftermath_aug,0635_015,IRAN,nuclear_program,1,False,False
aftermath_aug,0635_015,IRAN,strike_claims,11,False,False
aftermath_aug,0635_015,IAEA,nuclear_program,0,False,False
aftermath_aug,0635_015,IAEA,strike_claims,9,False,False
aftermath_aug,0636_003,ARAGHCHI,diplomacy,14,False,False
aftermath_aug,0636_003,EU,diplomacy,8,False,False
aftermath_aug,0636_003,USA,diplomacy,6,False,False
aftermath_aug,0636_003,IRAN,diplomacy,9,False,False
aftermath_aug,0636_003,UN_SECURITY_COUNCIL,diplomacy,39,False,False
aftermath_aug,0636_004,IRAN,diplomacy,10,False,False
aftermath_aug,0636_004,RUSSIA,diplomacy,8,False,False
aftermath_aug,0637_001,IRAN,diplomacy,39,False,False
aftermath_aug,0637_001,EU,diplomacy,24,False,False
aftermath_aug,0637_003,EU,diplomacy,31,False,False
aftermath_aug,0637_003,GERMANY,diplomacy,28,False,False
aftermath_aug,0637_003,UK,diplomacy,26,False,False
aftermath_aug,0637_003,IRAN,diplomacy,1,False,False
aftermath_aug,0637_025,USA,diplomacy,2,False,False
aftermath_aug,0637_028,IRAN,diplomacy,15,False,False
aftermath_aug,0637_028,UN_SECURITY_COUNCIL,diplomacy,8,False,False
aftermath_aug,0637_028,EU,diplomacy,1,False,False
aftermath_aug,0637_028,USA,diplomacy,9,False,False
aftermath_aug,0637_034,USA,diplomacy,3,False,False
aftermath_aug,0637_042,IRAN,military_action,8,False,False
aftermath_aug,0637_051,IRAN,deterrence,6,False,True
aftermath_aug,0637_051,IRAN,diplomacy,2,False,True
aftermath_aug,0637_055,UN_SECURITY_COUNCIL,diplomacy,12,True,True
aftermath_aug,0637_057,IRAN,nuclear_program,3,False,False
aftermath_aug,0637_057,IRAN,deterrence,10,False,False
aftermath_aug,0637_057,IAEA,nuclear_program,0,False,False
aftermath_aug,0637_057,IAEA,deterrence,6,False,False
aftermath_aug,0637_070,IRAN,diplomacy,9,False,False
aftermath_aug,0637_070,EU,diplomacy,4,False,False
aftermath_aug,0637_071,IRAN,deterrence,6,False,False
aftermath_aug,0637_071,IRAN,diplomacy,2,False,False
aftermath_aug,0638_003,ARAGHCHI,diplomacy,0,False,False
aftermath_aug,0638_004,ARAGHCHI,diplomacy,22,False,False
aftermath_aug,0638_004,EU,diplomacy,10,False,False
aftermath_aug,0638_005,ARAGHCHI,diplomacy,20,False,False
aftermath_aug,0638_007,ARAGHCHI,diplomacy,6,False,False
aftermath_aug,0638_007,IRAN,diplomacy,3,False,False
aftermath_aug,0638_007,USA,diplomacy,11,False,False
aftermath_aug,0638_007,EU,diplomacy,21,False,False
aftermath_aug,0638_015,ARAGHCHI,diplomacy,6,False,False
aftermath_aug,0638_015,USA,diplomacy,5,False,False
aftermath_aug,0638_017,ARAGHCHI,military_action,7,False,True
aftermath_aug,0638_017,ARAGHCHI,strike_claims,9,False,True
aftermath_aug,0638_017,EU,military_action,3,False,True
aftermath_aug,0638_017,EU,strike_claims,24,False,True
aftermath_aug,0638_017,USA,military_action,2,False,True
aftermath_aug,0638_017,USA,strike_claims,17,False,True
aftermath_aug,0638_017,ISRAEL,military_action,4,False,True
aftermath_aug,0638_017,ISRAEL,strike_claims,15,False,True
aftermath_aug,0638_017,IRAN,military_action,6,False,True
aftermath_aug,0638_017,IRAN,strike_claims,13,False,True
aftermath_aug,0638_019,ARAGHCHI,nuclear_program,10,True,True
aftermath_aug,0638_019,ARAGHCHI,diplomacy,18,True,True
aftermath_aug,0638_019,IRAN,nuclear_program,0,False,True
aftermath_aug,0638_019,IRAN,diplomacy,8,False,True
aftermath_aug,0638_019,EU,nuclear_program,14,False,True
aftermath_aug,0638_019,EU,diplomacy,7,False,True
aftermath_aug,0638_023,ARAGHCHI,diplomacy,11,True,True
aftermath_aug,0638_023,IRAN,diplomacy,7,False,True
aftermath_aug,0638_025,ARAGHCHI,diplomacy,11,False,False
aftermath_aug,0638_025,IRAN,diplomacy,1,False,False
aftermath_aug,0639_023,USA,diplomacy,2,False,False
aftermath_aug,0639_026,IRAN,diplomacy,15,False,False
aftermath_aug,0639_026,UN_SECURITY_COUNCIL,diplomacy,8,False,False
aftermath_aug,0639_026,EU,diplomacy,1,False,False
aftermath_aug,0639_026,USA,diplomacy,9,False,False
aftermath_aug,0639_034,USA,diplomacy,3,False,False
aftermath_aug,0639_042,IRAN,military_action,8,False,False
aftermath_aug,0639_053,IRAN,deterrence,6,False,True
aftermath_aug,0639_053,IRAN,diplomacy,2,False,True
aftermath_aug,0639_057,UN_SECURITY_COUNCIL,diplomacy,12,False,True
aftermath_aug,0639_059,IRAN,nuclear_program,3,False,False
aftermath_aug,0639_059,IRAN,deterrence,10,False,False
aftermath_aug,0639_059,IAEA,nuclear_program,0,False,False
aftermath_aug,0639_059,IAEA,deterrence,6,False,False
aftermath_aug,0640_002,IRAN,strike_claims,19,False,False
aftermath_aug,0640_002,ARAGHCHI,strike_claims,15,False,False
aftermath_aug,0640_014,IRAN,diplomacy,4,False,True
aftermath_aug,0640_014,USA,diplomacy,3,False,True
aftermath_aug,0640_015,IRAN,diplomacy,8,False,False
aftermath_aug,0640_015,ARAGHCHI,diplomacy,0,False,False
aftermath_aug,0640_017,ARAGHCHI,diplomacy,13,False,False
aftermath_aug,0640_025,IRAN,nuclear_program,5,False,False
aftermath_aug,0640_025,IRAN,diplomacy,10,False,False
aftermath_aug,0640_026,ARAGHCHI,deterrence,0,False,True
aftermath_aug,0640_030,IRAN,diplomacy,5,False,False
aftermath_aug,0640_030,EU,diplomacy,3,False,False
aftermath_aug,0641_013,ISRAEL,strike_claims,14,False,True
aftermath_aug,0641_013,GAZA,strike_claims,1,False,True
aftermath_aug,0641_015,IRAN,strike_claims,12,False,False
aftermath_aug,0641_016,IRAN,military_action,22,False,False
aftermath_aug,0641_016,IRAN,nuclear_program,14,False,False
aftermath_aug,0641_016,IAEA,military_action,7,False,False
aftermath_aug,0641_016,IAEA,nuclear_program,0,False,False
aftermath_aug,0641_016,ISRAEL,military_action,2,False,False
aftermath_aug,0641_016,ISRAEL,nuclear_program,10,False,False
aftermath_aug,0641_016,USA,military_action,7,False,False
aftermath_aug,0641_016,USA,nuclear_program,15,False,False
aftermath_aug,0641_019,IRAN,diplomacy,8,False,False
aftermath_aug,0641_019,GAZA,diplomacy,1,False,False
aftermath_aug,0641_019,ISRAEL,diplomacy,23,False,False
aftermath_aug,0641_032,GAZA,diplomacy,7,False,False
aftermath_aug,0641_045,ISRAEL,diplomacy,4,False,True
aftermath_aug,0641_047,ISRAEL,strike_claims,22,False,True
aftermath_aug,0641_048,ISRAEL,strike_claims,12,False,True
aftermath_aug,0642_000,IAEA,nuclear_program,0,False,False
aftermath_aug,0642_000,IRAN,nuclear_program,15,False,False
aftermath_aug,0642_002,IRAN,nuclear_program,4,False,False
aftermath_aug,0642_002,IAEA,nuclear_program,0,False,False
aftermath_aug,0642_002,ISRAEL,nuclear_program,6,False,False
aftermath_aug,0642_002,USA,nuclear_program,8,False,False
aftermath_aug,0642_003,IAEA,nuclear_program,4,False,True
aftermath_aug,0642_003,IRAN,nuclear_program,0,False,True
aftermath_aug,0642_005,IRAN,nuclear_program,0,False,False
aftermath_aug,0642_005,IAEA,nuclear_program,0,False,False
aftermath_aug,0643_002,IRAN,diplomacy,12,False,False
aftermath_aug,0643_003,IRAN,military_action,1,True,True
aftermath_aug,0643_006,USA,military_action,6,False,True
aftermath_aug,0643_006,USA,nuclear_program,4,False,True
aftermath_aug,0643_006,ISRAEL,military_action,2,False,True
aftermath_aug,0643_006,ISRAEL,nuclear_program,22,False,True
aftermath_aug,0643_006,IRAN,military_action,2,False,True
aftermath_aug,0643_006,IRAN,nuclear_program,7,False,True
aftermath_aug,0643_008,IRAN,military_action,1,False,False
aftermath_aug,0643_009,ARAGHCHI,diplomacy,9,False,False
aftermath_aug,0644_001,IRAN,nuclear_program,1,False,False
aftermath_aug,0644_001,IAEA,nuclear_program,0,False,False
aftermath_aug,0644_002,IRAN,nuclear_program,6,False,False
aftermath_aug,0644_002,IAEA,nuclear_program,0,False,False
aftermath_aug,0644_003,IRAN,nuclear_program,2,False,False
aftermath_aug,0644_003,IAEA,nuclear_program,0,False,False
aftermath_aug,0644_004,IRAN,military_action,7,False,False
aftermath_aug,0644_004,IRAN,nuclear_program,3,False,False
aftermath_aug,0644_004,IAEA,military_action,9,False,False
aftermath_aug,0644_004,IAEA,nuclear_program,0,False,False
aftermath_aug,0644_004,USA,military_action,1,False,False
aftermath_aug,0644_004,USA,nuclear_program,11,False,False
aftermath_aug,0644_004,ISRAEL,military_action,5,False,False
aftermath_aug,0644_004,ISRAEL,nuclear_program,15,False,False
aftermath_aug,0644_005,IRAN,nuclear_program,6,True,True
aftermath_aug,0644_005,IAEA,nuclear_program,0,False,True
aftermath_aug,0644_009,IRAN,nuclear_program,0,False,False
aftermath_aug,0644_009,IAEA,nuclear_program,0,False,False
aftermath_aug,0645_002,FRANCE,diplomacy,25,False,False
aftermath_aug,0645_002,UK,diplomacy,23,False,False
aftermath_aug,0645_002,GERMANY,diplomacy,21,False,False
aftermath_aug,0645_010,IRAN,diplomacy,13,False,False
aftermath_aug,0645_010,EU,diplomacy,10,False,False
aftermath_aug,0645_010,USA,diplomacy,4,False,False
aftermath_aug,0645_013,IRAN,military_action,5,False,False
aftermath_aug,0645_016,IRAN,diplomacy,20,False,False
aftermath_aug,0645_023,RUSSIA,deterrence,14,False,False
aftermath_aug,0645_023,UN_SECURITY_COUNCIL,deterrence,5,False,False
aftermath_aug,0645_025,FRANCE,deterrence,4,False,False
aftermath_aug,0645_025,UK,deterrence,6,False,False
aftermath_aug,0645_025,GERMANY,deterrence,8,False,False
aftermath_aug,0645_029,CHINA,diplomacy,8,False,False
aftermath_aug,0645_029,RUSSIA,diplomacy,7,False,False
aftermath_aug,0645_029,IRAN,diplomacy,5,False,False
aftermath_aug,0645_029,EU,diplomacy,3,False,False
aftermath_aug,0646_042,IRAN,deterrence,0,False,False
aftermath_aug,0646_181,IRAN,diplomacy,14,False,False
aftermath_aug,0646_207,HAMAS,strike_claims,0,False,False
aftermath_aug,0646_207,GAZA,strike_claims,8,False,False
aftermath_aug,0646_208,HAMAS,strike_claims,0,False,False
aftermath_aug,0646_209,HAMAS,strike_claims,1,True,True
aftermath_aug,0646_225,HOUTHIS,military_action,1,False,True
aftermath_aug,0646_225,YEMEN,military_action,0,False,True
aftermath_aug,0646_230,HEZBOLLAH,military_action,2,False,True
aftermath_aug,0646_268,UN_SECURITY_COUNCIL,military_action,7,False,False
aftermath_aug,0646_314,IAEA,nuclear_program,0,False,False
aftermath_aug,0646_318,GROSSI,strike_claims,8,False,False
aftermath_aug,0646_363,EU,deterrence,12,False,False
aftermath_aug,0646_363,IRAN,deterrence,1,False,False
aftermath_aug,0646_369,RUSSIA,diplomacy,25,False,False
aftermath_aug,0646_369,CHINA,diplomacy,23,False,False
aftermath_aug,0646_389,USA,military_action,3,False,False
aftermath_aug,0646_411,IRAN,deterrence,0,False,False
aftermath_aug,0646_414,IRAN,diplomacy,17,False,False
aftermath_aug,0647_001,ISRAEL,military_action,8,False,False
aftermath_aug,0647_001,GAZA,military_action,5,False,False
aftermath_aug,0647_001,USA,military_action,1,False,False
aftermath_aug,0647_003,ISRAEL,military_action,13,False,False
aftermath_aug,0647_003,ISRAEL,nuclear_program,13,False,False
aftermath_aug,0647_004,ISRAEL,military_action,4,False,False
aftermath_aug,0647_004,ISRAEL,deterrence,19,False,False
aftermath_aug,0647_004,IRAN,military_action,5,False,False
aftermath_aug,0647_004,IRAN,deterrence,17,False,False
aftermath_aug,0647_006,ISRAEL,military_action,7,False,False
aftermath_aug,0647_006,ISRAEL,nuclear_program,6,False,False
aftermath_aug,0647_006,GAZA,military_action,4,False,False
aftermath_aug,0647_006,GAZA,nuclear_program,3,False,False
aftermath_aug,0647_006,USA,military_action,1,False,False
aftermath_aug,0647_006,USA,nuclear_program,0,False,False
aftermath_aug,0647_007,ISRAEL,military_action,6,False,False
aftermath_aug,0647_007,GAZA,military_action,3,False,False
aftermath_aug,0647_007,USA,military_action,1,False,False
aftermath_aug,0648_004,PEZESHKIAN,deterrence,5,False,False
aftermath_aug,0648_011,IRAN,deterrence,0,False,True
aftermath_aug,0648_011,IRAN,diplomacy,4,False,True
aftermath_aug,0648_013,PEZESHKIAN,diplomacy,15,False,False
aftermath_aug,0648_013,USA,diplomacy,2,False,False
aftermath_aug,0648_016,QATAR,diplomacy,2,False,True
aftermath_aug,0648_016,ISRAEL,diplomacy,9,False,True
