article_id,window,links_A,mil_A,links_B,mil_B,share_A,share_B,phase
0001,buildup_mar,24,3,8,1,0.125,0.125,buildup
0002,buildup_mar,47,3,22,2,0.06382978723404255,0.09090909090909091,buildup
0003,buildup_mar,45,2,19,1,0.044444444444444446,0.05263157894736842,buildup
0004,buildup_mar,47,3,22,2,0.06382978723404255,0.09090909090909091,buildup
0005,buildup_mar,24,4,10,2,0.16666666666666666,0.2,buildup
0006,buildup_mar,45,6,12,1,0.13333333333333333,0.08333333333333333,buildup
0007,buildup_mar,63,13,30,6,0.20634920634920634,0.2,buildup
0008,buildup_mar,27,7,14,3,0.25925925925925924,0.21428571428571427,buildup
0009,buildup_mar,27,7,14,3,0.25925925925925924,0.21428571428571427,buildup
0010,buildup_mar,68,22,23,8,0.3235294117647059,0.34782608695652173,buildup
0011,buildup_mar,19,0,6,0,0.0,0.0,buildup
0012,buildup_mar,39,14,14,5,0.358974358974359,0.35714285714285715,buildup
0013,buildup_mar,35,2,16,1,0.05714285714285714,0.0625,buildup
0014,buildup_mar,41,9,18,4,0.21951219512195122,0.2222222222222222,buildup
0015,buildup_mar,24,4,9,1,0.16666666666666666,0.1111111111111111,buildup
0016,buildup_mar,59,4,29,3,0.06779661016949153,0.10344827586206896,buildup
0017,buildup_mar,28,4,10,1,0.14285714285714285,0.1,buildup
0018,buildup_mar,47,7,20,2,0.14893617021276595,0.1,buildup
0019,buildup_mar,25,3,11,1,0.12,0.09090909090909091,buildup
0020,buildup_mar,48,7,20,2,0.14583333333333334,0.1,buildup
0021,buildup_mar,30,2,10,1,0.06666666666666667,0.1,buildup
0022,buildup_mar,24,4,11,2,0.16666666666666666,0.18181818181818182,buildup
0023,buildup_mar,36,7,10,2,0.19444444444444445,0.2,buildup
0024,buildup_mar,33,9,21,5,0.2727272727272727,0.23809523809523808,buildup
0025,buildup_mar,14,2,4,1,0.14285714285714285,0.25,buildup
0026,buildup_mar,43,23,12,7,0.5348837209302325,0.5833333333333334,buildup
0027,buildup_mar,1,0,1,0,0.0,0.0,buildup
0028,buildup_mar,11,0,3,0,0.0,0.0,buildup
0029,buildup_mar,20,6,8,2,0.3,0.25,buildup
0030,buildup_mar,15,0,6,0,0.0,0.0,buildup
0031,buildup_mar,9,0,4,0,0.0,0.0,buildup
0032,buildup_mar,8,4,6,4,0.5,0.6666666666666666,buildup
0033,buildup_mar,8,0,3,0,0.0,0.0,buildup
0034,buildup_mar,57,6,14,1,0.10526315789473684,0.07142857142857142,buildup
0035,buildup_mar,53,4,14,1,0.07547169811320754,0.07142857142857142,buildup
0036,buildup_mar,8,2,4,1,0.25,0.25,buildup
0037,buildup_mar,8,0,3,0,0.0,0.0,buildup
0038,buildup_mar,14,0,6,0,0.0,0.0,buildup
0039,buildup_mar,34,7,19,3,0.20588235294117646,0.15789473684210525,buildup
0040,buildup_mar,54,3,26,2,0.05555555555555555,0.07692307692307693,buildup
0041,buildup_mar,75,17,40,9,0.22666666666666666,0.225,buildup
0042,buildup_mar,75,16,40,8,0.21333333333333335,0.2,buildup
0043,buildup_mar,46,7,27,2,0.15217391304347827,0.07407407407407407,buildup
0044,buildup_mar,53,14,26,7,0.2641509433962264,0.2692307692307692,buildup
0045,buildup_mar,27,7,15,3,0.25925925925925924,0.2,buildup
0046,buildup_mar,131,85,46,31,0.648854961832061,0.6739130434782609,buildup
0047,buildup_mar,131,83,45,29,0.6335877862595419,0.6444444444444445,buildup
0048,buildup_mar,56,4,22,1,0.07142857142857142,0.045454545454545456,buildup
0049,buildup_mar,51,3,26,2,0.058823529411764705,0.07692307692307693,buildup
0050,buildup_mar,32,26,11,9,0.8125,0.8181818181818182,buildup
0051,buildup_mar,33,20,16,9,0.6060606060606061,0.5625,buildup
0052,buildup_mar,23,12,13,7,0.5217391304347826,0.5384615384615384,buildup
0053,buildup_mar,22,2,6,1,0.09090909090909091,0.16666666666666666,buildup
0054,buildup_mar,14,4,7,1,0.2857142857142857,0.14285714285714285,buildup
0055,buildup_mar,29,8,13,3,0.27586206896551724,0.23076923076923078,buildup
0056,buildup_mar,30,9,14,4,0.3,0.2857142857142857,buildup
0057,buildup_mar,9,3,3,1,0.3333333333333333,0.3333333333333333,buildup
0058,buildup_mar,10,3,7,2,0.3,0.2857142857142857,buildup
0059,buildup_mar,18,2,9,1,0.1111111111111111,0.1111111111111111,buildup
0060,buildup_mar,18,2,9,1,0.1111111111111111,0.1111111111111111,buildup
0061,buildup_mar,5,1,2,1,0.2,0.5,buildup
0062,buildup_mar,5,1,2,1,0.2,0.5,buildup
0063,buildup_mar,26,7,12,3,0.2692307692307692,0.25,buildup
0064,buildup_mar,30,6,11,2,0.2,0.18181818181818182,buildup
0065,buildup_apr,86,45,35,20,0.5232558139534884,0.5714285714285714,buildup
0066,buildup_mar,53,14,26,7,0.2641509433962264,0.2692307692307692,buildup
0067,buildup_mar,32,9,10,3,0.28125,0.3,buildup
0068,buildup_mar,59,21,21,9,0.3559322033898305,0.42857142857142855,buildup
0069,buildup_mar,36,18,15,7,0.5,0.4666666666666667,buildup
0070,buildup_mar,69,23,26,9,0.3333333333333333,0.34615384615384615,buildup
0071,buildup_mar,41,13,14,5,0.3170731707317073,0.35714285714285715,buildup
0072,buildup_mar,68,23,25,9,0.3382352941176471,0.36,buildup
0073,buildup_apr,47,40,22,19,0.851063829787234,0.8636363636363636,buildup
0074,buildup_mar,14,0,5,0,0.0,0.0,buildup
0075,buildup_mar,36,5,16,3,0.1388888888888889,0.1875,buildup
0076,buildup_apr,24,4,10,2,0.16666666666666666,0.2,buildup
0077,buildup_mar,24,5,10,2,0.20833333333333334,0.2,buildup
0078,buildup_mar,34,7,13,3,0.20588235294117646,0.23076923076923078,buildup
0079,buildup_mar,33,6,15,4,0.18181818181818182,0.26666666666666666,buildup
0080,buildup_mar,12,4,7,2,0.3333333333333333,0.2857142857142857,buildup
0081,buildup_mar,43,8,19,4,0.18604651162790697,0.21052631578947367,buildup
0082,buildup_apr,67,12,30,6,0.1791044776119403,0.2,buildup
0083,buildup_apr,31,8,11,3,0.25806451612903225,0.2727272727272727,buildup
0084,buildup_apr,92,8,35,4,0.08695652173913043,0.11428571428571428,buildup
0085,buildup_apr,94,17,41,7,0.18085106382978725,0.17073170731707318,buildup
0086,buildup_apr,94,17,41,7,0.18085106382978725,0.17073170731707318,buildup
0087,buildup_apr,27,0,10,0,0.0,0.0,buildup
0088,buildup_apr,34,3,15,2,0.08823529411764706,0.13333333333333333,buildup
0089,buildup_apr,44,4,18,2,0.09090909090909091,0.1111111111111111,buildup
0090,buildup_apr,66,13,30,6,0.19696969696969696,0.2,buildup
0091,buildup_apr,94,17,41,7,0.18085106382978725,0.17073170731707318,buildup
0092,buildup_apr,45,3,21,2,0.06666666666666667,0.09523809523809523,buildup
0093,buildup_apr,27,0,12,0,0.0,0.0,buildup
0094,buildup_apr,38,12,19,5,0.3157894736842105,0.2631578947368421,buildup
0095,buildup_apr,45,9,24,6,0.2,0.25,buildup
0096,buildup_apr,38,12,19,5,0.3157894736842105,0.2631578947368421,buildup
0097,buildup_apr,44,9,24,6,0.20454545454545456,0.25,buildup
0098,buildup_apr,21,5,12,3,0.23809523809523808,0.25,buildup
0099,buildup_apr,41,6,12,2,0.14634146341463414,0.16666666666666666,buildup
0100,buildup_apr,27,7,8,2,0.25925925925925924,0.25,buildup
0101,buildup_apr,53,9,23,4,0.16981132075471697,0.17391304347826086,buildup
0102,buildup_apr,44,23,24,12,0.5227272727272727,0.5,buildup
0103,buildup_apr,64,10,24,4,0.15625,0.16666666666666666,buildup
0104,buildup_apr,172,99,72,40,0.5755813953488372,0.5555555555555556,buildup
0105,buildup_apr,179,102,72,40,0.5698324022346368,0.5555555555555556,buildup
0106,buildup_apr,57,23,22,8,0.40350877192982454,0.36363636363636365,buildup
0107,buildup_apr,13,0,6,0,0.0,0.0,buildup
0108,buildup_apr,49,9,19,3,0.1836734693877551,0.15789473684210525,buildup
0109,buildup_apr,61,9,26,4,0.14754098360655737,0.15384615384615385,buildup
0110,buildup_apr,60,20,30,9,0.3333333333333333,0.3,buildup
0111,buildup_apr,79,18,32,7,0.22784810126582278,0.21875,buildup
0112,buildup_apr,42,13,21,5,0.30952380952380953,0.23809523809523808,buildup
0113,buildup_apr,97,8,43,4,0.08247422680412371,0.09302325581395349,buildup
0114,buildup_apr,101,25,43,9,0.24752475247524752,0.20930232558139536,buildup
0115,buildup_apr,47,7,17,3,0.14893617021276595,0.17647058823529413,buildup
0116,buildup_apr,45,27,24,13,0.6,0.5416666666666666,buildup
0117,buildup_apr,51,17,23,6,0.3333333333333333,0.2608695652173913,buildup
0118,buildup_apr,65,12,30,6,0.18461538461538463,0.2,buildup
0119,buildup_apr,101,10,42,4,0.09900990099009901,0.09523809523809523,buildup
0120,buildup_apr,53,7,26,4,0.1320754716981132,0.15384615384615385,buildup
0121,buildup_apr,50,7,17,3,0.14,0.17647058823529413,buildup
0122,buildup_apr,32,4,10,2,0.125,0.2,buildup
0123,buildup_apr,103,26,44,9,0.2524271844660194,0.20454545454545456,buildup
0124,buildup_apr,51,23,20,8,0.45098039215686275,0.4,buildup
0125,buildup_apr,56,6,20,2,0.10714285714285714,0.1,buildup
0126,buildup_apr,65,5,29,3,0.07692307692307693,0.10344827586206896,buildup
0127,buildup_apr,65,5,27,3,0.07692307692307693,0.1111111111111111,buildup
0128,buildup_apr,40,7,19,4,0.175,0.21052631578947367,buildup
0129,buildup_apr,40,10,13,2,0.25,0.15384615384615385,buildup
0130,buildup_apr,16,0,6,0,0.0,0.0,buildup
0131,buildup_apr,56,20,29,11,0.35714285714285715,0.3793103448275862,buildup
0132,buildup_apr,18,3,10,1,0.16666666666666666,0.1,buildup
0133,buildup_apr,38,12,19,5,0.3157894736842105,0.2631578947368421,buildup
0134,buildup_apr,8,0,4,0,0.0,0.0,buildup
0135,buildup_apr,19,3,11,1,0.15789473684210525,0.09090909090909091,buildup
0136,buildup_apr,89,11,26,5,0.12359550561797752,0.19230769230769232,buildup
0137,buildup_apr,30,2,14,1,0.06666666666666667,0.07142857142857142,buildup
0138,buildup_apr,19,7,8,2,0.3684210526315789,0.25,buildup
0139,buildup_apr,15,3,6,1,0.2,0.16666666666666666,buildup
0140,buildup_apr,68,10,25,3,0.14705882352941177,0.12,buildup
0141,buildup_apr,33,2,18,1,0.06060606060606061,0.05555555555555555,buildup
0142,buildup_apr,26,8,11,3,0.3076923076923077,0.2727272727272727,buildup
0143,buildup_apr,16,4,7,2,0.25,0.2857142857142857,buildup
0144,buildup_apr,30,2,14,1,0.06666666666666667,0.07142857142857142,buildup
0145,buildup_apr,15,2,8,1,0.13333333333333333,0.125,buildup
0146,buildup_apr,13,2,5,1,0.15384615384615385,0.2,buildup
0147,buildup_apr,61,14,20,4,0.22950819672131148,0.2,buildup
0148,buildup_apr,27,10,11,4,0.37037037037037035,0.36363636363636365,buildup
0149,buildup_apr,16,2,8,1,0.125,0.125,buildup
0150,buildup_apr,19,3,10,1,0.15789473684210525,0.1,buildup
0151,buildup_apr,43,5,14,2,0.11627906976744186,0.14285714285714285,buildup
0152,buildup_apr,16,3,9,1,0.1875,0.1111111111111111,buildup
0153,buildup_apr,17,2,10,1,0.11764705882352941,0.1,buildup
0154,buildup_apr,28,8,10,3,0.2857142857142857,0.3,buildup
0155,buildup_apr,41,2,18,1,0.04878048780487805,0.05555555555555555,buildup
0156,buildup_apr,45,26,21,12,0.5777777777777777,0.5714285714285714,buildup
0157,buildup_apr,61,14,22,6,0.22950819672131148,0.2727272727272727,buildup
0158,buildup_apr,17,3,9,2,0.17647058823529413,0.2222222222222222,buildup
0159,buildup_apr,33,10,16,3,0.30303030303030304,0.1875,buildup
0160,buildup_apr,21,4,7,1,0.19047619047619047,0.14285714285714285,buildup
0161,buildup_apr,16,6,6,2,0.375,0.3333333333333333,buildup
0162,buildup_apr,13,2,7,1,0.15384615384615385,0.14285714285714285,buildup
0163,buildup_apr,18,0,9,0,0.0,0.0,buildup
0164,buildup_apr,7,3,3,2,0.42857142857142855,0.6666666666666666,buildup
0165,buildup_apr,9,0,4,0,0.0,0.0,buildup
0166,buildup_apr,26,9,11,3,0.34615384615384615,0.2727272727272727,buildup
0167,buildup_apr,18,0,9,0,0.0,0.0,buildup
0168,buildup_apr,26,9,11,3,0.34615384615384615,0.2727272727272727,buildup
0169,buildup_apr,3,0,2,0,0.0,0.0,buildup
0170,buildup_apr,26,13,8,4,0.5,0.5,buildup
0171,buildup_apr,35,7,16,3,0.2,0.1875,buildup
0172,buildup_apr,25,4,17,1,0.16,0.058823529411764705,buildup
0173,buildup_apr,12,0,6,0,0.0,0.0,buildup
0174,buildup_apr,19,6,10,3,0.3157894736842105,0.3,buildup
0175,buildup_apr,15,3,7,1,0.2,0.14285714285714285,buildup
0176,buildup_apr,33,9,12,3,0.2727272727272727,0.25,buildup
0177,buildup_apr,19,4,5,2,0.21052631578947367,0.4,buildup
0178,buildup_apr,22,2,10,1,0.09090909090909091,0.1,buildup
0179,buildup_apr,20,7,10,3,0.35,0.3,buildup
0180,buildup_apr,16,4,7,1,0.25,0.14285714285714285,buildup
0181,buildup_apr,7,0,5,0,0.0,0.0,buildup
0182,buildup_apr,23,7,8,1,0.30434782608695654,0.125,buildup
0183,buildup_apr,23,5,11,3,0.21739130434782608,0.2727272727272727,buildup
0184,buildup_apr,18,3,11,2,0.16666666666666666,0.18181818181818182,buildup
0185,buildup_apr,15,3,9,2,0.2,0.2222222222222222,buildup
0186,buildup_apr,54,40,26,21,0.7407407407407407,0.8076923076923077,buildup
0187,buildup_apr,12,0,3,0,0.0,0.0,buildup
0188,buildup_apr,18,2,7,1,0.1111111111111111,0.14285714285714285,buildup
0189,buildup_apr,11,4,5,1,0.36363636363636365,0.2,buildup
0190,buildup_apr,19,3,11,1,0.15789473684210525,0.09090909090909091,buildup
0191,buildup_apr,27,5,14,3,0.18518518518518517,0.21428571428571427,buildup
0192,buildup_apr,13,0,5,0,0.0,0.0,buildup
0193,buildup_apr,13,2,6,1,0.15384615384615385,0.16666666666666666,buildup
0194,buildup_apr,13,0,5,0,0.0,0.0,buildup
0195,buildup_apr,18,7,10,5,0.3888888888888889,0.5,buildup
0196,buildup_apr,18,7,10,5,0.3888888888888889,0.5,buildup
0197,buildup_apr,5,1,4,1,0.2,0.25,buildup
0198,buildup_apr,8,0,6,0,0.0,0.0,buildup
0199,buildup_apr,11,2,5,1,0.18181818181818182,0.2,buildup
0200,buildup_apr,26,8,18,6,0.3076923076923077,0.3333333333333333,buildup
0201,buildup_apr,29,11,13,5,0.3793103448275862,0.38461538461538464,buildup
0202,buildup_apr,43,8,21,4,0.18604651162790697,0.19047619047619047,buildup
0203,buildup_apr,49,6,25,4,0.12244897959183673,0.16,buildup
0204,buildup_apr,50,8,20,2,0.16,0.1,buildup
0205,buildup_apr,8,0,3,0,0.0,0.0,buildup
0206,buildup_apr,53,8,30,4,0.1509433962264151,0.13333333333333333,buildup
0207,buildup_apr,44,5,27,2,0.11363636363636363,0.07407407407407407,buildup
0208,buildup_apr,16,2,7,1,0.125,0.14285714285714285,buildup
0209,buildup_apr,74,13,30,5,0.17567567567567569,0.16666666666666666,buildup
0210,buildup_apr,52,6,18,2,0.11538461538461539,0.1111111111111111,buildup
0211,buildup_apr,51,6,20,2,0.11764705882352941,0.1,buildup
0212,buildup_apr,25,2,10,1,0.08,0.1,buildup
0213,buildup_may,36,7,17,3,0.19444444444444445,0.17647058823529413,buildup
0214,buildup_apr,51,18,24,7,0.35294117647058826,0.2916666666666667,buildup
0215,buildup_apr,11,3,5,1,0.2727272727272727,0.2,buildup
0216,buildup_apr,79,13,38,6,0.16455696202531644,0.15789473684210525,buildup
0217,buildup_apr,100,15,44,8,0.15,0.18181818181818182,buildup
0218,buildup_apr,49,10,23,5,0.20408163265306123,0.21739130434782608,buildup
0219,buildup_apr,39,7,14,1,0.1794871794871795,0.07142857142857142,buildup
0220,buildup_apr,39,14,14,5,0.358974358974359,0.35714285714285715,buildup
0221,buildup_apr,34,11,24,8,0.3235294117647059,0.3333333333333333,buildup
0222,buildup_apr,84,18,33,7,0.21428571428571427,0.21212121212121213,buildup
0223,buildup_apr,38,7,13,1,0.18421052631578946,0.07692307692307693,buildup
0224,buildup_apr,87,18,34,7,0.20689655172413793,0.20588235294117646,buildup
0225,buildup_apr,71,22,29,8,0.30985915492957744,0.27586206896551724,buildup
0226,buildup_apr,52,13,21,4,0.25,0.19047619047619047,buildup
0227,buildup_apr,70,14,25,5,0.2,0.2,buildup
0228,buildup_apr,72,22,29,8,0.3055555555555556,0.27586206896551724,buildup
0229,buildup_apr,34,3,11,1,0.08823529411764706,0.09090909090909091,buildup
0230,buildup_apr,24,3,9,1,0.125,0.1111111111111111,buildup
0231,buildup_apr,52,13,21,4,0.25,0.19047619047619047,buildup
0232,buildup_apr,52,13,21,4,0.25,0.19047619047619047,buildup
0233,buildup_may,24,2,12,1,0.08333333333333333,0.08333333333333333,buildup
0234,buildup_apr,29,5,18,3,0.1724137931034483,0.16666666666666666,buildup
0235,buildup_apr,21,6,16,5,0.2857142857142857,0.3125,buildup
0236,buildup_apr,16,2,6,1,0.125,0.16666666666666666,buildup
0237,buildup_may,37,6,18,2,0.16216216216216217,0.1111111111111111,buildup
0238,buildup_apr,21,4,11,2,0.19047619047619047,0.18181818181818182,buildup
0239,buildup_apr,23,6,10,3,0.2608695652173913,0.3,buildup
0240,buildup_apr,38,25,14,11,0.6578947368421053,0.7857142857142857,buildup
0241,buildup_apr,17,4,7,2,0.23529411764705882,0.2857142857142857,buildup
0242,buildup_apr,38,25,14,11,0.6578947368421053,0.7857142857142857,buildup
0243,buildup_apr,11,2,7,1,0.18181818181818182,0.14285714285714285,buildup
0244,buildup_apr,27,0,10,0,0.0,0.0,buildup
0245,buildup_apr,18,8,5,2,0.4444444444444444,0.4,buildup
0246,buildup_apr,6,0,3,0,0.0,0.0,buildup
0247,buildup_apr,14,6,6,3,0.42857142857142855,0.5,buildup
0248,buildup_apr,32,7,11,2,0.21875,0.18181818181818182,buildup
0249,buildup_apr,26,5,11,2,0.19230769230769232,0.18181818181818182,buildup
0250,buildup_apr,10,0,6,0,0.0,0.0,buildup
0251,buildup_apr,2,0,1,0,0.0,0.0,buildup
0252,buildup_apr,2,0,1,0,0.0,0.0,buildup
0253,buildup_may,25,7,7,2,0.28,0.2857142857142857,buildup
0254,buildup_apr,24,0,8,0,0.0,0.0,buildup
0255,buildup_may,1,0,1,0,0.0,0.0,buildup
0256,buildup_apr,31,7,17,4,0.22580645161290322,0.23529411764705882,buildup
0257,buildup_apr,31,7,16,4,0.22580645161290322,0.25,buildup
0258,buildup_apr,19,6,9,3,0.3157894736842105,0.3333333333333333,buildup
0259,buildup_apr,41,16,15,5,0.3902439024390244,0.3333333333333333,buildup
0260,buildup_apr,44,17,15,5,0.38636363636363635,0.3333333333333333,buildup
0261,buildup_apr,8,2,3,1,0.25,0.3333333333333333,buildup
0262,buildup_may,31,6,9,1,0.1935483870967742,0.1111111111111111,buildup
0263,buildup_apr,8,0,5,0,0.0,0.0,buildup
0264,buildup_may,21,7,8,3,0.3333333333333333,0.375,buildup
0265,buildup_may,15,3,7,1,0.2,0.14285714285714285,buildup
0266,buildup_apr,25,5,8,1,0.2,0.125,buildup
0267,buildup_apr,176,62,57,19,0.3522727272727273,0.3333333333333333,buildup
0268,buildup_apr,15,2,7,1,0.13333333333333333,0.14285714285714285,buildup
0269,buildup_may,23,0,6,0,0.0,0.0,buildup
0270,buildup_may,22,0,6,0,0.0,0.0,buildup
0271,buildup_apr,20,3,8,1,0.15,0.125,buildup
0272,buildup_may,4,1,2,1,0.25,0.5,buildup
0273,buildup_may,26,4,10,2,0.15384615384615385,0.2,buildup
0274,buildup_may,64,2,21,1,0.03125,0.047619047619047616,buildup
0275,buildup_may,40,2,21,1,0.05,0.047619047619047616,buildup
0276,buildup_may,20,3,8,1,0.15,0.125,buildup
0277,buildup_may,21,2,9,1,0.09523809523809523,0.1111111111111111,buildup
0278,buildup_may,20,9,6,1,0.45,0.16666666666666666,buildup
0279,buildup_may,30,2,12,1,0.06666666666666667,0.08333333333333333,buildup
0280,buildup_may,15,2,6,1,0.13333333333333333,0.16666666666666666,buildup
0281,buildup_may,56,8,27,3,0.14285714285714285,0.1111111111111111,buildup
0282,buildup_may,32,2,14,1,0.0625,0.07142857142857142,buildup
0283,buildup_may,47,0,26,0,0.0,0.0,buildup
0284,buildup_may,30,9,8,1,0.3,0.125,buildup
0285,buildup_may,46,0,25,0,0.0,0.0,buildup
0286,buildup_may,45,10,13,2,0.2222222222222222,0.15384615384615385,buildup
0287,buildup_may,43,0,17,0,0.0,0.0,buildup
0288,buildup_may,76,11,37,5,0.14473684210526316,0.13513513513513514,buildup
0289,buildup_may,42,0,18,0,0.0,0.0,buildup
0290,buildup_may,41,12,16,4,0.2926829268292683,0.25,buildup
0291,buildup_may,40,12,15,4,0.3,0.26666666666666666,buildup
0292,buildup_may,35,5,16,2,0.14285714285714285,0.125,buildup
0293,buildup_may,29,2,12,1,0.06896551724137931,0.08333333333333333,buildup
0294,buildup_may,30,2,12,1,0.06666666666666667,0.08333333333333333,buildup
0295,buildup_may,12,0,5,0,0.0,0.0,buildup
0296,buildup_may,24,3,10,2,0.125,0.2,buildup
0297,buildup_may,50,20,15,6,0.4,0.4,buildup
0298,buildup_may,32,2,14,1,0.0625,0.07142857142857142,buildup
0299,buildup_may,63,35,24,14,0.5555555555555556,0.5833333333333334,buildup
0300,buildup_may,30,3,13,1,0.1,0.07692307692307693,buildup
0301,buildup_may,19,2,7,1,0.10526315789473684,0.14285714285714285,buildup
0302,buildup_may,12,0,8,0,0.0,0.0,buildup
0303,buildup_may,18,4,6,1,0.2222222222222222,0.16666666666666666,buildup
0304,buildup_may,17,0,7,0,0.0,0.0,buildup
0305,buildup_may,16,0,7,0,0.0,0.0,buildup
0306,buildup_may,45,15,16,5,0.3333333333333333,0.3125,buildup
0307,buildup_may,24,3,12,2,0.125,0.16666666666666666,buildup
0308,buildup_may,32,7,13,3,0.21875,0.23076923076923078,buildup
0309,buildup_may,14,2,7,1,0.14285714285714285,0.14285714285714285,buildup
0310,buildup_may,30,9,10,2,0.3,0.2,buildup
0311,buildup_may,38,27,15,10,0.7105263157894737,0.6666666666666666,buildup
0312,buildup_may,39,28,16,11,0.717948717948718,0.6875,buildup
0313,buildup_may,35,9,11,2,0.2571428571428571,0.18181818181818182,buildup
0314,buildup_may,13,5,4,1,0.38461538461538464,0.25,buildup
0315,buildup_may,22,3,9,2,0.13636363636363635,0.2222222222222222,buildup
0316,buildup_may,44,16,13,5,0.36363636363636365,0.38461538461538464,buildup
0317,buildup_may,25,0,7,0,0.0,0.0,buildup
0318,buildup_may,19,0,7,0,0.0,0.0,buildup
0319,buildup_may,30,6,11,2,0.2,0.18181818181818182,buildup
0320,buildup_may,30,6,11,2,0.2,0.18181818181818182,buildup
0321,buildup_may,12,1,7,1,0.08333333333333333,0.14285714285714285,buildup
0322,buildup_may,15,3,5,1,0.2,0.2,buildup
0323,buildup_may,27,4,9,1,0.14814814814814814,0.1111111111111111,buildup
0324,buildup_may,25,5,7,1,0.2,0.14285714285714285,buildup
0325,buildup_may,16,4,5,1,0.25,0.2,buildup
0326,buildup_may,9,4,5,2,0.4444444444444444,0.4,buildup
0327,buildup_may,34,4,14,2,0.11764705882352941,0.14285714285714285,buildup
0328,buildup_may,34,4,14,2,0.11764705882352941,0.14285714285714285,buildup
0329,buildup_may,13,3,6,1,0.23076923076923078,0.16666666666666666,buildup
0330,buildup_may,15,0,5,0,0.0,0.0,buildup
0331,buildup_may,12,0,6,0,0.0,0.0,buildup
0332,buildup_may,18,3,6,2,0.16666666666666666,0.3333333333333333,buildup
0333,buildup_may,18,3,6,2,0.16666666666666666,0.3333333333333333,buildup
0334,buildup_may,30,8,8,2,0.26666666666666666,0.25,buildup
0335,buildup_may,149,67,59,26,0.44966442953020136,0.4406779661016949,buildup
0336,buildup_may,27,5,13,2,0.18518518518518517,0.15384615384615385,buildup
0337,buildup_may,70,14,27,6,0.2,0.2222222222222222,buildup
0338,buildup_may,64,18,19,4,0.28125,0.21052631578947367,buildup
0339,buildup_may,26,7,9,2,0.2692307692307692,0.2222222222222222,buildup
0340,buildup_may,75,7,41,5,0.09333333333333334,0.12195121951219512,buildup
0341,buildup_may,31,4,16,2,0.12903225806451613,0.125,buildup
0342,buildup_may,30,7,11,2,0.23333333333333334,0.18181818181818182,buildup
0343,buildup_may,59,4,21,1,0.06779661016949153,0.047619047619047616,buildup
0344,buildup_may,39,5,16,2,0.1282051282051282,0.125,buildup
0345,buildup_may,153,68,60,26,0.4444444444444444,0.43333333333333335,buildup
0346,buildup_may,46,6,20,3,0.13043478260869565,0.15,buildup
0347,buildup_may,67,7,33,3,0.1044776119402985,0.09090909090909091,buildup
0348,buildup_may,36,7,13,2,0.19444444444444445,0.15384615384615385,buildup
0349,buildup_may,37,7,14,2,0.1891891891891892,0.14285714285714285,buildup
0350,buildup_may,67,7,33,3,0.1044776119402985,0.09090909090909091,buildup
0351,buildup_may,54,3,29,2,0.05555555555555555,0.06896551724137931,buildup
0352,buildup_may,16,0,9,0,0.0,0.0,buildup
0353,buildup_may,32,8,12,3,0.25,0.25,buildup
0354,buildup_may,44,15,18,5,0.3409090909090909,0.2777777777777778,buildup
0355,buildup_may,54,3,29,2,0.05555555555555555,0.06896551724137931,buildup
0356,buildup_may,29,1,13,1,0.034482758620689655,0.07692307692307693,buildup
0357,buildup_may,25,5,8,1,0.2,0.125,buildup
0358,buildup_may,30,8,11,3,0.26666666666666666,0.2727272727272727,buildup
0359,buildup_may,31,5,14,2,0.16129032258064516,0.14285714285714285,buildup
0360,buildup_may,24,2,11,1,0.08333333333333333,0.09090909090909091,buildup
0361,buildup_may,52,32,19,12,0.6153846153846154,0.631578947368421,buildup
0362,buildup_may,52,32,19,12,0.6153846153846154,0.631578947368421,buildup
0363,buildup_may,43,16,20,7,0.37209302325581395,0.35,buildup
0364,buildup_may,26,3,8,1,0.11538461538461539,0.125,buildup
0365,buildup_may,30,5,8,1,0.16666666666666666,0.125,buildup
0366,buildup_may,18,0,6,0,0.0,0.0,buildup
0367,buildup_may,16,2,8,1,0.125,0.125,buildup
0368,buildup_may,21,3,6,1,0.14285714285714285,0.16666666666666666,buildup
0369,buildup_may,31,11,14,4,0.3548387096774194,0.2857142857142857,buildup
0370,buildup_may,17,0,6,0,0.0,0.0,buildup
0371,buildup_may,44,3,16,2,0.06818181818181818,0.125,buildup
0372,buildup_may,22,5,12,3,0.22727272727272727,0.25,buildup
0373,buildup_may,10,5,3,2,0.5,0.6666666666666666,buildup
0374,buildup_may,23,4,7,1,0.17391304347826086,0.14285714285714285,buildup
0375,buildup_may,14,2,7,1,0.14285714285714285,0.14285714285714285,buildup
0376,buildup_may,17,0,9,0,0.0,0.0,buildup
0377,buildup_may,14,2,8,1,0.14285714285714285,0.125,buildup
0378,buildup_may,17,2,7,1,0.11764705882352941,0.14285714285714285,buildup
0379,buildup_may,50,13,11,3,0.26,0.2727272727272727,buildup
0380,buildup_may,11,5,3,1,0.45454545454545453,0.3333333333333333,buildup
0381,buildup_may,9,0,3,0,0.0,0.0,buildup
0382,buildup_may,11,0,9,0,0.0,0.0,buildup
0383,buildup_may,13,1,7,1,0.07692307692307693,0.14285714285714285,buildup
0384,buildup_may,45,11,10,3,0.24444444444444444,0.3,buildup
0385,buildup_may,10,5,4,1,0.5,0.25,buildup
0386,buildup_may,23,6,12,2,0.2608695652173913,0.16666666666666666,buildup
0387,buildup_may,19,0,8,0,0.0,0.0,buildup
0388,buildup_may,4,0,2,0,0.0,0.0,buildup
0389,buildup_may,18,7,9,4,0.3888888888888889,0.4444444444444444,buildup
0390,buildup_may,22,10,10,4,0.45454545454545453,0.4,buildup
0391,buildup_may,7,2,3,1,0.2857142857142857,0.3333333333333333,buildup
0392,buildup_may,23,6,11,3,0.2608695652173913,0.2727272727272727,buildup
0393,buildup_may,7,2,3,1,0.2857142857142857,0.3333333333333333,buildup
0394,buildup_may,3,0,2,0,0.0,0.0,buildup
0395,buildup_may,5,1,3,1,0.2,0.3333333333333333,buildup
0396,buildup_may,4,0,2,0,0.0,0.0,buildup
0397,buildup_may,35,19,14,8,0.5428571428571428,0.5714285714285714,buildup
0398,buildup_jun1,25,14,10,5,0.56,0.5,buildup
0399,buildup_jun1,72,15,32,8,0.20833333333333334,0.25,buildup
0400,buildup_jun1,105,47,57,26,0.44761904761904764,0.45614035087719296,buildup
0401,buildup_jun1,48,6,26,3,0.125,0.11538461538461539,buildup
0402,buildup_jun1,17,0,7,0,0.0,0.0,buildup
0403,buildup_jun1,113,64,48,26,0.5663716814159292,0.5416666666666666,buildup
0404,buildup_jun1,60,23,28,10,0.38333333333333336,0.35714285714285715,buildup
0405,buildup_jun1,46,14,31,9,0.30434782608695654,0.2903225806451613,buildup
0406,buildup_may,90,15,38,5,0.16666666666666666,0.13157894736842105,buildup
0407,buildup_may,59,22,28,10,0.3728813559322034,0.35714285714285715,buildup
0408,buildup_jun1,29,21,17,12,0.7241379310344828,0.7058823529411765,buildup
0409,buildup_jun1,71,36,36,17,0.5070422535211268,0.4722222222222222,buildup
0410,buildup_jun1,98,38,36,16,0.3877551020408163,0.4444444444444444,buildup
0411,buildup_jun1,98,38,36,16,0.3877551020408163,0.4444444444444444,buildup
0412,buildup_jun1,56,19,27,6,0.3392857142857143,0.2222222222222222,buildup
0413,buildup_jun1,48,23,24,13,0.4791666666666667,0.5416666666666666,buildup
0414,buildup_jun1,104,22,49,9,0.21153846153846154,0.1836734693877551,buildup
0415,buildup_jun1,103,22,48,9,0.21359223300970873,0.1875,buildup
0416,buildup_jun1,70,10,36,4,0.14285714285714285,0.1111111111111111,buildup
0417,buildup_jun1,50,26,18,9,0.52,0.5,buildup
0418,buildup_jun1,72,15,31,8,0.20833333333333334,0.25806451612903225,buildup
0419,buildup_jun1,18,0,9,0,0.0,0.0,buildup
0420,buildup_jun1,30,15,13,7,0.5,0.5384615384615384,buildup
0421,buildup_jun1,15,2,7,1,0.13333333333333333,0.14285714285714285,buildup
0422,buildup_jun1,47,15,20,3,0.3191489361702128,0.15,buildup
0423,buildup_jun1,27,7,11,3,0.25925925925925924,0.2727272727272727,buildup
0424,buildup_jun1,38,12,17,5,0.3157894736842105,0.29411764705882354,buildup
0425,buildup_jun1,9,2,4,1,0.2222222222222222,0.25,buildup
0426,buildup_jun1,31,18,16,9,0.5806451612903226,0.5625,buildup
0427,buildup_jun1,23,0,9,0,0.0,0.0,buildup
0428,buildup_jun1,46,4,25,2,0.08695652173913043,0.08,buildup
0429,buildup_jun1,22,14,12,7,0.6363636363636364,0.5833333333333334,buildup
0430,buildup_jun1,37,0,15,0,0.0,0.0,buildup
0431,buildup_jun1,43,9,16,3,0.20930232558139536,0.1875,buildup
0432,buildup_jun1,50,22,14,5,0.44,0.35714285714285715,buildup
0433,buildup_jun1,22,4,11,2,0.18181818181818182,0.18181818181818182,buildup
0434,buildup_jun1,58,24,20,8,0.41379310344827586,0.4,buildup
0435,buildup_jun1,27,0,12,0,0.0,0.0,buildup
0436,buildup_jun1,15,5,6,2,0.3333333333333333,0.3333333333333333,buildup
0437,buildup_jun1,25,6,14,3,0.24,0.21428571428571427,buildup
0438,buildup_jun1,34,15,12,5,0.4411764705882353,0.4166666666666667,buildup
0439,buildup_jun1,14,4,7,2,0.2857142857142857,0.2857142857142857,buildup
0440,buildup_jun1,18,0,9,0,0.0,0.0,buildup
0441,buildup_jun1,22,5,11,2,0.22727272727272727,0.18181818181818182,buildup
0442,buildup_jun1,15,3,9,2,0.2,0.2222222222222222,buildup
0443,buildup_jun1,70,33,32,15,0.4714285714285714,0.46875,buildup
0444,buildup_jun1,8,3,3,1,0.375,0.3333333333333333,buildup
0445,buildup_jun1,8,3,3,1,0.375,0.3333333333333333,buildup
0446,buildup_jun1,73,33,32,15,0.4520547945205479,0.46875,buildup
0447,buildup_jun1,36,11,12,4,0.3055555555555556,0.3333333333333333,buildup
0448,buildup_jun1,16,4,9,2,0.25,0.2222222222222222,buildup
0449,buildup_jun1,9,0,4,0,0.0,0.0,buildup
0450,buildup_jun1,36,11,12,4,0.3055555555555556,0.3333333333333333,buildup
0451,buildup_jun1,10,5,4,2,0.5,0.5,buildup
0452,buildup_jun1,15,6,8,4,0.4,0.5,buildup
0453,buildup_jun1,32,16,12,6,0.5,0.5,buildup
0454,buildup_jun1,27,3,11,2,0.1111111111111111,0.18181818181818182,buildup
0455,buildup_jun1,60,28,21,10,0.4666666666666667,0.47619047619047616,buildup
0456,buildup_jun1,7,5,5,3,0.7142857142857143,0.6,buildup
0457,buildup_jun1,27,17,11,7,0.6296296296296297,0.6363636363636364,buildup
0458,buildup_jun1,32,19,11,6,0.59375,0.5454545454545454,buildup
0459,buildup_jun1,11,2,9,1,0.18181818181818182,0.1111111111111111,buildup
0460,buildup_jun1,15,6,8,4,0.4,0.5,buildup
0461,buildup_jun1,35,21,13,7,0.6,0.5384615384615384,buildup
0462,buildup_jun1,80,35,38,16,0.4375,0.42105263157894735,buildup
0463,buildup_jun1,3,0,2,0,0.0,0.0,buildup
0464,buildup_jun1,18,12,7,4,0.6666666666666666,0.5714285714285714,buildup
0465,buildup_jun1,16,8,9,5,0.5,0.5555555555555556,buildup
0466,buildup_jun1,19,3,6,2,0.15789473684210525,0.3333333333333333,buildup
0467,buildup_jun1,38,18,15,7,0.47368421052631576,0.4666666666666667,buildup
0468,buildup_jun1,16,7,8,3,0.4375,0.375,buildup
0469,buildup_jun1,13,0,4,0,0.0,0.0,buildup
0470,buildup_jun1,18,7,9,3,0.3888888888888889,0.3333333333333333,buildup
0471,buildup_jun1,10,5,4,2,0.5,0.5,buildup
0472,buildup_jun1,12,7,6,4,0.5833333333333334,0.6666666666666666,buildup
0473,buildup_jun1,16,11,5,3,0.6875,0.6,buildup
0474,buildup_jun1,5,0,2,0,0.0,0.0,buildup
0475,buildup_jun1,11,5,6,2,0.45454545454545453,0.3333333333333333,buildup
0476,buildup_jun1,18,12,7,4,0.6666666666666666,0.5714285714285714,buildup
0478,buildup_jun1,19,3,6,2,0.15789473684210525,0.3333333333333333,buildup
0479,climax_w1,72,27,29,9,0.375,0.3103448275862069,climax
0480,climax_w1,28,15,14,8,0.5357142857142857,0.5714285714285714,climax
0481,climax_w1,46,25,20,12,0.5434782608695652,0.6,climax
0482,climax_w1,86,32,39,16,0.37209302325581395,0.41025641025641024,climax
0483,climax_w1,65,36,39,20,0.5538461538461539,0.5128205128205128,climax
0484,climax_w1,24,12,18,8,0.5,0.4444444444444444,climax
0485,climax_w1,111,53,52,24,0.4774774774774775,0.46153846153846156,climax
0486,climax_w1,32,11,14,4,0.34375,0.2857142857142857,climax
0487,climax_w1,35,4,15,2,0.11428571428571428,0.13333333333333333,climax
0488,climax_w1,67,39,31,19,0.582089552238806,0.6129032258064516,climax
0489,climax_w1,92,58,37,24,0.6304347826086957,0.6486486486486487,climax
0490,climax_w1,170,95,70,39,0.5588235294117647,0.5571428571428572,climax
0491,climax_w1,116,48,44,19,0.41379310344827586,0.4318181818181818,climax
0492,climax_w1,43,18,23,10,0.4186046511627907,0.43478260869565216,climax
0493,climax_w1,109,63,47,26,0.5779816513761468,0.5531914893617021,climax
0494,climax_w1,51,26,26,14,0.5098039215686274,0.5384615384615384,climax
0495,climax_w1,35,13,17,6,0.37142857142857144,0.35294117647058826,climax
0496,climax_w1,20,8,14,5,0.4,0.35714285714285715,climax
0497,climax_w1,100,54,45,24,0.54,0.5333333333333333,climax
0498,climax_w1,28,12,13,6,0.42857142857142855,0.46153846153846156,climax
0499,climax_w1,52,25,25,11,0.4807692307692308,0.44,climax
0500,climax_w1,49,13,19,5,0.2653061224489796,0.2631578947368421,climax
0501,climax_w1,47,27,24,14,0.574468085106383,0.5833333333333334,climax
0502,climax_w1,69,24,32,10,0.34782608695652173,0.3125,climax
0503,climax_w1,20,12,10,6,0.6,0.6,climax
0504,climax_w1,89,43,32,15,0.48314606741573035,0.46875,climax
0505,climax_w1,34,14,17,4,0.4117647058823529,0.23529411764705882,climax
0506,climax_w1,41,33,22,16,0.8048780487804879,0.7272727272727273,climax
0507,climax_w1,75,37,38,18,0.49333333333333335,0.47368421052631576,climax
0508,climax_w1,24,17,14,10,0.7083333333333334,0.7142857142857143,climax
0509,climax_w1,32,15,13,6,0.46875,0.46153846153846156,climax
0510,climax_w1,7,5,4,3,0.7142857142857143,0.75,climax
0511,climax_w1,81,49,38,22,0.6049382716049383,0.5789473684210527,climax
0512,climax_w1,28,10,16,5,0.35714285714285715,0.3125,climax
0513,climax_w1,16,6,7,2,0.375,0.2857142857142857,climax
0514,climax_w1,61,25,23,11,0.4098360655737705,0.4782608695652174,climax
0515,climax_w1,15,4,7,2,0.26666666666666666,0.2857142857142857,climax
0516,climax_w1,51,25,22,10,0.49019607843137253,0.45454545454545453,climax
0517,climax_w1,37,14,17,7,0.3783783783783784,0.4117647058823529,climax
0518,climax_w1,32,18,16,9,0.5625,0.5625,climax
0519,climax_w1,19,8,11,5,0.42105263157894735,0.45454545454545453,climax
0520,climax_w1,48,18,17,7,0.375,0.4117647058823529,climax
0521,climax_w1,37,23,18,11,0.6216216216216216,0.6111111111111112,climax
0522,climax_w1,25,12,10,6,0.48,0.6,climax
0523,climax_w1,26,17,14,9,0.6538461538461539,0.6428571428571429,climax
0524,climax_w1,49,28,25,14,0.5714285714285714,0.56,climax
0525,climax_w1,16,8,9,5,0.5,0.5555555555555556,climax
0526,climax_w1,17,2,7,1,0.11764705882352941,0.14285714285714285,climax
0527,climax_w1,23,10,9,4,0.43478260869565216,0.4444444444444444,climax
0528,climax_w1,17,13,8,6,0.7647058823529411,0.75,climax
0529,climax_w1,76,46,27,17,0.6052631578947368,0.6296296296296297,climax
0530,climax_w1,57,24,23,10,0.42105263157894735,0.43478260869565216,climax
0531,climax_w1,39,14,19,8,0.358974358974359,0.42105263157894735,climax
0532,climax_w1,17,12,10,7,0.7058823529411765,0.7,climax
0533,climax_w1,52,18,20,8,0.34615384615384615,0.4,climax
0534,climax_w1,37,16,15,8,0.43243243243243246,0.5333333333333333,climax
0535,climax_w1,21,16,9,7,0.7619047619047619,0.7777777777777778,climax
0536,climax_w1,22,13,12,8,0.5909090909090909,0.6666666666666666,climax
0537,climax_w1,33,23,17,10,0.696969696969697,0.5882352941176471,climax
0538,climax_w1,16,13,7,6,0.8125,0.8571428571428571,climax
0539,climax_w1,17,10,10,6,0.5882352941176471,0.6,climax
0540,climax_w1,54,43,29,24,0.7962962962962963,0.8275862068965517,climax
0541,climax_w1,26,18,10,7,0.6923076923076923,0.7,climax
0542,climax_w1,55,20,23,9,0.36363636363636365,0.391304347826087,climax
0543,climax_w1,53,29,24,12,0.5471698113207547,0.5,climax
0544,climax_w1,20,11,11,6,0.55,0.5454545454545454,climax
0545,climax_w1,33,22,10,7,0.6666666666666666,0.7,climax
0546,climax_w1,9,8,7,6,0.8888888888888888,0.8571428571428571,climax
0547,climax_w1,23,0,16,0,0.0,0.0,climax
0548,climax_w1,9,9,4,4,1.0,1.0,climax
0549,climax_w1,19,12,9,6,0.631578947368421,0.6666666666666666,climax
0550,climax_w1,20,13,10,6,0.65,0.6,climax
0551,climax_w1,6,4,3,2,0.6666666666666666,0.6666666666666666,climax
0552,climax_w1,6,4,3,2,0.6666666666666666,0.6666666666666666,climax
0553,climax_w1,7,2,5,1,0.2857142857142857,0.2,climax
0554,climax_w1,4,4,2,2,1.0,1.0,climax
0555,climax_w1,69,32,31,14,0.463768115942029,0.45161290322580644,climax
0556,climax_w1,43,22,18,8,0.5116279069767442,0.4444444444444444,climax
0557,climax_w1,57,28,29,14,0.49122807017543857,0.4827586206896552,climax
0558,climax_w1,81,44,24,13,0.5432098765432098,0.5416666666666666,climax
0559,climax_w1,50,24,27,13,0.48,0.48148148148148145,climax
0560,climax_w1,85,47,41,24,0.5529411764705883,0.5853658536585366,climax
0561,climax_w1,93,47,41,20,0.5053763440860215,0.4878048780487805,climax
0562,climax_w1,82,36,44,19,0.43902439024390244,0.4318181818181818,climax
0563,climax_w1,60,23,26,11,0.38333333333333336,0.4230769230769231,climax
0564,climax_w1,80,44,37,22,0.55,0.5945945945945946,climax
0565,climax_w1,87,41,31,14,0.47126436781609193,0.45161290322580644,climax
0566,climax_w1,33,21,15,9,0.6363636363636364,0.6,climax
0567,climax_w1,36,25,18,12,0.6944444444444444,0.6666666666666666,climax
0568,climax_w1,38,28,20,15,0.7368421052631579,0.75,climax
0569,climax_w1,72,36,32,16,0.5,0.5,climax
0570,climax_w1,41,26,18,11,0.6341463414634146,0.6111111111111112,climax
0571,climax_w1,71,36,31,16,0.5070422535211268,0.5161290322580645,climax
0572,climax_w1,65,36,39,20,0.5538461538461539,0.5128205128205128,climax
0573,climax_w1,92,36,32,14,0.391304347826087,0.4375,climax
0574,climax_w1,98,56,37,20,0.5714285714285714,0.5405405405405406,climax
0575,climax_w1,31,10,12,3,0.3225806451612903,0.25,climax
0576,climax_w1,69,30,27,12,0.43478260869565216,0.4444444444444444,climax
0577,climax_w1,64,29,20,9,0.453125,0.45,climax
0578,climax_w1,52,29,22,13,0.5576923076923077,0.5909090909090909,climax
0579,climax_w1,54,21,21,10,0.3888888888888889,0.47619047619047616,climax
0580,climax_w1,33,18,17,8,0.5454545454545454,0.47058823529411764,climax
0581,climax_w1,26,16,10,6,0.6153846153846154,0.6,climax
0582,climax_w1,33,11,12,3,0.3333333333333333,0.25,climax
0583,climax_w1,24,5,8,2,0.20833333333333334,0.25,climax
0584,climax_w1,40,15,19,8,0.375,0.42105263157894735,climax
0585,climax_w1,74,44,26,16,0.5945945945945946,0.6153846153846154,climax
0586,climax_w1,23,12,8,4,0.5217391304347826,0.5,climax
0587,climax_w1,49,15,18,6,0.30612244897959184,0.3333333333333333,climax
0588,climax_w1,8,4,4,2,0.5,0.5,climax
0589,climax_w1,25,22,13,11,0.88,0.8461538461538461,climax
0590,climax_w1,22,13,13,7,0.5909090909090909,0.5384615384615384,climax
0591,climax_w1,20,11,9,5,0.55,0.5555555555555556,climax
0592,climax_w1,43,21,18,8,0.4883720930232558,0.4444444444444444,climax
0593,climax_w1,21,11,11,6,0.5238095238095238,0.5454545454545454,climax
0594,climax_w1,36,23,15,10,0.6388888888888888,0.6666666666666666,climax
0595,climax_w1,6,6,3,3,1.0,1.0,climax
0596,climax_w1,23,10,10,5,0.43478260869565216,0.5,climax
0597,climax_w1,34,21,17,10,0.6176470588235294,0.5882352941176471,climax
0598,climax_w1,11,9,7,6,0.8181818181818182,0.8571428571428571,climax
0599,climax_w1,10,7,6,4,0.7,0.6666666666666666,climax
0600,climax_w1,45,17,17,7,0.37777777777777777,0.4117647058823529,climax
0601,climax_w1,13,8,9,5,0.6153846153846154,0.5555555555555556,climax
0602,climax_w1,86,23,35,10,0.26744186046511625,0.2857142857142857,climax
0603,climax_w1,25,12,10,5,0.48,0.5,climax
0604,climax_w1,23,13,14,8,0.5652173913043478,0.5714285714285714,climax
0605,climax_w1,32,24,15,11,0.75,0.7333333333333333,climax
0606,climax_w1,71,26,29,12,0.36619718309859156,0.41379310344827586,climax
0607,climax_w1,79,43,36,21,0.5443037974683544,0.5833333333333334,climax
0608,climax_w1,28,17,10,6,0.6071428571428571,0.6,climax
0609,climax_w1,20,12,8,5,0.6,0.625,climax
0610,climax_w1,48,21,20,9,0.4375,0.45,climax
0611,climax_w1,35,26,13,9,0.7428571428571429,0.6923076923076923,climax
0612,climax_w1,51,27,21,12,0.5294117647058824,0.5714285714285714,climax
0613,climax_w1,20,9,9,3,0.45,0.3333333333333333,climax
0614,climax_w1,24,11,10,5,0.4583333333333333,0.5,climax
0615,climax_w1,34,20,18,10,0.5882352941176471,0.5555555555555556,climax
0616,climax_w1,35,16,17,8,0.45714285714285713,0.47058823529411764,climax
0617,climax_w1,58,30,26,14,0.5172413793103449,0.5384615384615384,climax
0618,climax_w1,35,17,10,5,0.4857142857142857,0.5,climax
0619,climax_w1,23,17,9,7,0.7391304347826086,0.7777777777777778,climax
0620,climax_w1,71,41,25,14,0.5774647887323944,0.56,climax
0621,climax_w1,66,36,25,15,0.5454545454545454,0.6,climax
0622,climax_w1,38,23,17,10,0.6052631578947368,0.5882352941176471,climax
0623,climax_w1,101,35,43,14,0.3465346534653465,0.32558139534883723,climax
0624,climax_w1,93,55,34,19,0.5913978494623656,0.5588235294117647,climax
0625,climax_w1,107,37,44,15,0.34579439252336447,0.3409090909090909,climax
0626,climax_w1,17,12,8,5,0.7058823529411765,0.625,climax
0627,climax_w1,23,12,11,6,0.5217391304347826,0.5454545454545454,climax
0628,climax_w1,69,30,27,12,0.43478260869565216,0.4444444444444444,climax
0629,climax_w1,67,33,27,12,0.4925373134328358,0.4444444444444444,climax
0630,climax_w1,65,42,34,21,0.6461538461538462,0.6176470588235294,climax
0631,climax_w1,69,27,28,11,0.391304347826087,0.39285714285714285,climax
0632,climax_w1,34,27,18,14,0.7941176470588235,0.7777777777777778,climax
0633,climax_w1,21,10,10,4,0.47619047619047616,0.4,climax
0634,climax_w1,62,31,35,17,0.5,0.4857142857142857,climax
0635,climax_w1,25,18,13,9,0.72,0.6923076923076923,climax
0636,climax_w1,17,14,7,6,0.8235294117647058,0.8571428571428571,climax
0637,climax_w1,18,13,7,5,0.7222222222222222,0.7142857142857143,climax
0638,climax_w1,38,22,21,12,0.5789473684210527,0.5714285714285714,climax
0639,climax_w1,44,21,20,8,0.4772727272727273,0.4,climax
0640,climax_w1,31,20,14,9,0.6451612903225806,0.6428571428571429,climax
0641,climax_w1,49,28,25,14,0.5714285714285714,0.56,climax
0642,climax_w1,30,20,11,7,0.6666666666666666,0.6363636363636364,climax
0643,climax_w1,22,16,8,6,0.7272727272727273,0.75,climax
0644,climax_w1,12,8,6,4,0.6666666666666666,0.6666666666666666,climax
0645,climax_w1,34,19,18,9,0.5588235294117647,0.5,climax
0646,climax_w1,16,3,5,1,0.1875,0.2,climax
0647,climax_w1,32,13,11,4,0.40625,0.36363636363636365,climax
0648,climax_w1,30,9,11,3,0.3,0.2727272727272727,climax
0649,climax_w1,27,9,10,3,0.3333333333333333,0.3,climax
0650,climax_w1,7,4,4,2,0.5714285714285714,0.5,climax
0651,climax_w1,16,12,8,6,0.75,0.75,climax
0652,climax_w1,44,20,18,8,0.45454545454545453,0.4444444444444444,climax
0653,climax_w1,15,11,9,7,0.7333333333333333,0.7777777777777778,climax
0654,climax_w1,53,38,20,14,0.7169811320754716,0.7,climax
0655,climax_w1,5,2,3,1,0.4,0.3333333333333333,climax
0656,climax_w1,29,20,14,8,0.6896551724137931,0.5714285714285714,climax
0657,climax_w1,30,11,11,4,0.36666666666666664,0.36363636363636365,climax
0658,climax_w1,53,42,28,23,0.7924528301886793,0.8214285714285714,climax
0659,climax_w1,33,13,12,5,0.3939393939393939,0.4166666666666667,climax
0660,climax_w1,21,13,8,5,0.6190476190476191,0.625,climax
0661,climax_w1,14,11,5,4,0.7857142857142857,0.8,climax
0662,climax_w1,13,8,8,5,0.6153846153846154,0.625,climax
0663,climax_w1,17,13,10,7,0.7647058823529411,0.7,climax
0664,climax_w1,34,21,17,10,0.6176470588235294,0.5882352941176471,climax
0665,climax_w1,21,13,9,6,0.6190476190476191,0.6666666666666666,climax
0666,climax_w1,28,19,16,11,0.6785714285714286,0.6875,climax
0667,climax_w1,13,9,6,4,0.6923076923076923,0.6666666666666666,climax
0668,climax_w1,27,10,8,3,0.37037037037037035,0.375,climax
0669,climax_w1,20,16,12,10,0.8,0.8333333333333334,climax
0670,climax_w1,25,13,12,7,0.52,0.5833333333333334,climax
0671,climax_w1,16,12,8,6,0.75,0.75,climax
0672,climax_w1,15,7,9,3,0.4666666666666667,0.3333333333333333,climax
0673,climax_w1,3,0,1,0,0.0,0.0,climax
0674,climax_w1,45,17,17,7,0.37777777777777777,0.4117647058823529,climax
0675,climax_w1,24,8,12,5,0.3333333333333333,0.4166666666666667,climax
0676,climax_w1,15,3,5,1,0.2,0.2,climax
0677,climax_w1,17,4,7,2,0.23529411764705882,0.2857142857142857,climax
0678,climax_w1,7,5,4,3,0.7142857142857143,0.75,climax
0679,climax_w1,6,3,2,1,0.5,0.5,climax
0680,climax_w1,14,3,6,1,0.21428571428571427,0.16666666666666666,climax
0681,climax_w1,17,5,6,2,0.29411764705882354,0.3333333333333333,climax
0682,climax_w1,40,17,20,8,0.425,0.4,climax
0683,climax_w1,25,17,10,7,0.68,0.7,climax
0684,climax_w1,124,73,52,32,0.5887096774193549,0.6153846153846154,climax
0685,climax_w1,41,14,16,5,0.34146341463414637,0.3125,climax
0686,climax_w1,30,4,18,3,0.13333333333333333,0.16666666666666666,climax
0687,climax_w1,23,12,8,4,0.5217391304347826,0.5,climax
0688,climax_w1,148,64,60,26,0.43243243243243246,0.43333333333333335,climax
0689,climax_w1,50,20,25,8,0.4,0.32,climax
0690,climax_w1,72,29,34,15,0.4027777777777778,0.4411764705882353,climax
0691,climax_w1,76,23,41,13,0.3026315789473684,0.3170731707317073,climax
0692,climax_w1,23,10,9,4,0.43478260869565216,0.4444444444444444,climax
0693,climax_w1,57,25,24,11,0.43859649122807015,0.4583333333333333,climax
0694,climax_w1,35,21,19,12,0.6,0.631578947368421,climax
0695,climax_w1,63,15,33,7,0.23809523809523808,0.21212121212121213,climax
0696,climax_w1,24,9,10,3,0.375,0.3,climax
0697,climax_w1,49,14,24,7,0.2857142857142857,0.2916666666666667,climax
0698,climax_w1,36,19,30,15,0.5277777777777778,0.5,climax
0699,climax_w1,30,16,14,8,0.5333333333333333,0.5714285714285714,climax
0700,climax_w1,51,20,24,10,0.39215686274509803,0.4166666666666667,climax
0701,climax_w1,57,17,26,9,0.2982456140350877,0.34615384615384615,climax
0702,climax_w1,35,28,17,14,0.8,0.8235294117647058,climax
0703,climax_w1,112,50,52,21,0.44642857142857145,0.40384615384615385,climax
0704,climax_w1,36,14,16,5,0.3888888888888889,0.3125,climax
0705,climax_w1,39,22,14,7,0.5641025641025641,0.5,climax
0706,climax_w1,46,16,19,7,0.34782608695652173,0.3684210526315789,climax
0707,climax_w1,40,7,16,3,0.175,0.1875,climax
0708,climax_w1,44,16,20,7,0.36363636363636365,0.35,climax
0709,climax_w1,66,35,30,16,0.5303030303030303,0.5333333333333333,climax
0710,climax_w1,53,34,22,14,0.6415094339622641,0.6363636363636364,climax
0711,climax_w1,68,33,29,15,0.4852941176470588,0.5172413793103449,climax
0712,climax_w1,21,11,9,4,0.5238095238095238,0.4444444444444444,climax
0713,climax_w1,48,17,19,7,0.3541666666666667,0.3684210526315789,climax
0714,climax_w1,40,20,19,10,0.5,0.5263157894736842,climax
0715,climax_w1,57,26,24,10,0.45614035087719296,0.4166666666666667,climax
0716,climax_w1,78,22,34,9,0.28205128205128205,0.2647058823529412,climax
0717,climax_w1,78,22,34,9,0.28205128205128205,0.2647058823529412,climax
0718,climax_w1,27,10,12,4,0.37037037037037035,0.3333333333333333,climax
0719,climax_w1,16,9,8,4,0.5625,0.5,climax
0720,climax_w1,47,18,17,6,0.3829787234042553,0.35294117647058826,climax
0721,climax_w1,64,33,27,14,0.515625,0.5185185185185185,climax
0722,climax_w1,65,46,30,20,0.7076923076923077,0.6666666666666666,climax
0723,climax_w1,34,5,16,2,0.14705882352941177,0.125,climax
0724,climax_w1,64,32,24,13,0.5,0.5416666666666666,climax
0725,climax_w1,67,35,33,16,0.5223880597014925,0.48484848484848486,climax
0726,climax_w1,34,7,13,4,0.20588235294117646,0.3076923076923077,climax
0727,climax_w1,17,3,12,2,0.17647058823529413,0.16666666666666666,climax
0728,climax_w1,69,30,27,12,0.43478260869565216,0.4444444444444444,climax
0729,climax_w1,65,27,26,11,0.4153846153846154,0.4230769230769231,climax
0730,climax_w1,27,10,8,3,0.37037037037037035,0.375,climax
0731,climax_w1,44,12,17,4,0.2727272727272727,0.23529411764705882,climax
0732,climax_w1,236,100,82,40,0.423728813559322,0.4878048780487805,climax
0733,climax_w1,72,29,30,12,0.4027777777777778,0.4,climax
0734,climax_w1,19,2,8,1,0.10526315789473684,0.125,climax
0735,climax_w1,29,7,14,4,0.2413793103448276,0.2857142857142857,climax
0736,climax_w1,63,29,26,11,0.4603174603174603,0.4230769230769231,climax
0737,climax_w1,36,11,16,4,0.3055555555555556,0.25,climax
0738,climax_w1,30,8,13,4,0.26666666666666666,0.3076923076923077,climax
0739,climax_w1,90,43,39,18,0.4777777777777778,0.46153846153846156,climax
0740,climax_w1,69,31,23,10,0.4492753623188406,0.43478260869565216,climax
0741,climax_w1,28,13,8,4,0.4642857142857143,0.5,climax
0742,climax_w1,21,5,8,3,0.23809523809523808,0.375,climax
0743,climax_w1,29,10,7,2,0.3448275862068966,0.2857142857142857,climax
0744,climax_w1,65,42,34,21,0.6461538461538462,0.6176470588235294,climax
0745,climax_w1,12,9,6,3,0.75,0.5,climax
0746,climax_w1,29,8,12,3,0.27586206896551724,0.25,climax
0747,climax_w1,62,31,35,17,0.5,0.4857142857142857,climax
0748,climax_w1,35,19,20,11,0.5428571428571428,0.55,climax
0749,climax_w1,15,7,6,3,0.4666666666666667,0.5,climax
0750,climax_w1,16,3,7,1,0.1875,0.14285714285714285,climax
0751,climax_w1,14,11,8,5,0.7857142857142857,0.625,climax
0752,climax_w1,59,33,29,17,0.559322033898305,0.5862068965517241,climax
0753,climax_w1,61,48,29,21,0.7868852459016393,0.7241379310344828,climax
0754,climax_w1,14,6,9,4,0.42857142857142855,0.4444444444444444,climax
0755,climax_w1,19,6,9,3,0.3157894736842105,0.3333333333333333,climax
0756,climax_w1,31,21,13,7,0.6774193548387096,0.5384615384615384,climax
0757,climax_w1,58,25,24,11,0.43103448275862066,0.4583333333333333,climax
0758,climax_w1,58,22,31,11,0.3793103448275862,0.3548387096774194,climax
0759,climax_w1,44,20,17,8,0.45454545454545453,0.47058823529411764,climax
0760,climax_w1,20,4,6,1,0.2,0.16666666666666666,climax
0761,climax_w1,16,13,5,4,0.8125,0.8,climax
0762,climax_w1,23,17,9,7,0.7391304347826086,0.7777777777777778,climax
0763,climax_w1,30,12,10,4,0.4,0.4,climax
0764,climax_w1,20,7,7,2,0.35,0.2857142857142857,climax
0765,climax_w1,17,8,7,3,0.47058823529411764,0.42857142857142855,climax
0766,climax_w1,20,9,7,3,0.45,0.42857142857142855,climax
0767,climax_w1,57,29,24,13,0.5087719298245614,0.5416666666666666,climax
0768,climax_w1,20,9,11,5,0.45,0.45454545454545453,climax
0769,climax_w1,20,2,11,1,0.1,0.09090909090909091,climax
0770,climax_w1,27,9,16,5,0.3333333333333333,0.3125,climax
0771,climax_w1,30,8,12,3,0.26666666666666666,0.25,climax
0772,climax_w1,49,18,23,8,0.3673469387755102,0.34782608695652173,climax
0773,climax_w1,27,15,10,5,0.5555555555555556,0.5,climax
0774,climax_w1,15,4,6,1,0.26666666666666666,0.16666666666666666,climax
0775,climax_w1,45,1,33,1,0.022222222222222223,0.030303030303030304,climax
0776,climax_w1,33,3,15,1,0.09090909090909091,0.06666666666666667,climax
0777,climax_w1,27,17,13,8,0.6296296296296297,0.6153846153846154,climax
0778,climax_w1,33,13,12,5,0.3939393939393939,0.4166666666666667,climax
0779,climax_w1,19,3,9,1,0.15789473684210525,0.1111111111111111,climax
0780,climax_w1,25,11,9,5,0.44,0.5555555555555556,climax
0781,climax_w1,7,4,5,3,0.5714285714285714,0.6,climax
0782,climax_w1,20,14,10,6,0.7,0.6,climax
0783,climax_w1,58,29,27,14,0.5,0.5185185185185185,climax
0784,climax_w1,33,14,9,3,0.42424242424242425,0.3333333333333333,climax
0785,climax_w1,16,9,6,3,0.5625,0.5,climax
0786,climax_w1,57,20,28,9,0.3508771929824561,0.32142857142857145,climax
0787,climax_w1,38,16,14,6,0.42105263157894735,0.42857142857142855,climax
0788,climax_w1,16,11,7,5,0.6875,0.7142857142857143,climax
0789,climax_w1,39,19,11,5,0.48717948717948717,0.45454545454545453,climax
0790,climax_w1,35,26,13,9,0.7428571428571429,0.6923076923076923,climax
0791,climax_w1,35,22,12,8,0.6285714285714286,0.6666666666666666,climax
0792,climax_w1,16,10,9,6,0.625,0.6666666666666666,climax
0793,climax_w1,25,15,10,6,0.6,0.6,climax
0794,climax_w1,11,0,7,0,0.0,0.0,climax
0795,climax_w1,17,11,8,4,0.6470588235294118,0.5,climax
0796,climax_w1,24,9,12,4,0.375,0.3333333333333333,climax
0797,climax_w1,13,6,6,3,0.46153846153846156,0.5,climax
0798,climax_w1,33,19,16,9,0.5757575757575758,0.5625,climax
0799,climax_w1,8,0,4,0,0.0,0.0,climax
0800,climax_w1,28,17,12,8,0.6071428571428571,0.6666666666666666,climax
0801,climax_w1,17,12,9,6,0.7058823529411765,0.6666666666666666,climax
0802,climax_w1,15,6,9,4,0.4,0.4444444444444444,climax
0803,climax_w1,7,2,4,1,0.2857142857142857,0.25,climax
0804,climax_w1,19,13,7,3,0.6842105263157895,0.42857142857142855,climax
0805,climax_w1,21,11,8,4,0.5238095238095238,0.5,climax
0806,climax_w1,22,5,10,2,0.22727272727272727,0.2,climax
0807,climax_w1,24,17,9,6,0.7083333333333334,0.6666666666666666,climax
0808,climax_w1,25,8,10,4,0.32,0.4,climax
0809,climax_w1,12,2,6,2,0.16666666666666666,0.3333333333333333,climax
0810,climax_w1,23,0,5,0,0.0,0.0,climax
0811,climax_w1,21,8,5,2,0.38095238095238093,0.4,climax
0812,climax_w1,20,7,7,3,0.35,0.42857142857142855,climax
0813,climax_w1,24,8,11,4,0.3333333333333333,0.36363636363636365,climax
0814,climax_w1,9,8,6,5,0.8888888888888888,0.8333333333333334,climax
0815,climax_w1,14,7,4,2,0.5,0.5,climax
0816,climax_w1,15,6,6,3,0.4,0.5,climax
0817,climax_w1,17,8,7,3,0.47058823529411764,0.42857142857142855,climax
0818,climax_w1,38,16,16,7,0.42105263157894735,0.4375,climax
0819,climax_w1,15,4,4,1,0.26666666666666666,0.25,climax
0820,climax_w1,16,4,6,2,0.25,0.3333333333333333,climax
0821,climax_w1,26,2,12,2,0.07692307692307693,0.16666666666666666,climax
0822,climax_w1,13,8,7,4,0.6153846153846154,0.5714285714285714,climax
0823,climax_w1,26,12,12,4,0.46153846153846156,0.3333333333333333,climax
0824,climax_w1,4,0,1,0,0.0,0.0,climax
0825,climax_w1,17,5,6,2,0.29411764705882354,0.3333333333333333,climax
0826,climax_w2,86,45,32,16,0.5232558139534884,0.5,climax
0827,climax_w2,43,24,15,8,0.5581395348837209,0.5333333333333333,climax
0828,climax_w2,28,18,14,8,0.6428571428571429,0.5714285714285714,climax
0829,climax_w2,14,4,6,2,0.2857142857142857,0.3333333333333333,climax
0830,climax_w2,15,8,11,5,0.5333333333333333,0.45454545454545453,climax
0831,climax_w2,17,8,8,4,0.47058823529411764,0.5,climax
0832,climax_w2,26,14,12,7,0.5384615384615384,0.5833333333333334,climax
0833,climax_w2,61,20,36,13,0.32786885245901637,0.3611111111111111,climax
0834,climax_w2,24,15,12,7,0.625,0.5833333333333334,climax
0835,climax_w2,105,52,38,19,0.49523809523809526,0.5,climax
0836,climax_w2,196,81,70,29,0.413265306122449,0.4142857142857143,climax
0837,climax_w2,66,34,38,19,0.5151515151515151,0.5,climax
0838,climax_w2,47,10,23,5,0.2127659574468085,0.21739130434782608,climax
0839,climax_w2,62,22,21,9,0.3548387096774194,0.42857142857142855,climax
0840,climax_w2,55,27,32,15,0.4909090909090909,0.46875,climax
0841,climax_w2,72,28,27,12,0.3888888888888889,0.4444444444444444,climax
0842,climax_w2,70,33,33,15,0.4714285714285714,0.45454545454545453,climax
0843,climax_w2,87,33,36,15,0.3793103448275862,0.4166666666666667,climax
0844,climax_w2,80,32,31,13,0.4,0.41935483870967744,climax
0845,climax_w2,36,19,29,15,0.5277777777777778,0.5172413793103449,climax
0846,climax_w2,56,26,31,14,0.4642857142857143,0.45161290322580644,climax
0847,climax_w2,63,24,23,10,0.38095238095238093,0.43478260869565216,climax
0848,climax_w2,45,24,23,12,0.5333333333333333,0.5217391304347826,climax
0849,climax_w2,51,22,27,13,0.43137254901960786,0.48148148148148145,climax
0850,climax_w2,87,38,37,17,0.4367816091954023,0.4594594594594595,climax
0851,climax_w2,52,29,21,12,0.5576923076923077,0.5714285714285714,climax
0852,climax_w2,81,36,38,16,0.4444444444444444,0.42105263157894735,climax
0853,climax_w2,47,22,17,9,0.46808510638297873,0.5294117647058824,climax
0854,climax_w2,61,29,23,11,0.47540983606557374,0.4782608695652174,climax
0855,climax_w2,89,41,44,19,0.4606741573033708,0.4318181818181818,climax
0856,climax_w2,27,5,11,2,0.18518518518518517,0.18181818181818182,climax
0857,climax_w2,35,10,13,4,0.2857142857142857,0.3076923076923077,climax
0858,climax_w2,59,17,26,9,0.288135593220339,0.34615384615384615,climax
0859,climax_w2,397,204,197,99,0.5138539042821159,0.5025380710659898,climax
0860,climax_w2,99,58,36,22,0.5858585858585859,0.6111111111111112,climax
0861,climax_w2,37,15,10,4,0.40540540540540543,0.4,climax
0862,climax_w2,52,28,19,10,0.5384615384615384,0.5263157894736842,climax
0863,climax_w2,75,39,28,17,0.52,0.6071428571428571,climax
0864,climax_w2,64,41,39,24,0.640625,0.6153846153846154,climax
0865,climax_w2,32,17,18,9,0.53125,0.5,climax
0866,climax_w2,72,40,29,18,0.5555555555555556,0.6206896551724138,climax
0867,climax_w2,68,50,22,16,0.7352941176470589,0.7272727272727273,climax
0868,climax_w2,39,16,18,7,0.41025641025641024,0.3888888888888889,climax
0869,climax_w2,118,52,38,13,0.4406779661016949,0.34210526315789475,climax
0870,climax_w2,42,28,12,8,0.6666666666666666,0.6666666666666666,climax
0871,climax_w2,119,53,52,22,0.44537815126050423,0.4230769230769231,climax
0872,climax_w2,20,8,12,4,0.4,0.3333333333333333,climax
0873,climax_w2,59,12,25,6,0.2033898305084746,0.24,climax
0874,climax_w2,52,30,21,10,0.5769230769230769,0.47619047619047616,climax
0875,climax_w2,39,11,17,5,0.28205128205128205,0.29411764705882354,climax
0876,climax_w2,60,19,35,12,0.31666666666666665,0.34285714285714286,climax
0877,climax_w2,90,21,41,8,0.23333333333333334,0.1951219512195122,climax
0878,climax_w2,89,21,40,8,0.23595505617977527,0.2,climax
0879,climax_w2,15,4,9,2,0.26666666666666666,0.2222222222222222,climax
0880,climax_w2,26,13,13,7,0.5,0.5384615384615384,climax
0881,climax_w2,58,13,25,7,0.22413793103448276,0.28,climax
0882,climax_w2,97,35,39,15,0.36082474226804123,0.38461538461538464,climax
0883,climax_w2,32,9,13,4,0.28125,0.3076923076923077,climax
0884,climax_w2,53,21,24,9,0.39622641509433965,0.375,climax
0885,climax_w2,32,13,15,6,0.40625,0.4,climax
0886,climax_w2,12,6,4,2,0.5,0.5,climax
0887,climax_w2,44,22,19,10,0.5,0.5263157894736842,climax
0888,climax_w2,42,12,22,7,0.2857142857142857,0.3181818181818182,climax
0889,climax_w2,72,27,32,11,0.375,0.34375,climax
0890,climax_w2,39,19,18,8,0.48717948717948717,0.4444444444444444,climax
0891,climax_w2,39,22,14,7,0.5641025641025641,0.5,climax
0892,climax_w2,12,2,7,1,0.16666666666666666,0.14285714285714285,climax
0893,climax_w2,219,93,77,37,0.4246575342465753,0.4805194805194805,climax
0894,climax_w2,18,9,7,4,0.5,0.5714285714285714,climax
0895,climax_w2,53,12,23,3,0.22641509433962265,0.13043478260869565,climax
0896,climax_w2,38,19,16,8,0.5,0.5,climax
0897,climax_w2,7,4,2,1,0.5714285714285714,0.5,climax
0898,climax_w2,38,23,19,12,0.6052631578947368,0.631578947368421,climax
0899,climax_w2,37,14,20,9,0.3783783783783784,0.45,climax
0900,climax_w2,81,47,33,19,0.5802469135802469,0.5757575757575758,climax
0901,climax_w2,28,9,14,3,0.32142857142857145,0.21428571428571427,climax
0902,climax_w2,83,40,29,15,0.4819277108433735,0.5172413793103449,climax
0903,climax_w2,25,13,6,3,0.52,0.5,climax
0904,climax_w2,55,27,27,13,0.4909090909090909,0.48148148148148145,climax
0905,climax_w2,37,14,20,9,0.3783783783783784,0.45,climax
0906,climax_w2,24,14,12,7,0.5833333333333334,0.5833333333333334,climax
0907,climax_w2,48,30,21,13,0.625,0.6190476190476191,climax
0908,climax_w2,26,16,14,8,0.6153846153846154,0.5714285714285714,climax
0909,climax_w2,57,27,28,13,0.47368421052631576,0.4642857142857143,climax
0910,climax_w2,47,31,23,15,0.6595744680851063,0.6521739130434783,climax
0911,climax_w2,24,6,10,3,0.25,0.3,climax
0912,climax_w2,11,1,4,1,0.09090909090909091,0.25,climax
0913,climax_w2,38,19,16,8,0.5,0.5,climax
0914,climax_w2,63,20,27,9,0.31746031746031744,0.3333333333333333,climax
0915,climax_w2,42,18,16,7,0.42857142857142855,0.4375,climax
0916,climax_w2,22,9,9,3,0.4090909090909091,0.3333333333333333,climax
0917,climax_w2,60,25,24,11,0.4166666666666667,0.4583333333333333,climax
0918,climax_w2,69,30,32,12,0.43478260869565216,0.375,climax
0919,climax_w2,36,18,12,6,0.5,0.5,climax
0920,climax_w2,27,16,15,9,0.5925925925925926,0.6,climax
0921,climax_w2,14,11,7,5,0.7857142857142857,0.7142857142857143,climax
0922,climax_w2,56,13,24,5,0.23214285714285715,0.20833333333333334,climax
0923,climax_w2,45,18,22,8,0.4,0.36363636363636365,climax
0924,climax_w2,13,7,5,2,0.5384615384615384,0.4,climax
0925,climax_w2,30,18,16,10,0.6,0.625,climax
0926,climax_w2,41,21,13,7,0.5121951219512195,0.5384615384615384,climax
0927,climax_w2,29,16,13,7,0.5517241379310345,0.5384615384615384,climax
0928,climax_w2,27,18,16,11,0.6666666666666666,0.6875,climax
0929,climax_w2,35,4,18,2,0.11428571428571428,0.1111111111111111,climax
0930,climax_w2,25,14,11,6,0.56,0.5454545454545454,climax
0931,climax_w2,25,18,9,6,0.72,0.6666666666666666,climax
0932,climax_w2,40,0,14,0,0.0,0.0,climax
0933,climax_w2,22,15,10,7,0.6818181818181818,0.7,climax
0934,climax_w2,44,31,21,14,0.7045454545454546,0.6666666666666666,climax
0935,climax_w2,53,38,22,17,0.7169811320754716,0.7727272727272727,climax
0936,climax_w2,62,24,30,10,0.3870967741935484,0.3333333333333333,climax
0937,climax_w2,26,15,12,7,0.5769230769230769,0.5833333333333334,climax
0938,climax_w2,56,27,26,13,0.48214285714285715,0.5,climax
0939,climax_w2,12,2,6,1,0.16666666666666666,0.16666666666666666,climax
0940,climax_w2,36,26,14,9,0.7222222222222222,0.6428571428571429,climax
0941,climax_w2,8,8,4,4,1.0,1.0,climax
0942,climax_w2,19,9,12,3,0.47368421052631576,0.25,climax
0943,climax_w2,43,20,14,6,0.46511627906976744,0.42857142857142855,climax
0944,climax_w2,23,11,10,4,0.4782608695652174,0.4,climax
0945,climax_w2,43,32,13,10,0.7441860465116279,0.7692307692307693,climax
0946,climax_w2,43,32,13,10,0.7441860465116279,0.7692307692307693,climax
0947,climax_w2,7,4,5,3,0.5714285714285714,0.6,climax
0948,climax_w2,27,13,10,4,0.48148148148148145,0.4,climax
0949,climax_w2,7,0,7,0,0.0,0.0,climax
0950,climax_w2,11,3,3,1,0.2727272727272727,0.3333333333333333,climax
0951,climax_w2,20,6,8,3,0.3,0.375,climax
0952,climax_w2,20,5,9,2,0.25,0.2222222222222222,climax
0953,climax_w2,8,3,4,1,0.375,0.25,climax
0954,climax_w2,46,18,15,4,0.391304347826087,0.26666666666666666,climax
0955,climax_w2,22,7,7,2,0.3181818181818182,0.2857142857142857,climax
0956,climax_w2,18,7,10,4,0.3888888888888889,0.4,climax
0957,climax_w2,34,17,18,8,0.5,0.4444444444444444,climax
0958,climax_w2,37,24,17,9,0.6486486486486487,0.5294117647058824,climax
0959,climax_w2,37,24,17,9,0.6486486486486487,0.5294117647058824,climax
0960,climax_w2,18,1,9,1,0.05555555555555555,0.1111111111111111,climax
0961,climax_w2,21,10,10,4,0.47619047619047616,0.4,climax
0962,climax_w2,15,5,8,3,0.3333333333333333,0.375,climax
0963,climax_w2,18,7,7,3,0.3888888888888889,0.42857142857142855,climax
0964,climax_w2,21,11,8,4,0.5238095238095238,0.5,climax
0965,climax_w2,14,5,6,2,0.35714285714285715,0.3333333333333333,climax
0966,climax_w2,8,7,5,4,0.875,0.8,climax
0967,climax_w2,18,8,12,6,0.4444444444444444,0.5,climax
0968,climax_w2,28,13,9,5,0.4642857142857143,0.5555555555555556,climax
0969,climax_w2,14,8,10,5,0.5714285714285714,0.5,climax
0970,climax_w2,10,6,5,3,0.6,0.6,climax
0971,climax_w2,27,17,10,6,0.6296296296296297,0.6,climax
0972,climax_w2,14,7,4,2,0.5,0.5,climax
0973,climax_w2,17,11,7,5,0.6470588235294118,0.7142857142857143,climax
0974,climax_w2,25,19,16,12,0.76,0.75,climax
0975,climax_w2,5,3,2,1,0.6,0.5,climax
0976,climax_w2,14,8,10,5,0.5714285714285714,0.5,climax
0977,climax_w2,18,6,6,2,0.3333333333333333,0.3333333333333333,climax
0978,climax_w2,25,8,11,4,0.32,0.36363636363636365,climax
0979,climax_w2,9,2,7,2,0.2222222222222222,0.2857142857142857,climax
0980,climax_w2,24,7,10,3,0.2916666666666667,0.3,climax
0981,climax_w2,21,7,12,4,0.3333333333333333,0.3333333333333333,climax
0982,climax_w2,36,18,15,7,0.5,0.4666666666666667,climax
0983,climax_w2,3,0,2,0,0.0,0.0,climax
0984,climax_w2,7,1,3,1,0.14285714285714285,0.3333333333333333,climax
0985,climax_w2,21,12,8,4,0.5714285714285714,0.5,climax
0987,climax_w2,124,60,47,22,0.4838709677419355,0.46808510638297873,climax
0988,climax_w2,157,72,63,30,0.4585987261146497,0.47619047619047616,climax
0989,climax_w2,110,55,43,21,0.5,0.4883720930232558,climax
0990,climax_w2,116,58,45,22,0.5,0.4888888888888889,climax
0991,climax_w2,108,74,40,28,0.6851851851851852,0.7,climax
0992,climax_w2,18,8,13,6,0.4444444444444444,0.46153846153846156,climax
0993,climax_w2,111,43,56,22,0.38738738738738737,0.39285714285714285,climax
0994,climax_w2,98,48,38,19,0.4897959183673469,0.5,climax
0995,climax_w2,362,185,145,72,0.511049723756906,0.496551724137931,climax
0996,climax_w2,56,14,31,7,0.25,0.22580645161290322,climax
0997,climax_w2,109,52,37,18,0.47706422018348627,0.4864864864864865,climax
0998,climax_w2,142,67,59,28,0.47183098591549294,0.4745762711864407,climax
0999,climax_w2,18,7,12,4,0.3888888888888889,0.3333333333333333,climax
1000,climax_w2,65,26,26,10,0.4,0.38461538461538464,climax
1001,climax_w2,22,13,11,6,0.5909090909090909,0.5454545454545454,climax
1002,climax_w2,38,17,19,9,0.4473684210526316,0.47368421052631576,climax
1003,climax_w2,45,21,18,9,0.4666666666666667,0.5,climax
1004,climax_w2,51,28,22,13,0.5490196078431373,0.5909090909090909,climax
1005,climax_w2,332,151,146,68,0.45481927710843373,0.4657534246575342,climax
1006,climax_w2,26,12,10,4,0.46153846153846156,0.4,climax
1007,climax_w2,98,55,39,22,0.5612244897959183,0.5641025641025641,climax
1008,climax_w2,48,15,19,6,0.3125,0.3157894736842105,climax
1009,climax_w2,44,17,22,7,0.38636363636363635,0.3181818181818182,climax
1010,climax_w2,112,57,42,21,0.5089285714285714,0.5,climax
1011,climax_w2,96,38,34,14,0.3958333333333333,0.4117647058823529,climax
1012,climax_w2,40,26,21,12,0.65,0.5714285714285714,climax
1013,climax_w2,41,13,19,6,0.3170731707317073,0.3157894736842105,climax
1014,climax_w2,51,20,21,6,0.39215686274509803,0.2857142857142857,climax
1015,climax_w2,14,11,10,7,0.7857142857142857,0.7,climax
1016,climax_w2,35,15,18,8,0.42857142857142855,0.4444444444444444,climax
1017,climax_w2,118,56,64,32,0.4745762711864407,0.5,climax
1018,climax_w2,83,56,28,19,0.6746987951807228,0.6785714285714286,climax
1019,climax_w2,33,18,10,6,0.5454545454545454,0.6,climax
1020,climax_w2,82,38,41,17,0.4634146341463415,0.4146341463414634,climax
1021,climax_w2,63,33,26,15,0.5238095238095238,0.5769230769230769,climax
1022,climax_w2,61,33,26,13,0.5409836065573771,0.5,climax
1023,climax_w2,22,12,9,4,0.5454545454545454,0.4444444444444444,climax
1024,climax_w2,29,14,20,10,0.4827586206896552,0.5,climax
1025,climax_w2,50,17,24,8,0.34,0.3333333333333333,climax
1026,climax_w2,63,31,34,16,0.49206349206349204,0.47058823529411764,climax
1027,climax_w2,24,13,13,7,0.5416666666666666,0.5384615384615384,climax
1028,climax_w2,38,27,22,15,0.7105263157894737,0.6818181818181818,climax
1029,climax_w2,46,27,18,9,0.5869565217391305,0.5,climax
1030,climax_w2,57,25,29,12,0.43859649122807015,0.41379310344827586,climax
1031,climax_w2,86,48,31,15,0.5581395348837209,0.4838709677419355,climax
1032,climax_w2,98,39,42,17,0.3979591836734694,0.40476190476190477,climax
1033,climax_w2,52,16,17,5,0.3076923076923077,0.29411764705882354,climax
1034,climax_w2,28,8,11,2,0.2857142857142857,0.18181818181818182,climax
1035,climax_w2,28,11,13,5,0.39285714285714285,0.38461538461538464,climax
1036,climax_w2,49,21,18,7,0.42857142857142855,0.3888888888888889,climax
1037,climax_w2,20,13,10,6,0.65,0.6,climax
1038,climax_w2,27,12,11,5,0.4444444444444444,0.45454545454545453,climax
1039,climax_w2,67,29,32,14,0.43283582089552236,0.4375,climax
1040,climax_w2,21,10,13,5,0.47619047619047616,0.38461538461538464,climax
1041,climax_w2,46,18,20,8,0.391304347826087,0.4,climax
1042,climax_w2,66,29,31,14,0.4393939393939394,0.45161290322580644,climax
1043,climax_w2,21,7,8,3,0.3333333333333333,0.375,climax
1044,climax_w2,39,10,23,7,0.2564102564102564,0.30434782608695654,climax
1045,climax_w2,65,29,27,13,0.4461538461538462,0.48148148148148145,climax
1046,climax_w2,21,15,8,6,0.7142857142857143,0.75,climax
1047,climax_w2,19,11,7,3,0.5789473684210527,0.42857142857142855,climax
1048,climax_w2,23,17,9,7,0.7391304347826086,0.7777777777777778,climax
1049,climax_w2,16,3,7,1,0.1875,0.14285714285714285,climax
1050,climax_w2,56,34,25,14,0.6071428571428571,0.56,climax
1051,climax_w2,54,35,28,19,0.6481481481481481,0.6785714285714286,climax
1052,climax_w2,26,10,22,8,0.38461538461538464,0.36363636363636365,climax
1053,climax_w2,34,17,14,6,0.5,0.42857142857142855,climax
1054,climax_w2,120,72,61,34,0.6,0.5573770491803278,climax
1055,climax_w2,32,17,8,4,0.53125,0.5,climax
1056,climax_w2,20,9,8,4,0.45,0.5,climax
1057,climax_w2,42,13,20,7,0.30952380952380953,0.35,climax
1058,climax_w2,39,20,16,8,0.5128205128205128,0.5,climax
1059,climax_w2,57,40,27,19,0.7017543859649122,0.7037037037037037,climax
1060,climax_w2,34,14,19,8,0.4117647058823529,0.42105263157894735,climax
1061,climax_w2,53,26,14,6,0.49056603773584906,0.42857142857142855,climax
1062,climax_w2,62,43,30,21,0.6935483870967742,0.7,climax
1063,climax_w2,16,5,8,3,0.3125,0.375,climax
1064,climax_w2,44,28,14,9,0.6363636363636364,0.6428571428571429,climax
1065,climax_w2,15,8,7,3,0.5333333333333333,0.42857142857142855,climax
1066,climax_w2,19,14,11,8,0.7368421052631579,0.7272727272727273,climax
1067,climax_w2,45,27,19,11,0.6,0.5789473684210527,climax
1068,climax_w2,45,16,11,4,0.35555555555555557,0.36363636363636365,climax
1069,climax_w2,49,17,20,9,0.3469387755102041,0.45,climax
1070,climax_w2,16,13,6,5,0.8125,0.8333333333333334,climax
1071,climax_w2,55,42,25,16,0.7636363636363637,0.64,climax
1072,climax_w2,29,15,16,8,0.5172413793103449,0.5,climax
1073,climax_w2,36,11,13,4,0.3055555555555556,0.3076923076923077,climax
1074,climax_w2,26,13,13,7,0.5,0.5384615384615384,climax
1075,climax_w2,17,7,5,2,0.4117647058823529,0.4,climax
1076,climax_w2,20,16,12,9,0.8,0.75,climax
1077,climax_w2,53,22,31,12,0.41509433962264153,0.3870967741935484,climax
1078,climax_w2,44,24,20,11,0.5454545454545454,0.55,climax
1079,climax_w2,34,20,14,8,0.5882352941176471,0.5714285714285714,climax
1080,climax_w2,12,7,9,5,0.5833333333333334,0.5555555555555556,climax
1081,climax_w2,72,46,40,25,0.6388888888888888,0.625,climax
1082,climax_w2,47,19,21,9,0.40425531914893614,0.42857142857142855,climax
1083,climax_w2,22,9,7,3,0.4090909090909091,0.42857142857142855,climax
1084,climax_w2,76,57,30,21,0.75,0.7,climax
1085,climax_w2,86,32,37,14,0.37209302325581395,0.3783783783783784,climax
1086,climax_w2,29,16,14,7,0.5517241379310345,0.5,climax
1087,climax_w2,53,39,23,16,0.7358490566037735,0.6956521739130435,climax
1088,climax_w2,26,18,15,10,0.6923076923076923,0.6666666666666666,climax
1089,climax_w2,17,4,9,4,0.23529411764705882,0.4444444444444444,climax
1090,climax_w2,28,11,13,6,0.39285714285714285,0.46153846153846156,climax
1091,climax_w2,39,26,20,13,0.6666666666666666,0.65,climax
1092,climax_w2,31,19,14,8,0.6129032258064516,0.5714285714285714,climax
1093,climax_w2,18,9,8,4,0.5,0.5,climax
1094,climax_w2,22,14,9,6,0.6363636363636364,0.6666666666666666,climax
1095,climax_w2,20,11,11,6,0.55,0.5454545454545454,climax
1096,climax_w2,30,10,12,4,0.3333333333333333,0.3333333333333333,climax
1097,climax_w2,13,9,6,4,0.6923076923076923,0.6666666666666666,climax
1098,climax_w2,40,13,19,5,0.325,0.2631578947368421,climax
1099,climax_w2,47,23,19,9,0.48936170212765956,0.47368421052631576,climax
1100,climax_w2,25,19,7,5,0.76,0.7142857142857143,climax
1101,climax_w2,24,16,10,6,0.6666666666666666,0.6,climax
1102,climax_w2,95,69,38,27,0.7263157894736842,0.7105263157894737,climax
1103,climax_w2,27,18,12,8,0.6666666666666666,0.6666666666666666,climax
1104,climax_w2,19,11,7,4,0.5789473684210527,0.5714285714285714,climax
1105,climax_w2,41,28,20,13,0.6829268292682927,0.65,climax
1106,climax_w2,47,40,20,17,0.851063829787234,0.85,climax
1107,climax_w2,35,14,17,7,0.4,0.4117647058823529,climax
1108,climax_w2,32,14,12,5,0.4375,0.4166666666666667,climax
1109,climax_w2,54,45,26,20,0.8333333333333334,0.7692307692307693,climax
1110,climax_w2,16,9,7,4,0.5625,0.5714285714285714,climax
1111,climax_w2,28,14,16,9,0.5,0.5625,climax
1112,climax_w2,22,12,13,6,0.5454545454545454,0.46153846153846156,climax
1113,climax_w2,28,23,8,7,0.8214285714285714,0.875,climax
1114,climax_w2,17,8,7,4,0.47058823529411764,0.5714285714285714,climax
1115,climax_w2,17,11,6,4,0.6470588235294118,0.6666666666666666,climax
1116,climax_w2,10,5,4,2,0.5,0.5,climax
1117,climax_w2,19,8,8,4,0.42105263157894735,0.5,climax
1118,climax_w2,25,13,9,4,0.52,0.4444444444444444,climax
1119,climax_w2,14,10,9,6,0.7142857142857143,0.6666666666666666,climax
1120,climax_w2,17,15,8,6,0.8823529411764706,0.75,climax
1121,climax_w2,14,9,7,5,0.6428571428571429,0.7142857142857143,climax
1122,climax_w2,28,4,11,3,0.14285714285714285,0.2727272727272727,climax
1123,climax_w2,29,13,13,7,0.4482758620689655,0.5384615384615384,climax
1124,climax_w2,24,15,11,7,0.625,0.6363636363636364,climax
1125,climax_w2,19,12,7,4,0.631578947368421,0.5714285714285714,climax
1126,climax_w2,12,9,7,5,0.75,0.7142857142857143,climax
1127,climax_w2,21,6,9,2,0.2857142857142857,0.2222222222222222,climax
1128,climax_w2,62,31,15,8,0.5,0.5333333333333333,climax
1129,climax_w2,3,3,2,2,1.0,1.0,climax
1130,climax_w2,74,26,41,15,0.35135135135135137,0.36585365853658536,climax
1131,climax_w2,46,19,25,11,0.41304347826086957,0.44,climax
1132,climax_w2,38,14,18,6,0.3684210526315789,0.3333333333333333,climax
1133,climax_w2,57,24,31,13,0.42105263157894735,0.41935483870967744,climax
1134,climax_w2,17,4,10,2,0.23529411764705882,0.2,climax
1135,climax_w2,56,17,26,8,0.30357142857142855,0.3076923076923077,climax
1136,climax_w2,27,9,14,4,0.3333333333333333,0.2857142857142857,climax
1137,climax_w2,47,14,19,5,0.2978723404255319,0.2631578947368421,climax
1138,climax_w2,78,32,39,16,0.41025641025641024,0.41025641025641024,climax
1139,climax_w2,41,15,14,5,0.36585365853658536,0.35714285714285715,climax
1140,climax_w2,143,74,68,35,0.5174825174825175,0.5147058823529411,climax
1141,climax_w2,77,37,34,18,0.4805194805194805,0.5294117647058824,climax
1142,climax_w2,95,56,45,28,0.5894736842105263,0.6222222222222222,climax
1143,climax_w2,209,120,91,51,0.5741626794258373,0.5604395604395604,climax
1144,climax_w2,36,10,17,5,0.2777777777777778,0.29411764705882354,climax
1145,climax_w2,82,38,41,17,0.4634146341463415,0.4146341463414634,climax
1146,climax_w2,72,47,26,17,0.6527777777777778,0.6538461538461539,climax
1147,climax_w2,28,16,14,8,0.5714285714285714,0.5714285714285714,climax
1148,climax_w2,60,30,31,15,0.5,0.4838709677419355,climax
1149,climax_w2,91,50,42,24,0.5494505494505495,0.5714285714285714,climax
1150,climax_w2,49,22,22,9,0.4489795918367347,0.4090909090909091,climax
1151,climax_w2,31,10,16,5,0.3225806451612903,0.3125,climax
1152,climax_w2,47,27,19,10,0.574468085106383,0.5263157894736842,climax
1153,climax_w2,25,20,13,10,0.8,0.7692307692307693,climax
1154,climax_w2,72,23,25,8,0.3194444444444444,0.32,climax
1155,climax_w2,23,13,11,7,0.5652173913043478,0.6363636363636364,climax
1156,climax_w2,118,47,47,19,0.3983050847457627,0.40425531914893614,climax
1157,climax_w2,45,17,24,8,0.37777777777777777,0.3333333333333333,climax
1158,climax_w2,53,21,28,11,0.39622641509433965,0.39285714285714285,climax
1159,climax_w2,37,8,22,4,0.21621621621621623,0.18181818181818182,climax
1160,climax_w2,32,17,14,8,0.53125,0.5714285714285714,climax
1161,climax_w2,57,21,19,7,0.3684210526315789,0.3684210526315789,climax
1162,climax_w2,51,20,22,9,0.39215686274509803,0.4090909090909091,climax
1163,climax_w2,57,41,25,18,0.7192982456140351,0.72,climax
1164,climax_w2,20,9,10,4,0.45,0.4,climax
1165,climax_w2,34,14,19,8,0.4117647058823529,0.42105263157894735,climax
1166,climax_w2,27,8,15,5,0.2962962962962963,0.3333333333333333,climax
1167,climax_w2,39,19,20,9,0.48717948717948717,0.45,climax
1168,climax_w2,60,27,22,9,0.45,0.4090909090909091,climax
1169,climax_w2,27,12,11,5,0.4444444444444444,0.45454545454545453,climax
1170,climax_w2,36,7,12,3,0.19444444444444445,0.25,climax
1171,climax_w2,36,13,11,4,0.3611111111111111,0.36363636363636365,climax
1172,climax_w2,35,28,17,14,0.8,0.8235294117647058,climax
1173,climax_w2,50,30,25,15,0.6,0.6,climax
1174,climax_w2,37,29,12,9,0.7837837837837838,0.75,climax
1175,climax_w2,58,34,29,18,0.5862068965517241,0.6206896551724138,climax
1176,climax_w2,24,9,13,4,0.375,0.3076923076923077,climax
1177,climax_w2,31,19,15,9,0.6129032258064516,0.6,climax
1178,climax_w2,48,15,20,7,0.3125,0.35,climax
1179,climax_w2,13,5,6,2,0.38461538461538464,0.3333333333333333,climax
1180,climax_w2,26,13,10,5,0.5,0.5,climax
1181,climax_w2,44,24,22,12,0.5454545454545454,0.5454545454545454,climax
1182,climax_w2,32,23,17,12,0.71875,0.7058823529411765,climax
1183,climax_w2,8,5,5,3,0.625,0.6,climax
1184,climax_w2,34,20,14,8,0.5882352941176471,0.5714285714285714,climax
1185,climax_w2,32,18,15,8,0.5625,0.5333333333333333,climax
1186,climax_w2,26,16,19,11,0.6153846153846154,0.5789473684210527,climax
1187,climax_w2,16,11,7,5,0.6875,0.7142857142857143,climax
1188,climax_w2,64,30,23,12,0.46875,0.5217391304347826,climax
1189,climax_w2,54,42,23,15,0.7777777777777778,0.6521739130434783,climax
1190,climax_w2,10,5,4,2,0.5,0.5,climax
1191,climax_w2,93,33,38,14,0.3548387096774194,0.3684210526315789,climax
1192,climax_w2,19,13,12,8,0.6842105263157895,0.6666666666666666,climax
1193,climax_w2,14,7,8,5,0.5,0.625,climax
1194,climax_w2,14,11,6,5,0.7857142857142857,0.8333333333333334,climax
1195,climax_w2,16,6,5,2,0.375,0.4,climax
1196,climax_w2,24,10,10,4,0.4166666666666667,0.4,climax
1197,climax_w2,64,30,23,12,0.46875,0.5217391304347826,climax
1198,climax_w2,28,9,10,4,0.32142857142857145,0.4,climax
1199,climax_w2,53,39,23,16,0.7358490566037735,0.6956521739130435,climax
1200,climax_w2,23,10,14,5,0.43478260869565216,0.35714285714285715,climax
1201,climax_w2,17,4,9,4,0.23529411764705882,0.4444444444444444,climax
1202,climax_w2,81,31,33,13,0.38271604938271603,0.3939393939393939,climax
1203,climax_w2,19,14,11,8,0.7368421052631579,0.7272727272727273,climax
1204,climax_w2,37,23,17,10,0.6216216216216216,0.5882352941176471,climax
1205,climax_w2,10,9,5,4,0.9,0.8,climax
1206,climax_w2,26,12,9,4,0.46153846153846156,0.4444444444444444,climax
1207,climax_w2,39,12,18,5,0.3076923076923077,0.2777777777777778,climax
1208,climax_w2,76,30,31,13,0.39473684210526316,0.41935483870967744,climax
1209,climax_w2,45,14,20,6,0.3111111111111111,0.3,climax
1210,climax_w2,26,21,13,10,0.8076923076923077,0.7692307692307693,climax
1211,climax_w2,24,13,12,6,0.5416666666666666,0.5,climax
1212,climax_w2,21,19,12,10,0.9047619047619048,0.8333333333333334,climax
1213,climax_w2,19,16,6,5,0.8421052631578947,0.8333333333333334,climax
1214,climax_w2,46,22,21,10,0.4782608695652174,0.47619047619047616,climax
1215,climax_w2,20,11,11,6,0.55,0.5454545454545454,climax
1216,climax_w2,24,19,10,8,0.7916666666666666,0.8,climax
1217,climax_w2,25,15,14,9,0.6,0.6428571428571429,climax
1218,climax_w2,29,13,12,5,0.4482758620689655,0.4166666666666667,climax
1219,climax_w2,36,20,17,10,0.5555555555555556,0.5882352941176471,climax
1220,climax_w2,49,23,24,13,0.46938775510204084,0.5416666666666666,climax
1221,climax_w2,12,7,5,3,0.5833333333333334,0.6,climax
1222,climax_w2,54,33,32,21,0.6111111111111112,0.65625,climax
1223,climax_w2,45,16,22,10,0.35555555555555557,0.45454545454545453,climax
1224,climax_w2,22,10,9,4,0.45454545454545453,0.4444444444444444,climax
1225,climax_w2,17,13,7,6,0.7647058823529411,0.8571428571428571,climax
1226,climax_w2,24,16,10,6,0.6666666666666666,0.6,climax
1227,climax_w2,60,27,22,9,0.45,0.4090909090909091,climax
1228,climax_w2,50,24,22,8,0.48,0.36363636363636365,climax
1229,climax_w2,55,39,23,16,0.7090909090909091,0.6956521739130435,climax
1230,climax_w2,71,44,29,19,0.6197183098591549,0.6551724137931034,climax
1231,climax_w2,42,19,18,8,0.4523809523809524,0.4444444444444444,climax
1232,climax_w2,40,25,18,11,0.625,0.6111111111111112,climax
1233,climax_w2,25,17,9,7,0.68,0.7777777777777778,climax
1234,climax_w2,14,10,6,5,0.7142857142857143,0.8333333333333334,climax
1235,climax_w2,21,13,10,7,0.6190476190476191,0.7,climax
1236,climax_w2,19,10,11,5,0.5263157894736842,0.45454545454545453,climax
1237,climax_w2,25,17,12,8,0.68,0.6666666666666666,climax
1238,climax_w2,19,8,6,2,0.42105263157894735,0.3333333333333333,climax
1239,climax_w2,18,11,6,4,0.6111111111111112,0.6666666666666666,climax
1240,climax_w2,11,4,7,2,0.36363636363636365,0.2857142857142857,climax
1241,climax_w2,39,25,15,10,0.6410256410256411,0.6666666666666666,climax
1242,climax_w2,23,11,14,7,0.4782608695652174,0.5,climax
1243,climax_w2,16,5,5,2,0.3125,0.4,climax
1244,climax_w2,28,16,12,7,0.5714285714285714,0.5833333333333334,climax
1245,climax_w2,13,9,7,5,0.6923076923076923,0.7142857142857143,climax
1246,climax_w2,48,33,26,18,0.6875,0.6923076923076923,climax
1247,climax_w2,27,13,10,5,0.48148148148148145,0.5,climax
1248,climax_w2,15,11,7,5,0.7333333333333333,0.7142857142857143,climax
1249,climax_w2,26,10,10,4,0.38461538461538464,0.4,climax
1250,climax_w2,18,13,7,5,0.7222222222222222,0.7142857142857143,climax
1251,climax_w2,11,4,8,2,0.36363636363636365,0.25,climax
1252,climax_w2,31,16,15,8,0.5161290322580645,0.5333333333333333,climax
1253,climax_w2,19,8,7,2,0.42105263157894735,0.2857142857142857,climax
1254,climax_w2,33,12,13,4,0.36363636363636365,0.3076923076923077,climax
1255,climax_w2,31,12,21,7,0.3870967741935484,0.3333333333333333,climax
1256,climax_w2,33,20,24,14,0.6060606060606061,0.5833333333333334,climax
1257,climax_w2,14,10,9,6,0.7142857142857143,0.6666666666666666,climax
1258,climax_w2,23,11,8,3,0.4782608695652174,0.375,climax
1259,climax_w2,32,27,10,8,0.84375,0.8,climax
1260,climax_w2,21,9,9,5,0.42857142857142855,0.5555555555555556,climax
1261,climax_w2,22,14,10,7,0.6363636363636364,0.7,climax
1262,climax_w2,18,3,7,1,0.16666666666666666,0.14285714285714285,climax
1263,climax_w2,24,18,10,6,0.75,0.6,climax
1264,climax_w2,21,10,8,5,0.47619047619047616,0.625,climax
1265,climax_w2,61,31,15,8,0.5081967213114754,0.5333333333333333,climax
1266,climax_w2,6,3,3,1,0.5,0.3333333333333333,climax
1267,climax_w2,11,6,7,4,0.5454545454545454,0.5714285714285714,climax
1268,climax_w2,23,14,6,4,0.6086956521739131,0.6666666666666666,climax
1269,climax_w2,10,8,6,5,0.8,0.8333333333333334,climax
1270,climax_w2,6,4,3,2,0.6666666666666666,0.6666666666666666,climax
1271,climax_w2,13,7,11,5,0.5384615384615384,0.45454545454545453,climax
1272,climax_w2,3,3,1,1,1.0,1.0,climax
1273,climax_w2,15,10,5,3,0.6666666666666666,0.6,climax
1274,climax_w2,33,25,13,8,0.7575757575757576,0.6153846153846154,climax
1275,climax_w2,51,30,17,11,0.5882352941176471,0.6470588235294118,climax
1276,climax_w2,16,8,8,4,0.5,0.5,climax
1277,aftermath_jun-jul,155,54,78,25,0.34838709677419355,0.32051282051282054,other
1278,aftermath_jun-jul,51,30,30,19,0.5882352941176471,0.6333333333333333,other
1279,climax_w2,38,13,12,5,0.34210526315789475,0.4166666666666667,climax
1280,aftermath_jun-jul,13,7,4,2,0.5384615384615384,0.5,other
1281,climax_w2,17,5,8,2,0.29411764705882354,0.25,climax
1282,aftermath_jun-jul,14,6,9,3,0.42857142857142855,0.3333333333333333,other
1283,climax_w2,47,16,22,10,0.3404255319148936,0.45454545454545453,climax
1284,climax_w2,14,6,8,3,0.42857142857142855,0.375,climax
1285,climax_w2,9,6,5,3,0.6666666666666666,0.6,climax
1286,climax_w2,21,13,10,7,0.6190476190476191,0.7,climax
1287,aftermath_jun-jul,22,14,10,7,0.6363636363636364,0.7,other
1288,aftermath_jun-jul,12,6,4,2,0.5,0.5,other
1289,climax_w2,14,6,9,3,0.42857142857142855,0.3333333333333333,climax
1290,climax_w2,68,41,26,16,0.6029411764705882,0.6153846153846154,climax
1291,climax_w2,23,16,9,5,0.6956521739130435,0.5555555555555556,climax
1292,climax_w2,16,5,7,2,0.3125,0.2857142857142857,climax
1293,aftermath_jun-jul,12,3,6,1,0.25,0.16666666666666666,other
1294,aftermath_jun-jul,19,13,7,5,0.6842105263157895,0.7142857142857143,other
1295,climax_w2,47,38,23,17,0.8085106382978723,0.7391304347826086,climax
1296,aftermath_jun-jul,54,35,21,13,0.6481481481481481,0.6190476190476191,other
1297,climax_w2,19,10,11,5,0.5263157894736842,0.45454545454545453,climax
1298,climax_w2,37,8,15,3,0.21621621621621623,0.2,climax
1299,climax_w2,48,35,20,15,0.7291666666666666,0.75,climax
1300,aftermath_jun-jul,24,10,8,3,0.4166666666666667,0.375,other
1301,climax_w2,28,17,9,5,0.6071428571428571,0.5555555555555556,climax
1302,climax_w2,39,28,15,12,0.717948717948718,0.8,climax
1303,climax_w2,26,10,10,4,0.38461538461538464,0.4,climax
1304,climax_w2,48,32,19,12,0.6666666666666666,0.631578947368421,climax
1305,aftermath_jun-jul,31,9,12,4,0.2903225806451613,0.3333333333333333,other
1306,aftermath_jun-jul,28,10,14,5,0.35714285714285715,0.35714285714285715,other
1307,aftermath_jun-jul,21,7,11,3,0.3333333333333333,0.2727272727272727,other
1308,climax_w2,19,11,7,4,0.5789473684210527,0.5714285714285714,climax
1309,aftermath_jun-jul,39,15,14,5,0.38461538461538464,0.35714285714285715,other
1310,climax_w2,26,12,10,4,0.46153846153846156,0.4,climax
1311,aftermath_jun-jul,38,15,16,6,0.39473684210526316,0.375,other
1312,climax_w2,17,11,11,7,0.6470588235294118,0.6363636363636364,climax
1313,aftermath_jun-jul,18,6,8,2,0.3333333333333333,0.25,other
1314,climax_w2,36,14,16,6,0.3888888888888889,0.375,climax
1315,aftermath_jun-jul,6,3,4,2,0.5,0.5,other
1316,climax_w2,17,2,8,1,0.11764705882352941,0.125,climax
1317,aftermath_jun-jul,16,8,8,4,0.5,0.5,other
1318,aftermath_jun-jul,46,22,19,9,0.4782608695652174,0.47368421052631576,other
1319,aftermath_jun-jul,27,5,12,2,0.18518518518518517,0.16666666666666666,other
1320,climax_w2,15,9,9,5,0.6,0.5555555555555556,climax
1321,climax_w2,26,16,13,8,0.6153846153846154,0.6153846153846154,climax
1322,aftermath_jun-jul,14,11,9,6,0.7857142857142857,0.6666666666666666,other
1323,climax_w2,21,9,11,5,0.42857142857142855,0.45454545454545453,climax
1324,climax_w2,22,11,12,5,0.5,0.4166666666666667,climax
1325,climax_w2,12,10,7,5,0.8333333333333334,0.7142857142857143,climax
1326,climax_w2,19,7,11,3,0.3684210526315789,0.2727272727272727,climax
1327,climax_w2,36,13,23,8,0.3611111111111111,0.34782608695652173,climax
1328,climax_w2,26,15,12,7,0.5769230769230769,0.5833333333333334,climax
1329,climax_w2,26,9,11,5,0.34615384615384615,0.45454545454545453,climax
1330,climax_w2,26,15,12,7,0.5769230769230769,0.5833333333333334,climax
1331,aftermath_jun-jul,13,5,5,2,0.38461538461538464,0.4,other
1332,climax_w2,13,10,10,7,0.7692307692307693,0.7,climax
1333,aftermath_jun-jul,21,9,10,5,0.42857142857142855,0.5,other
1334,aftermath_jun-jul,9,3,3,1,0.3333333333333333,0.3333333333333333,other
1335,aftermath_jun-jul,25,12,10,5,0.48,0.5,other
1336,aftermath_jun-jul,12,9,5,4,0.75,0.8,other
1337,aftermath_jun-jul,35,18,14,5,0.5142857142857142,0.35714285714285715,other
1338,aftermath_jun-jul,14,9,9,5,0.6428571428571429,0.5555555555555556,other
1339,aftermath_jun-jul,17,6,7,3,0.35294117647058826,0.42857142857142855,other
1340,climax_w2,42,14,12,4,0.3333333333333333,0.3333333333333333,climax
1341,climax_w2,22,7,7,2,0.3181818181818182,0.2857142857142857,climax
1342,climax_w2,17,6,7,3,0.35294117647058826,0.42857142857142855,climax
1343,aftermath_jun-jul,46,31,16,10,0.6739130434782609,0.625,other
1344,aftermath_jun-jul,24,10,10,4,0.4166666666666667,0.4,other
1345,climax_w2,15,7,12,6,0.4666666666666667,0.5,climax
1346,climax_w2,10,6,6,4,0.6,0.6666666666666666,climax
1347,aftermath_jun-jul,6,4,3,2,0.6666666666666666,0.6666666666666666,other
1348,climax_w2,28,23,14,12,0.8214285714285714,0.8571428571428571,climax
1349,aftermath_jun-jul,28,24,16,14,0.8571428571428571,0.875,other
1350,climax_w2,55,16,16,5,0.2909090909090909,0.3125,climax
1351,climax_w2,14,7,5,2,0.5,0.4,climax
1352,climax_w2,25,12,14,6,0.48,0.42857142857142855,climax
1353,aftermath_jun-jul,77,47,46,30,0.6103896103896104,0.6521739130434783,other
1354,climax_w2,6,2,4,1,0.3333333333333333,0.25,climax
1355,climax_w2,15,10,5,3,0.6666666666666666,0.6,climax
1356,climax_w2,15,9,8,4,0.6,0.5,climax
1357,climax_w2,52,18,25,10,0.34615384615384615,0.4,climax
1358,aftermath_jun-jul,41,18,25,10,0.43902439024390244,0.4,other
1359,aftermath_jun-jul,83,14,26,6,0.1686746987951807,0.23076923076923078,other
1360,aftermath_jun-jul,21,10,9,4,0.47619047619047616,0.4444444444444444,other
1361,aftermath_jun-jul,33,8,13,3,0.24242424242424243,0.23076923076923078,other
1362,aftermath_jun-jul,38,5,16,2,0.13157894736842105,0.125,other
1363,climax_w2,48,17,27,10,0.3541666666666667,0.37037037037037035,climax
1364,climax_w2,55,23,24,10,0.41818181818181815,0.4166666666666667,climax
1365,climax_w2,186,68,81,29,0.3655913978494624,0.35802469135802467,climax
1366,climax_w2,75,25,36,11,0.3333333333333333,0.3055555555555556,climax
1367,aftermath_jun-jul,66,20,28,9,0.30303030303030304,0.32142857142857145,other
1368,aftermath_jun-jul,75,31,38,15,0.41333333333333333,0.39473684210526316,other
1369,aftermath_jun-jul,15,10,9,6,0.6666666666666666,0.6666666666666666,other
1370,climax_w2,58,22,29,9,0.3793103448275862,0.3103448275862069,climax
1371,aftermath_jun-jul,60,24,27,10,0.4,0.37037037037037035,other
1372,aftermath_jun-jul,41,20,13,6,0.4878048780487805,0.46153846153846156,other
1373,aftermath_jun-jul,58,20,32,12,0.3448275862068966,0.375,other
1374,aftermath_jun-jul,69,29,27,11,0.42028985507246375,0.4074074074074074,other
1375,aftermath_jun-jul,41,14,17,6,0.34146341463414637,0.35294117647058826,other
1376,aftermath_jun-jul,143,49,64,22,0.34265734265734266,0.34375,other
1377,aftermath_jun-jul,92,38,43,15,0.41304347826086957,0.3488372093023256,other
1378,climax_w2,94,55,44,27,0.5851063829787234,0.6136363636363636,climax
1379,climax_w2,79,39,37,20,0.4936708860759494,0.5405405405405406,climax
1380,climax_w2,74,41,36,21,0.5540540540540541,0.5833333333333334,climax
1381,aftermath_jun-jul,49,18,22,7,0.3673469387755102,0.3181818181818182,other
1382,climax_w2,61,33,22,11,0.5409836065573771,0.5,climax
1383,climax_w2,102,53,49,27,0.5196078431372549,0.5510204081632653,climax
1384,aftermath_jun-jul,40,14,23,10,0.35,0.43478260869565216,other
1385,aftermath_jun-jul,33,17,12,6,0.5151515151515151,0.5,other
1386,aftermath_jun-jul,61,14,36,9,0.22950819672131148,0.25,other
1387,climax_w2,60,14,37,9,0.23333333333333334,0.24324324324324326,climax
1388,aftermath_jun-jul,28,9,14,5,0.32142857142857145,0.35714285714285715,other
1389,climax_w2,93,44,42,21,0.4731182795698925,0.5,climax
1390,aftermath_jun-jul,100,39,39,16,0.39,0.41025641025641024,other
1391,climax_w2,100,39,39,16,0.39,0.41025641025641024,climax
1392,climax_w2,98,34,37,13,0.3469387755102041,0.35135135135135137,climax
1393,climax_w2,62,27,29,12,0.43548387096774194,0.41379310344827586,climax
1394,aftermath_jun-jul,99,39,39,16,0.3939393939393939,0.41025641025641024,other
1395,climax_w2,30,7,10,2,0.23333333333333334,0.2,climax
1396,climax_w2,47,22,23,10,0.46808510638297873,0.43478260869565216,climax
1397,climax_w2,24,13,13,7,0.5416666666666666,0.5384615384615384,climax
1398,climax_w2,69,34,40,20,0.4927536231884058,0.5,climax
1399,climax_w2,53,24,36,16,0.4528301886792453,0.4444444444444444,climax
1400,climax_w2,24,18,12,9,0.75,0.75,climax
1401,aftermath_jun-jul,90,37,49,19,0.4111111111111111,0.3877551020408163,other
1402,climax_w2,83,30,31,12,0.3614457831325301,0.3870967741935484,climax
1403,climax_w2,44,24,21,11,0.5454545454545454,0.5238095238095238,climax
1404,climax_w2,78,45,34,20,0.5769230769230769,0.5882352941176471,climax
1405,climax_w2,69,31,32,15,0.4492753623188406,0.46875,climax
1406,aftermath_jun-jul,53,24,36,16,0.4528301886792453,0.4444444444444444,other
1407,aftermath_jun-jul,21,10,12,5,0.47619047619047616,0.4166666666666667,other
1408,climax_w2,47,25,21,11,0.5319148936170213,0.5238095238095238,climax
1409,climax_w2,70,16,25,9,0.22857142857142856,0.36,climax
1410,aftermath_jun-jul,56,16,25,9,0.2857142857142857,0.36,other
1411,climax_w2,42,19,19,9,0.4523809523809524,0.47368421052631576,climax
1412,climax_w2,37,8,21,4,0.21621621621621623,0.19047619047619047,climax
1413,aftermath_jun-jul,125,52,57,22,0.416,0.38596491228070173,other
1414,climax_w2,66,21,28,10,0.3181818181818182,0.35714285714285715,climax
1415,climax_w2,55,16,16,5,0.2909090909090909,0.3125,climax
1416,climax_w2,35,21,17,10,0.6,0.5882352941176471,climax
1417,climax_w2,20,7,14,5,0.35,0.35714285714285715,climax
1418,aftermath_jun-jul,62,21,19,7,0.3387096774193548,0.3684210526315789,other
1419,climax_w2,64,31,29,12,0.484375,0.41379310344827586,climax
1420,aftermath_jun-jul,57,38,25,17,0.6666666666666666,0.68,other
1421,climax_w2,64,37,27,13,0.578125,0.48148148148148145,climax
1422,climax_w2,21,9,12,6,0.42857142857142855,0.5,climax
1423,climax_w2,47,18,18,8,0.3829787234042553,0.4444444444444444,climax
1424,aftermath_jun-jul,55,25,29,14,0.45454545454545453,0.4827586206896552,other
1425,climax_w2,51,29,26,16,0.5686274509803921,0.6153846153846154,climax
1426,climax_w2,118,70,59,33,0.5932203389830508,0.559322033898305,climax
1427,aftermath_jun-jul,33,6,11,3,0.18181818181818182,0.2727272727272727,other
1428,aftermath_jun-jul,107,41,44,18,0.38317757009345793,0.4090909090909091,other
1429,aftermath_jun-jul,29,17,17,10,0.5862068965517241,0.5882352941176471,other
1430,climax_w2,106,44,46,20,0.41509433962264153,0.43478260869565216,climax
1431,aftermath_jun-jul,22,10,10,5,0.45454545454545453,0.5,other
1432,aftermath_jun-jul,61,27,23,11,0.4426229508196721,0.4782608695652174,other
1433,aftermath_jun-jul,30,16,10,5,0.5333333333333333,0.5,other
1434,climax_w2,45,27,17,11,0.6,0.6470588235294118,climax
1435,aftermath_jun-jul,36,15,10,4,0.4166666666666667,0.4,other
1436,climax_w2,51,23,19,10,0.45098039215686275,0.5263157894736842,climax
1437,climax_w2,61,44,22,15,0.7213114754098361,0.6818181818181818,climax
1438,climax_w2,27,8,10,3,0.2962962962962963,0.3,climax
1439,climax_w2,33,17,17,7,0.5151515151515151,0.4117647058823529,climax
1440,aftermath_jun-jul,64,26,24,10,0.40625,0.4166666666666667,other
1441,climax_w2,24,13,16,8,0.5416666666666666,0.5,climax
1442,climax_w2,17,3,9,1,0.17647058823529413,0.1111111111111111,climax
1443,climax_w2,41,17,15,6,0.4146341463414634,0.4,climax
1444,aftermath_jun-jul,67,28,34,15,0.417910447761194,0.4411764705882353,other
1445,climax_w2,68,31,28,12,0.45588235294117646,0.42857142857142855,climax
1446,aftermath_jun-jul,23,15,11,7,0.6521739130434783,0.6363636363636364,other
1447,climax_w2,61,23,33,14,0.3770491803278688,0.42424242424242425,climax
1448,aftermath_jun-jul,22,12,9,5,0.5454545454545454,0.5555555555555556,other
1449,climax_w2,30,14,12,5,0.4666666666666667,0.4166666666666667,climax
1450,aftermath_jun-jul,15,7,7,3,0.4666666666666667,0.42857142857142855,other
1451,aftermath_jun-jul,27,9,13,4,0.3333333333333333,0.3076923076923077,other
1452,aftermath_jun-jul,28,15,12,6,0.5357142857142857,0.5,other
1453,aftermath_jun-jul,46,25,22,13,0.5434782608695652,0.5909090909090909,other
1454,climax_w2,39,13,19,6,0.3333333333333333,0.3157894736842105,climax
1455,climax_w2,28,18,13,7,0.6428571428571429,0.5384615384615384,climax
1456,climax_w2,32,18,12,6,0.5625,0.5,climax
1457,climax_w2,27,13,10,5,0.48148148148148145,0.5,climax
1458,aftermath_jun-jul,32,15,15,7,0.46875,0.4666666666666667,other
1459,aftermath_jun-jul,160,64,100,39,0.4,0.39,other
1460,climax_w2,29,16,20,11,0.5517241379310345,0.55,climax
1461,aftermath_jun-jul,22,11,9,3,0.5,0.3333333333333333,other
1462,climax_w2,66,22,30,11,0.3333333333333333,0.36666666666666664,climax
1463,climax_w2,45,14,20,6,0.3111111111111111,0.3,climax
1464,aftermath_jun-jul,58,28,21,9,0.4827586206896552,0.42857142857142855,other
1465,climax_w2,45,21,19,9,0.4666666666666667,0.47368421052631576,climax
1466,aftermath_jun-jul,22,11,9,4,0.5,0.4444444444444444,other
1467,climax_w2,27,19,15,10,0.7037037037037037,0.6666666666666666,climax
1468,aftermath_jun-jul,37,20,20,12,0.5405405405405406,0.6,other
1469,climax_w2,19,11,7,4,0.5789473684210527,0.5714285714285714,climax
1470,aftermath_jun-jul,35,8,15,3,0.22857142857142856,0.2,other
1471,aftermath_jun-jul,32,18,10,6,0.5625,0.6,other
1472,climax_w2,63,12,18,3,0.19047619047619047,0.16666666666666666,climax
1473,climax_w2,54,19,19,7,0.35185185185185186,0.3684210526315789,climax
1474,climax_w2,25,15,9,5,0.6,0.5555555555555556,climax
1475,climax_w2,32,12,13,5,0.375,0.38461538461538464,climax
1476,climax_w2,32,22,11,7,0.6875,0.6363636363636364,climax
1477,aftermath_jun-jul,22,8,9,3,0.36363636363636365,0.3333333333333333,other
1478,climax_w2,54,23,28,14,0.42592592592592593,0.5,climax
1479,climax_w2,15,9,5,3,0.6,0.6,climax
1480,aftermath_jun-jul,10,4,6,2,0.4,0.3333333333333333,other
1481,climax_w2,65,31,29,13,0.47692307692307695,0.4482758620689655,climax
1482,climax_w2,40,17,16,6,0.425,0.375,climax
1483,aftermath_jun-jul,26,14,13,7,0.5384615384615384,0.5384615384615384,other
1484,aftermath_jun-jul,53,40,21,15,0.7547169811320755,0.7142857142857143,other
1485,climax_w2,34,23,13,9,0.6764705882352942,0.6923076923076923,climax
1486,climax_w2,40,28,16,11,0.7,0.6875,climax
1487,aftermath_jun-jul,52,21,31,12,0.40384615384615385,0.3870967741935484,other
1488,aftermath_jun-jul,41,17,21,9,0.4146341463414634,0.42857142857142855,other
1489,aftermath_jun-jul,50,21,25,10,0.42,0.4,other
1490,aftermath_jun-jul,18,4,7,2,0.2222222222222222,0.2857142857142857,other
1491,aftermath_jun-jul,89,37,42,17,0.4157303370786517,0.40476190476190477,other
1492,aftermath_jun-jul,54,18,17,6,0.3333333333333333,0.35294117647058826,other
1493,aftermath_jun-jul,36,11,16,5,0.3055555555555556,0.3125,other
1494,aftermath_jun-jul,69,33,38,15,0.4782608695652174,0.39473684210526316,other
1495,aftermath_jun-jul,48,28,26,15,0.5833333333333334,0.5769230769230769,other
1496,aftermath_jun-jul,44,19,21,8,0.4318181818181818,0.38095238095238093,other
1497,aftermath_jun-jul,55,21,22,9,0.38181818181818183,0.4090909090909091,other
1498,aftermath_jun-jul,53,23,23,11,0.4339622641509434,0.4782608695652174,other
1499,aftermath_jun-jul,158,64,64,24,0.4050632911392405,0.375,other
1500,aftermath_jun-jul,43,15,21,7,0.3488372093023256,0.3333333333333333,other
1501,aftermath_jun-jul,116,33,43,13,0.28448275862068967,0.3023255813953488,other
1502,aftermath_jun-jul,54,16,32,10,0.2962962962962963,0.3125,other
1503,aftermath_jun-jul,65,31,20,10,0.47692307692307695,0.5,other
1504,aftermath_jun-jul,60,19,26,9,0.31666666666666665,0.34615384615384615,other
1505,aftermath_jun-jul,32,14,16,7,0.4375,0.4375,other
1506,aftermath_jun-jul,69,20,23,7,0.2898550724637681,0.30434782608695654,other
1507,aftermath_jun-jul,79,32,35,13,0.4050632911392405,0.37142857142857144,other
1508,aftermath_jun-jul,80,32,36,13,0.4,0.3611111111111111,other
1509,aftermath_jun-jul,80,32,36,13,0.4,0.3611111111111111,other
1510,aftermath_jun-jul,54,23,26,10,0.42592592592592593,0.38461538461538464,other
1511,aftermath_jun-jul,60,29,24,12,0.48333333333333334,0.5,other
1512,aftermath_jun-jul,60,29,24,12,0.48333333333333334,0.5,other
1513,aftermath_jun-jul,79,20,46,10,0.25316455696202533,0.21739130434782608,other
1514,aftermath_jun-jul,31,15,9,4,0.4838709677419355,0.4444444444444444,other
1515,aftermath_jun-jul,69,28,18,7,0.4057971014492754,0.3888888888888889,other
1516,aftermath_jun-jul,85,37,45,19,0.43529411764705883,0.4222222222222222,other
1517,aftermath_jun-jul,36,11,14,4,0.3055555555555556,0.2857142857142857,other
1518,aftermath_jun-jul,28,12,18,7,0.42857142857142855,0.3888888888888889,other
1519,aftermath_jun-jul,57,25,28,11,0.43859649122807015,0.39285714285714285,other
1520,aftermath_jun-jul,37,17,13,6,0.4594594594594595,0.46153846153846156,other
1521,aftermath_jun-jul,67,29,33,13,0.43283582089552236,0.3939393939393939,other
1522,aftermath_jun-jul,42,16,14,5,0.38095238095238093,0.35714285714285715,other
1523,aftermath_jun-jul,60,27,26,10,0.45,0.38461538461538464,other
1524,aftermath_jun-jul,70,26,40,15,0.37142857142857144,0.375,other
1525,aftermath_jun-jul,53,17,25,8,0.32075471698113206,0.32,other
1526,aftermath_jun-jul,70,26,40,15,0.37142857142857144,0.375,other
1527,aftermath_jun-jul,40,7,19,3,0.175,0.15789473684210525,other
1528,aftermath_jun-jul,43,20,27,12,0.46511627906976744,0.4444444444444444,other
1529,aftermath_jun-jul,33,6,11,3,0.18181818181818182,0.2727272727272727,other
1530,aftermath_jun-jul,50,22,27,13,0.44,0.48148148148148145,other
1531,aftermath_jun-jul,21,8,13,4,0.38095238095238093,0.3076923076923077,other
1532,aftermath_jun-jul,45,20,20,8,0.4444444444444444,0.4,other
1533,aftermath_jun-jul,32,20,17,9,0.625,0.5294117647058824,other
1534,aftermath_jun-jul,31,9,9,3,0.2903225806451613,0.3333333333333333,other
1535,aftermath_jun-jul,44,20,20,8,0.45454545454545453,0.4,other
1536,aftermath_jun-jul,47,21,19,9,0.44680851063829785,0.47368421052631576,other
1537,aftermath_jun-jul,50,28,28,16,0.56,0.5714285714285714,other
1538,aftermath_jun-jul,32,20,17,9,0.625,0.5294117647058824,other
1539,aftermath_jun-jul,58,18,41,13,0.3103448275862069,0.3170731707317073,other
1540,aftermath_jun-jul,36,19,17,8,0.5277777777777778,0.47058823529411764,other
1541,aftermath_jun-jul,37,13,13,5,0.35135135135135137,0.38461538461538464,other
1542,aftermath_jun-jul,48,19,21,9,0.3958333333333333,0.42857142857142855,other
1543,aftermath_jun-jul,24,9,9,3,0.375,0.3333333333333333,other
1544,aftermath_jun-jul,66,27,33,14,0.4090909090909091,0.42424242424242425,other
1545,aftermath_jun-jul,20,2,8,1,0.1,0.125,other
1546,aftermath_jun-jul,50,28,28,16,0.56,0.5714285714285714,other
1547,aftermath_jun-jul,28,15,12,6,0.5357142857142857,0.5,other
1548,aftermath_jun-jul,113,44,37,14,0.3893805309734513,0.3783783783783784,other
1549,aftermath_jun-jul,21,11,8,4,0.5238095238095238,0.5,other
1550,aftermath_jun-jul,52,20,23,9,0.38461538461538464,0.391304347826087,other
1551,aftermath_jun-jul,48,21,19,8,0.4375,0.42105263157894735,other
1552,aftermath_jun-jul,42,17,19,8,0.40476190476190477,0.42105263157894735,other
1553,aftermath_jun-jul,47,23,23,11,0.48936170212765956,0.4782608695652174,other
1554,aftermath_jun-jul,18,12,10,7,0.6666666666666666,0.7,other
1555,aftermath_jun-jul,63,26,25,10,0.4126984126984127,0.4,other
1556,aftermath_jun-jul,52,33,21,12,0.6346153846153846,0.5714285714285714,other
1557,aftermath_jun-jul,61,21,25,9,0.3442622950819672,0.36,other
1558,aftermath_jun-jul,51,31,20,11,0.6078431372549019,0.55,other
1559,aftermath_jun-jul,34,21,21,13,0.6176470588235294,0.6190476190476191,other
1560,aftermath_jun-jul,22,3,9,1,0.13636363636363635,0.1111111111111111,other
1561,aftermath_jun-jul,31,16,12,4,0.5161290322580645,0.3333333333333333,other
1562,aftermath_jun-jul,24,9,13,4,0.375,0.3076923076923077,other
1563,aftermath_jun-jul,34,15,11,5,0.4411764705882353,0.45454545454545453,other
1564,aftermath_jun-jul,30,12,15,5,0.4,0.3333333333333333,other
1565,aftermath_jun-jul,24,13,11,6,0.5416666666666666,0.5454545454545454,other
1566,aftermath_jun-jul,20,12,10,5,0.6,0.5,other
1567,aftermath_jun-jul,12,8,10,6,0.6666666666666666,0.6,other
1568,aftermath_jun-jul,36,16,13,6,0.4444444444444444,0.46153846153846156,other
1569,aftermath_jun-jul,51,24,23,12,0.47058823529411764,0.5217391304347826,other
1570,aftermath_jun-jul,26,11,14,5,0.4230769230769231,0.35714285714285715,other
1571,aftermath_jun-jul,24,12,9,4,0.5,0.4444444444444444,other
1572,aftermath_jun-jul,21,14,11,7,0.6666666666666666,0.6363636363636364,other
1573,aftermath_jun-jul,18,9,9,4,0.5,0.4444444444444444,other
1574,aftermath_jun-jul,17,5,10,4,0.29411764705882354,0.4,other
1575,aftermath_jun-jul,40,12,22,7,0.3,0.3181818181818182,other
1576,aftermath_jun-jul,25,9,12,4,0.36,0.3333333333333333,other
1577,aftermath_jun-jul,21,11,9,4,0.5238095238095238,0.4444444444444444,other
1578,aftermath_jun-jul,30,17,13,8,0.5666666666666667,0.6153846153846154,other
1579,aftermath_jun-jul,46,15,18,6,0.32608695652173914,0.3333333333333333,other
1580,aftermath_jun-jul,14,7,8,4,0.5,0.5,other
1581,aftermath_jun-jul,32,11,14,6,0.34375,0.42857142857142855,other
1582,aftermath_jun-jul,44,31,17,12,0.7045454545454546,0.7058823529411765,other
1583,aftermath_jun-jul,12,7,5,3,0.5833333333333334,0.6,other
1584,aftermath_jun-jul,42,17,15,6,0.40476190476190477,0.4,other
1585,aftermath_jun-jul,21,7,10,3,0.3333333333333333,0.3,other
1586,aftermath_jun-jul,45,17,20,8,0.37777777777777777,0.4,other
1587,aftermath_jun-jul,28,10,14,6,0.35714285714285715,0.42857142857142855,other
1588,aftermath_jun-jul,41,29,16,12,0.7073170731707317,0.75,other
1589,aftermath_jun-jul,29,19,12,8,0.6551724137931034,0.6666666666666666,other
1590,aftermath_jun-jul,5,2,3,1,0.4,0.3333333333333333,other
1591,aftermath_jun-jul,44,22,21,12,0.5,0.5714285714285714,other
1592,aftermath_jun-jul,7,5,3,2,0.7142857142857143,0.6666666666666666,other
1593,aftermath_jun-jul,44,17,20,8,0.38636363636363635,0.4,other
1594,aftermath_jun-jul,56,21,17,6,0.375,0.35294117647058826,other
1595,aftermath_jun-jul,28,13,14,7,0.4642857142857143,0.5,other
1596,aftermath_jun-jul,23,13,12,7,0.5652173913043478,0.5833333333333334,other
1597,aftermath_jun-jul,17,7,11,5,0.4117647058823529,0.45454545454545453,other
1598,aftermath_jun-jul,68,44,29,17,0.6470588235294118,0.5862068965517241,other
1599,aftermath_jun-jul,30,18,16,10,0.6,0.625,other
1600,aftermath_jun-jul,16,11,8,6,0.6875,0.75,other
1601,aftermath_jun-jul,12,9,7,5,0.75,0.7142857142857143,other
1602,aftermath_jun-jul,17,11,8,5,0.6470588235294118,0.625,other
1603,aftermath_jun-jul,18,6,9,3,0.3333333333333333,0.3333333333333333,other
1604,aftermath_jun-jul,16,2,6,1,0.125,0.16666666666666666,other
1605,aftermath_jun-jul,15,9,6,3,0.6,0.5,other
1606,aftermath_jun-jul,34,16,16,7,0.47058823529411764,0.4375,other
1607,aftermath_jun-jul,20,8,11,5,0.4,0.45454545454545453,other
1608,aftermath_jun-jul,19,6,10,3,0.3157894736842105,0.3,other
1609,aftermath_jun-jul,11,7,6,4,0.6363636363636364,0.6666666666666666,other
1610,aftermath_jun-jul,31,16,19,9,0.5161290322580645,0.47368421052631576,other
1611,aftermath_jun-jul,15,3,6,1,0.2,0.16666666666666666,other
1612,aftermath_jun-jul,48,30,19,11,0.625,0.5789473684210527,other
1613,aftermath_jun-jul,8,2,4,1,0.25,0.25,other
1614,aftermath_jun-jul,33,13,10,4,0.3939393939393939,0.4,other
1615,aftermath_jun-jul,18,10,8,5,0.5555555555555556,0.625,other
1616,aftermath_jun-jul,24,5,11,2,0.20833333333333334,0.18181818181818182,other
1617,aftermath_jun-jul,24,5,11,2,0.20833333333333334,0.18181818181818182,other
1618,aftermath_jun-jul,33,14,13,7,0.42424242424242425,0.5384615384615384,other
1619,aftermath_jun-jul,17,6,12,5,0.35294117647058826,0.4166666666666667,other
1620,aftermath_jun-jul,28,9,14,4,0.32142857142857145,0.2857142857142857,other
1621,aftermath_jun-jul,19,10,10,5,0.5263157894736842,0.5,other
1622,aftermath_jun-jul,12,8,8,5,0.6666666666666666,0.625,other
1623,aftermath_jun-jul,7,4,4,2,0.5714285714285714,0.5,other
1624,aftermath_jun-jul,26,16,13,8,0.6153846153846154,0.6153846153846154,other
1625,aftermath_jun-jul,16,7,6,2,0.4375,0.3333333333333333,other
1626,aftermath_jun-jul,11,7,8,4,0.6363636363636364,0.5,other
1627,aftermath_jun-jul,33,15,17,8,0.45454545454545453,0.47058823529411764,other
1628,aftermath_jun-jul,11,7,6,3,0.6363636363636364,0.5,other
1629,aftermath_jun-jul,18,10,9,4,0.5555555555555556,0.4444444444444444,other
1630,aftermath_jun-jul,28,10,17,7,0.35714285714285715,0.4117647058823529,other
1631,aftermath_jun-jul,9,5,5,3,0.5555555555555556,0.6,other
1632,aftermath_jun-jul,38,28,17,12,0.7368421052631579,0.7058823529411765,other
1633,aftermath_jun-jul,38,28,17,12,0.7368421052631579,0.7058823529411765,other
1634,aftermath_jun-jul,18,8,10,4,0.4444444444444444,0.4,other
1635,aftermath_jun-jul,38,28,17,12,0.7368421052631579,0.7058823529411765,other
1636,aftermath_jun-jul,56,40,39,27,0.7142857142857143,0.6923076923076923,other
1637,aftermath_jun-jul,36,13,20,8,0.3611111111111111,0.4,other
1638,aftermath_jun-jul,23,17,16,10,0.7391304347826086,0.625,other
1639,aftermath_jun-jul,43,28,15,9,0.6511627906976745,0.6,other
1640,aftermath_jun-jul,36,13,20,8,0.3611111111111111,0.4,other
1641,aftermath_jun-jul,11,6,5,2,0.5454545454545454,0.4,other
1642,aftermath_jun-jul,23,5,13,4,0.21739130434782608,0.3076923076923077,other
1643,aftermath_jun-jul,28,19,14,10,0.6785714285714286,0.7142857142857143,other
1644,aftermath_jun-jul,10,3,7,2,0.3,0.2857142857142857,other
1645,aftermath_jun-jul,35,17,14,7,0.4857142857142857,0.5,other
1646,aftermath_jun-jul,27,18,13,9,0.6666666666666666,0.6923076923076923,other
1647,aftermath_jun-jul,43,15,13,5,0.3488372093023256,0.38461538461538464,other
1648,aftermath_jun-jul,25,17,11,8,0.68,0.7272727272727273,other
1649,aftermath_jun-jul,30,11,10,3,0.36666666666666664,0.3,other
1650,aftermath_jun-jul,25,19,10,8,0.76,0.8,other
1651,aftermath_jun-jul,11,7,7,4,0.6363636363636364,0.5714285714285714,other
1652,aftermath_jun-jul,16,2,7,1,0.125,0.14285714285714285,other
1653,aftermath_jun-jul,4,2,2,1,0.5,0.5,other
1654,aftermath_jun-jul,10,6,5,3,0.6,0.6,other
1655,aftermath_jun-jul,16,2,7,1,0.125,0.14285714285714285,other
1656,aftermath_jun-jul,14,4,7,2,0.2857142857142857,0.2857142857142857,other
1657,aftermath_jun-jul,10,5,4,2,0.5,0.5,other
1658,aftermath_jun-jul,15,5,10,3,0.3333333333333333,0.3,other
1659,aftermath_jun-jul,18,5,10,3,0.2777777777777778,0.3,other
1660,aftermath_jun-jul,21,9,8,4,0.42857142857142855,0.5,other
1661,aftermath_jun-jul,42,17,19,8,0.40476190476190477,0.42105263157894735,other
1662,aftermath_jun-jul,10,4,5,2,0.4,0.4,other
1663,aftermath_jun-jul,7,3,5,2,0.42857142857142855,0.4,other
1664,aftermath_jun-jul,19,4,8,2,0.21052631578947367,0.25,other
1665,aftermath_jun-jul,33,9,13,4,0.2727272727272727,0.3076923076923077,other
1666,aftermath_jun-jul,94,47,39,19,0.5,0.48717948717948717,other
1667,aftermath_jun-jul,52,18,29,9,0.34615384615384615,0.3103448275862069,other
1668,aftermath_jun-jul,94,47,39,19,0.5,0.48717948717948717,other
1669,aftermath_jun-jul,59,27,31,13,0.4576271186440678,0.41935483870967744,other
1670,aftermath_jun-jul,37,8,13,2,0.21621621621621623,0.15384615384615385,other
1671,aftermath_jun-jul,51,19,22,8,0.37254901960784315,0.36363636363636365,other
1672,aftermath_jun-jul,62,21,19,7,0.3387096774193548,0.3684210526315789,other
1673,aftermath_jun-jul,20,8,10,4,0.4,0.4,other
1674,aftermath_jun-jul,12,6,7,3,0.5,0.42857142857142855,other
1675,aftermath_jun-jul,22,6,14,4,0.2727272727272727,0.2857142857142857,other
1676,aftermath_jun-jul,67,26,36,14,0.3880597014925373,0.3888888888888889,other
1677,aftermath_jun-jul,68,27,36,14,0.39705882352941174,0.3888888888888889,other
1678,aftermath_jun-jul,43,17,26,10,0.3953488372093023,0.38461538461538464,other
1679,aftermath_jun-jul,30,14,13,6,0.4666666666666667,0.46153846153846156,other
1680,aftermath_jun-jul,14,1,8,1,0.07142857142857142,0.125,other
1681,aftermath_jun-jul,20,5,10,2,0.25,0.2,other
1682,aftermath_jun-jul,28,3,14,1,0.10714285714285714,0.07142857142857142,other
1683,aftermath_jun-jul,29,10,14,4,0.3448275862068966,0.2857142857142857,other
1684,aftermath_jun-jul,29,10,13,5,0.3448275862068966,0.38461538461538464,other
1685,aftermath_jun-jul,45,18,18,6,0.4,0.3333333333333333,other
1686,aftermath_jun-jul,21,5,11,2,0.23809523809523808,0.18181818181818182,other
1687,aftermath_jun-jul,26,5,9,2,0.19230769230769232,0.2222222222222222,other
1688,aftermath_jun-jul,25,15,14,9,0.6,0.6428571428571429,other
1689,aftermath_jun-jul,19,10,12,6,0.5263157894736842,0.5,other
1690,aftermath_jun-jul,37,13,24,8,0.35135135135135137,0.3333333333333333,other
1691,aftermath_jun-jul,16,6,6,2,0.375,0.3333333333333333,other
1692,aftermath_jun-jul,28,10,12,5,0.35714285714285715,0.4166666666666667,other
1693,aftermath_jun-jul,21,14,11,7,0.6666666666666666,0.6363636363636364,other
1694,aftermath_jun-jul,29,16,12,7,0.5517241379310345,0.5833333333333334,other
1695,aftermath_jun-jul,43,23,24,11,0.5348837209302325,0.4583333333333333,other
1696,aftermath_jun-jul,28,13,14,6,0.4642857142857143,0.42857142857142855,other
1697,aftermath_jun-jul,30,14,21,9,0.4666666666666667,0.42857142857142855,other
1698,aftermath_jun-jul,46,22,30,15,0.4782608695652174,0.5,other
1699,aftermath_jun-jul,23,4,11,2,0.17391304347826086,0.18181818181818182,other
1700,aftermath_jun-jul,31,16,12,7,0.5161290322580645,0.5833333333333334,other
1701,aftermath_jun-jul,40,12,29,6,0.3,0.20689655172413793,other
1702,aftermath_jun-jul,31,17,15,7,0.5483870967741935,0.4666666666666667,other
1703,aftermath_jun-jul,9,5,4,2,0.5555555555555556,0.5,other
1704,aftermath_jun-jul,17,10,11,6,0.5882352941176471,0.5454545454545454,other
1705,aftermath_jun-jul,17,11,8,5,0.6470588235294118,0.625,other
1706,aftermath_jun-jul,35,21,20,13,0.6,0.65,other
1707,aftermath_jun-jul,67,43,29,17,0.6417910447761194,0.5862068965517241,other
1708,aftermath_jun-jul,18,6,11,5,0.3333333333333333,0.45454545454545453,other
1709,aftermath_jun-jul,55,43,25,19,0.7818181818181819,0.76,other
1710,aftermath_jun-jul,31,9,13,5,0.2903225806451613,0.38461538461538464,other
1711,aftermath_jun-jul,21,11,12,7,0.5238095238095238,0.5833333333333334,other
1712,aftermath_jun-jul,19,7,7,2,0.3684210526315789,0.2857142857142857,other
1713,aftermath_jun-jul,17,8,8,4,0.47058823529411764,0.5,other
1714,aftermath_jun-jul,31,10,14,4,0.3225806451612903,0.2857142857142857,other
1715,aftermath_jun-jul,29,10,13,4,0.3448275862068966,0.3076923076923077,other
1716,aftermath_jun-jul,22,13,11,7,0.5909090909090909,0.6363636363636364,other
1717,aftermath_jun-jul,25,14,12,7,0.56,0.5833333333333334,other
1718,aftermath_jun-jul,7,7,3,3,1.0,1.0,other
1719,aftermath_jun-jul,30,12,7,2,0.4,0.2857142857142857,other
1720,aftermath_jun-jul,7,5,4,3,0.7142857142857143,0.75,other
1721,aftermath_jun-jul,10,8,5,4,0.8,0.8,other
1722,aftermath_jun-jul,23,17,16,10,0.7391304347826086,0.625,other
1723,aftermath_jun-jul,25,7,11,3,0.28,0.2727272727272727,other
1724,aftermath_jun-jul,25,19,10,8,0.76,0.8,other
1725,aftermath_jun-jul,21,10,12,6,0.47619047619047616,0.5,other
1726,aftermath_jun-jul,5,3,2,1,0.6,0.5,other
1727,aftermath_jun-jul,8,5,4,2,0.625,0.5,other
1728,aftermath_jun-jul,8,5,4,2,0.625,0.5,other
1729,aftermath_jun-jul,15,9,5,3,0.6,0.6,other
1730,aftermath_jun-jul,21,9,8,4,0.42857142857142855,0.5,other
1731,aftermath_jun-jul,8,4,4,2,0.5,0.5,other
1732,aftermath_jun-jul,32,22,10,8,0.6875,0.8,other
1733,aftermath_jun-jul,77,45,43,27,0.5844155844155844,0.627906976744186,other
1734,aftermath_jun-jul,11,7,7,3,0.6363636363636364,0.42857142857142855,other
1735,aftermath_jun-jul,10,6,5,4,0.6,0.8,other
1736,aftermath_jun-jul,45,23,24,12,0.5111111111111111,0.5,other
1737,aftermath_jun-jul,41,23,17,9,0.5609756097560976,0.5294117647058824,other
1738,aftermath_jun-jul,44,19,20,8,0.4318181818181818,0.4,other
1739,aftermath_jun-jul,63,19,24,7,0.30158730158730157,0.2916666666666667,other
1740,aftermath_jun-jul,56,27,26,12,0.48214285714285715,0.46153846153846156,other
1741,aftermath_jun-jul,41,16,17,6,0.3902439024390244,0.35294117647058826,other
1742,aftermath_jun-jul,61,26,22,9,0.4262295081967213,0.4090909090909091,other
1743,aftermath_jun-jul,97,25,41,11,0.25773195876288657,0.2682926829268293,other
1744,aftermath_jun-jul,28,9,14,5,0.32142857142857145,0.35714285714285715,other
1745,aftermath_jun-jul,115,51,53,22,0.4434782608695652,0.41509433962264153,other
1746,aftermath_jun-jul,69,18,35,8,0.2608695652173913,0.22857142857142856,other
1747,aftermath_jun-jul,63,20,31,10,0.31746031746031744,0.3225806451612903,other
1748,aftermath_jun-jul,113,50,52,22,0.4424778761061947,0.4230769230769231,other
1749,aftermath_jun-jul,62,24,34,12,0.3870967741935484,0.35294117647058826,other
1750,aftermath_jun-jul,49,17,25,8,0.3469387755102041,0.32,other
1751,aftermath_jun-jul,39,14,18,6,0.358974358974359,0.3333333333333333,other
1752,aftermath_jun-jul,84,22,41,12,0.2619047619047619,0.2926829268292683,other
1753,aftermath_jun-jul,42,18,15,5,0.42857142857142855,0.3333333333333333,other
1754,aftermath_jun-jul,86,22,42,12,0.2558139534883721,0.2857142857142857,other
1755,aftermath_jun-jul,32,16,14,7,0.5,0.5,other
1756,aftermath_jun-jul,50,18,20,7,0.36,0.35,other
1757,aftermath_jun-jul,22,8,14,5,0.36363636363636365,0.35714285714285715,other
1758,aftermath_jun-jul,55,24,24,9,0.43636363636363634,0.375,other
1759,aftermath_jun-jul,38,18,15,7,0.47368421052631576,0.4666666666666667,other
1760,aftermath_jun-jul,58,18,20,7,0.3103448275862069,0.35,other
1761,aftermath_jun-jul,61,26,27,10,0.4262295081967213,0.37037037037037035,other
1762,aftermath_jun-jul,36,11,18,6,0.3055555555555556,0.3333333333333333,other
1763,aftermath_jun-jul,45,14,15,4,0.3111111111111111,0.26666666666666666,other
1764,aftermath_jun-jul,44,11,21,5,0.25,0.23809523809523808,other
1765,aftermath_jun-jul,77,37,40,20,0.4805194805194805,0.5,other
1766,aftermath_jun-jul,59,26,26,10,0.4406779661016949,0.38461538461538464,other
1767,aftermath_jun-jul,24,13,10,5,0.5416666666666666,0.5,other
1768,aftermath_jun-jul,81,39,41,20,0.48148148148148145,0.4878048780487805,other
1769,aftermath_jun-jul,43,7,19,3,0.16279069767441862,0.15789473684210525,other
1770,aftermath_jun-jul,45,22,20,8,0.4888888888888889,0.4,other
1771,aftermath_jun-jul,29,9,15,4,0.3103448275862069,0.26666666666666666,other
1772,aftermath_jun-jul,36,9,14,3,0.25,0.21428571428571427,other
1773,aftermath_jun-jul,32,13,14,6,0.40625,0.42857142857142855,other
1774,aftermath_jun-jul,61,19,44,14,0.3114754098360656,0.3181818181818182,other
1775,aftermath_jun-jul,56,25,24,11,0.44642857142857145,0.4583333333333333,other
1776,aftermath_jun-jul,49,13,25,6,0.2653061224489796,0.24,other
1777,aftermath_jun-jul,16,10,11,5,0.625,0.45454545454545453,other
1778,aftermath_jun-jul,56,24,20,9,0.42857142857142855,0.45,other
1779,aftermath_jun-jul,51,15,23,8,0.29411764705882354,0.34782608695652173,other
1780,aftermath_jun-jul,26,14,19,10,0.5384615384615384,0.5263157894736842,other
1781,aftermath_jun-jul,23,7,11,3,0.30434782608695654,0.2727272727272727,other
1782,aftermath_jun-jul,56,24,20,9,0.42857142857142855,0.45,other
1783,aftermath_jun-jul,26,8,12,3,0.3076923076923077,0.25,other
1784,aftermath_jun-jul,17,5,8,3,0.29411764705882354,0.375,other
1785,aftermath_jun-jul,59,19,21,6,0.3220338983050847,0.2857142857142857,other
1786,aftermath_jun-jul,32,9,11,3,0.28125,0.2727272727272727,other
1787,aftermath_jun-jul,13,1,7,1,0.07692307692307693,0.14285714285714285,other
1788,aftermath_jun-jul,32,19,20,12,0.59375,0.6,other
1789,aftermath_jun-jul,61,19,20,6,0.3114754098360656,0.3,other
1790,aftermath_jun-jul,33,9,11,3,0.2727272727272727,0.2727272727272727,other
1791,aftermath_jun-jul,24,11,8,4,0.4583333333333333,0.5,other
1792,aftermath_jun-jul,19,11,6,3,0.5789473684210527,0.5,other
1793,aftermath_jun-jul,23,7,15,3,0.30434782608695654,0.2,other
1794,aftermath_jun-jul,43,13,23,7,0.3023255813953488,0.30434782608695654,other
1795,aftermath_jun-jul,8,2,4,1,0.25,0.25,other
1796,aftermath_jun-jul,40,16,12,5,0.4,0.4166666666666667,other
1797,aftermath_jun-jul,17,7,14,6,0.4117647058823529,0.42857142857142855,other
1798,aftermath_jun-jul,27,8,11,3,0.2962962962962963,0.2727272727272727,other
1799,aftermath_jun-jul,60,27,19,9,0.45,0.47368421052631576,other
1800,aftermath_jun-jul,43,12,11,3,0.27906976744186046,0.2727272727272727,other
1801,aftermath_jun-jul,34,18,15,9,0.5294117647058824,0.6,other
1802,aftermath_jun-jul,52,22,18,7,0.4230769230769231,0.3888888888888889,other
1803,aftermath_jun-jul,43,22,22,10,0.5116279069767442,0.45454545454545453,other
1804,aftermath_jun-jul,24,6,12,2,0.25,0.16666666666666666,other
1805,aftermath_jun-jul,46,8,21,2,0.17391304347826086,0.09523809523809523,other
1806,aftermath_jun-jul,20,5,6,1,0.25,0.16666666666666666,other
1807,aftermath_jun-jul,29,18,11,6,0.6206896551724138,0.5454545454545454,other
1808,aftermath_jun-jul,31,11,11,3,0.3548387096774194,0.2727272727272727,other
1809,aftermath_jun-jul,57,23,20,8,0.40350877192982454,0.4,other
1810,aftermath_jun-jul,31,17,12,8,0.5483870967741935,0.6666666666666666,other
1811,aftermath_jun-jul,28,8,13,3,0.2857142857142857,0.23076923076923078,other
1812,aftermath_jun-jul,32,10,10,3,0.3125,0.3,other
1813,aftermath_jun-jul,33,12,11,4,0.36363636363636365,0.36363636363636365,other
1814,aftermath_jun-jul,16,3,5,1,0.1875,0.2,other
1815,aftermath_jun-jul,16,6,9,3,0.375,0.3333333333333333,other
1816,aftermath_jun-jul,26,11,13,5,0.4230769230769231,0.38461538461538464,other
1817,aftermath_jun-jul,33,19,14,8,0.5757575757575758,0.5714285714285714,other
1818,aftermath_jun-jul,15,5,6,2,0.3333333333333333,0.3333333333333333,other
1819,aftermath_jun-jul,24,10,10,4,0.4166666666666667,0.4,other
1820,aftermath_jun-jul,9,7,4,3,0.7777777777777778,0.75,other
1821,aftermath_jun-jul,20,8,14,5,0.4,0.35714285714285715,other
1822,aftermath_jun-jul,29,5,15,3,0.1724137931034483,0.2,other
1823,aftermath_jun-jul,30,11,11,4,0.36666666666666664,0.36363636363636365,other
1824,aftermath_jun-jul,30,9,10,3,0.3,0.3,other
1825,aftermath_jun-jul,21,13,12,7,0.6190476190476191,0.5833333333333334,other
1826,aftermath_jun-jul,26,3,9,1,0.11538461538461539,0.1111111111111111,other
1827,aftermath_jun-jul,31,20,12,7,0.6451612903225806,0.5833333333333334,other
1828,aftermath_jun-jul,20,9,8,3,0.45,0.375,other
1829,aftermath_jun-jul,4,2,2,1,0.5,0.5,other
1830,aftermath_jun-jul,34,20,19,12,0.5882352941176471,0.631578947368421,other
1831,aftermath_jun-jul,47,23,13,6,0.48936170212765956,0.46153846153846156,other
1832,aftermath_jun-jul,17,11,10,8,0.6470588235294118,0.8,other
1833,aftermath_jun-jul,69,32,20,8,0.463768115942029,0.4,other
1834,aftermath_jun-jul,20,10,8,4,0.5,0.5,other
1835,aftermath_jun-jul,15,8,6,4,0.5333333333333333,0.6666666666666666,other
1836,aftermath_jun-jul,30,18,9,5,0.6,0.5555555555555556,other
1837,aftermath_jun-jul,36,25,12,8,0.6944444444444444,0.6666666666666666,other
1838,aftermath_jun-jul,38,17,14,7,0.4473684210526316,0.5,other
1839,aftermath_jun-jul,29,16,14,8,0.5517241379310345,0.5714285714285714,other
1840,aftermath_jun-jul,19,9,5,2,0.47368421052631576,0.4,other
1841,aftermath_jun-jul,18,12,10,6,0.6666666666666666,0.6,other
1842,aftermath_jun-jul,28,9,12,4,0.32142857142857145,0.3333333333333333,other
1843,aftermath_jun-jul,29,16,14,8,0.5517241379310345,0.5714285714285714,other
1844,aftermath_jun-jul,28,16,8,4,0.5714285714285714,0.5,other
1845,aftermath_jun-jul,12,2,8,1,0.16666666666666666,0.125,other
1846,aftermath_jun-jul,26,10,9,3,0.38461538461538464,0.3333333333333333,other
1847,aftermath_jun-jul,26,14,13,7,0.5384615384615384,0.5384615384615384,other
1848,aftermath_jun-jul,24,1,14,1,0.041666666666666664,0.07142857142857142,other
1849,aftermath_jun-jul,38,7,13,3,0.18421052631578946,0.23076923076923078,other
1850,aftermath_jun-jul,30,10,6,2,0.3333333333333333,0.3333333333333333,other
1851,aftermath_jun-jul,24,7,10,3,0.2916666666666667,0.3,other
1852,aftermath_jun-jul,14,7,8,3,0.5,0.375,other
1853,aftermath_jun-jul,18,4,6,2,0.2222222222222222,0.3333333333333333,other
1854,aftermath_jun-jul,14,10,6,4,0.7142857142857143,0.6666666666666666,other
1855,aftermath_jun-jul,20,9,7,3,0.45,0.42857142857142855,other
1856,aftermath_jun-jul,11,7,8,4,0.6363636363636364,0.5,other
1857,aftermath_jun-jul,13,2,7,1,0.15384615384615385,0.14285714285714285,other
1858,aftermath_jun-jul,8,5,3,2,0.625,0.6666666666666666,other
1859,aftermath_jun-jul,17,9,11,6,0.5294117647058824,0.5454545454545454,other
1860,aftermath_jun-jul,18,9,9,5,0.5,0.5555555555555556,other
1861,aftermath_jun-jul,14,7,6,3,0.5,0.5,other
1862,aftermath_jun-jul,18,4,7,2,0.2222222222222222,0.2857142857142857,other
1863,aftermath_jun-jul,13,4,6,2,0.3076923076923077,0.3333333333333333,other
1864,aftermath_jun-jul,40,15,14,5,0.375,0.35714285714285715,other
1865,aftermath_jun-jul,22,11,6,3,0.5,0.5,other
1866,aftermath_jun-jul,22,8,20,7,0.36363636363636365,0.35,other
1867,aftermath_jun-jul,19,8,7,3,0.42105263157894735,0.42857142857142855,other
1868,aftermath_jun-jul,8,4,4,2,0.5,0.5,other
1869,aftermath_jun-jul,23,9,8,3,0.391304347826087,0.375,other
1870,aftermath_jun-jul,9,6,5,4,0.6666666666666666,0.8,other
1871,aftermath_jun-jul,48,40,18,15,0.8333333333333334,0.8333333333333334,other
1872,aftermath_jun-jul,9,3,3,1,0.3333333333333333,0.3333333333333333,other
1873,aftermath_jun-jul,15,6,5,2,0.4,0.4,other
1874,aftermath_jun-jul,15,6,8,3,0.4,0.375,other
1875,aftermath_jun-jul,192,98,98,49,0.5104166666666666,0.5,other
1876,aftermath_jun-jul,17,9,8,3,0.5294117647058824,0.375,other
1877,aftermath_jun-jul,13,7,5,3,0.5384615384615384,0.6,other
1878,aftermath_jun-jul,15,6,5,2,0.4,0.4,other
1879,aftermath_jun-jul,28,13,9,4,0.4642857142857143,0.4444444444444444,other
1880,aftermath_jun-jul,15,6,8,3,0.4,0.375,other
1881,aftermath_jun-jul,19,5,8,3,0.2631578947368421,0.375,other
1882,aftermath_jun-jul,26,8,8,2,0.3076923076923077,0.25,other
1883,aftermath_jun-jul,26,8,8,2,0.3076923076923077,0.25,other
1884,aftermath_jun-jul,11,0,4,0,0.0,0.0,other
1885,aftermath_jun-jul,16,6,7,2,0.375,0.2857142857142857,other
1886,aftermath_jun-jul,17,12,6,4,0.7058823529411765,0.6666666666666666,other
1887,aftermath_jun-jul,11,0,3,0,0.0,0.0,other
1888,aftermath_jun-jul,10,6,3,2,0.6,0.6666666666666666,other
1889,aftermath_jun-jul,19,6,6,1,0.3157894736842105,0.16666666666666666,other
1890,aftermath_jun-jul,11,0,3,0,0.0,0.0,other
1891,aftermath_jun-jul,17,6,6,2,0.35294117647058826,0.3333333333333333,other
1892,aftermath_jun-jul,18,7,7,3,0.3888888888888889,0.42857142857142855,other
1893,aftermath_jun-jul,15,9,4,2,0.6,0.5,other
1894,aftermath_jun-jul,18,2,8,1,0.1111111111111111,0.125,other
1895,aftermath_jun-jul,7,3,3,1,0.42857142857142855,0.3333333333333333,other
1896,aftermath_jun-jul,10,4,6,2,0.4,0.3333333333333333,other
1897,aftermath_jun-jul,27,17,13,7,0.6296296296296297,0.5384615384615384,other
1899,aftermath_jun-jul,43,22,17,10,0.5116279069767442,0.5882352941176471,other
1900,aftermath_jun-jul,44,23,17,10,0.5227272727272727,0.5882352941176471,other
1901,aftermath_jun-jul,6,6,2,2,1.0,1.0,other
1902,aftermath_jun-jul,8,5,5,3,0.625,0.6,other
1903,aftermath_jun-jul,40,12,15,4,0.3,0.26666666666666666,other
1904,aftermath_jun-jul,36,10,19,5,0.2777777777777778,0.2631578947368421,other
1905,aftermath_jun-jul,31,9,14,4,0.2903225806451613,0.2857142857142857,other
1906,aftermath_jun-jul,83,22,33,9,0.26506024096385544,0.2727272727272727,other
1907,aftermath_jun-jul,67,16,37,9,0.23880597014925373,0.24324324324324326,other
1908,aftermath_jun-jul,99,42,55,22,0.42424242424242425,0.4,other
1909,aftermath_jun-jul,93,39,52,21,0.41935483870967744,0.40384615384615385,other
1910,aftermath_jun-jul,49,10,23,3,0.20408163265306123,0.13043478260869565,other
1911,aftermath_jun-jul,64,15,29,6,0.234375,0.20689655172413793,other
1912,aftermath_jun-jul,59,22,31,10,0.3728813559322034,0.3225806451612903,other
1913,aftermath_jun-jul,63,9,23,4,0.14285714285714285,0.17391304347826086,other
1914,aftermath_jun-jul,16,5,7,2,0.3125,0.2857142857142857,other
1915,aftermath_jun-jul,65,10,23,4,0.15384615384615385,0.17391304347826086,other
1916,aftermath_jun-jul,71,8,33,4,0.11267605633802817,0.12121212121212122,other
1917,aftermath_jun-jul,17,5,7,2,0.29411764705882354,0.2857142857142857,other
1918,aftermath_jun-jul,69,8,34,4,0.11594202898550725,0.11764705882352941,other
1919,aftermath_jun-jul,22,8,12,2,0.36363636363636365,0.16666666666666666,other
1920,aftermath_jun-jul,56,12,32,5,0.21428571428571427,0.15625,other
1921,aftermath_jun-jul,56,12,32,5,0.21428571428571427,0.15625,other
1922,aftermath_jun-jul,16,4,8,2,0.25,0.25,other
1923,aftermath_jun-jul,44,18,20,8,0.4090909090909091,0.4,other
1924,aftermath_jun-jul,15,0,5,0,0.0,0.0,other
1925,aftermath_jun-jul,28,5,12,2,0.17857142857142858,0.16666666666666666,other
1926,aftermath_jun-jul,11,5,7,3,0.45454545454545453,0.42857142857142855,other
1927,aftermath_jun-jul,20,6,9,2,0.3,0.2222222222222222,other
1928,aftermath_jun-jul,24,17,10,7,0.7083333333333334,0.7,other
1929,aftermath_jun-jul,12,6,6,3,0.5,0.5,other
1930,aftermath_jun-jul,16,3,7,1,0.1875,0.14285714285714285,other
1931,aftermath_jun-jul,23,16,11,7,0.6956521739130435,0.6363636363636364,other
1932,aftermath_jun-jul,23,16,11,7,0.6956521739130435,0.6363636363636364,other
1933,aftermath_jun-jul,17,3,7,1,0.17647058823529413,0.14285714285714285,other
1934,aftermath_jun-jul,17,4,8,2,0.23529411764705882,0.25,other
1935,aftermath_jun-jul,8,4,5,2,0.5,0.4,other
1936,aftermath_jun-jul,27,8,13,4,0.2962962962962963,0.3076923076923077,other
1937,aftermath_jun-jul,10,9,5,4,0.9,0.8,other
1938,aftermath_jun-jul,10,9,5,4,0.9,0.8,other
1939,aftermath_jun-jul,184,91,95,46,0.4945652173913043,0.4842105263157895,other
1940,aftermath_jun-jul,10,4,3,1,0.4,0.3333333333333333,other
1941,aftermath_jun-jul,10,2,5,1,0.2,0.2,other
1942,aftermath_jun-jul,10,2,5,1,0.2,0.2,other
1943,aftermath_jun-jul,55,23,25,10,0.41818181818181815,0.4,other
1944,aftermath_jun-jul,11,4,4,1,0.36363636363636365,0.25,other
1945,aftermath_jun-jul,15,8,8,3,0.5333333333333333,0.375,other
1946,aftermath_jun-jul,21,18,8,7,0.8571428571428571,0.875,other
1947,aftermath_jun-jul,22,19,8,7,0.8636363636363636,0.875,other
1948,aftermath_jun-jul,7,5,4,3,0.7142857142857143,0.75,other
1949,aftermath_jun-jul,6,2,3,1,0.3333333333333333,0.3333333333333333,other
1950,aftermath_jun-jul,24,9,6,2,0.375,0.3333333333333333,other
1951,aftermath_jun-jul,6,2,3,1,0.3333333333333333,0.3333333333333333,other
1952,aftermath_jun-jul,14,2,7,2,0.14285714285714285,0.2857142857142857,other
1953,aftermath_jun-jul,11,6,5,1,0.5454545454545454,0.2,other
1954,aftermath_aug,50,14,28,7,0.28,0.25,other
1955,aftermath_aug,98,32,39,15,0.32653061224489793,0.38461538461538464,other
1956,aftermath_aug,45,6,19,2,0.13333333333333333,0.10526315789473684,other
1957,aftermath_aug,27,4,8,1,0.14814814814814814,0.125,other
1958,aftermath_aug,61,12,38,7,0.19672131147540983,0.18421052631578946,other
1959,aftermath_aug,61,12,38,7,0.19672131147540983,0.18421052631578946,other
1960,aftermath_aug,38,22,19,12,0.5789473684210527,0.631578947368421,other
1961,aftermath_aug,38,14,13,5,0.3684210526315789,0.38461538461538464,other
1962,aftermath_aug,9,6,4,3,0.6666666666666666,0.75,other
1963,aftermath_aug,36,22,15,9,0.6111111111111112,0.6,other
1964,aftermath_aug,16,10,8,4,0.625,0.5,other
1965,aftermath_aug,20,13,9,5,0.65,0.5555555555555556,other
1966,aftermath_aug,13,3,7,2,0.23076923076923078,0.2857142857142857,other
1967,aftermath_aug,2,2,1,1,1.0,1.0,other
1968,aftermath_aug,20,11,7,4,0.55,0.5714285714285714,other
1969,aftermath_aug,21,11,7,4,0.5238095238095238,0.5714285714285714,other
1970,aftermath_aug,27,8,13,4,0.2962962962962963,0.3076923076923077,other
1971,aftermath_aug,21,13,10,6,0.6190476190476191,0.6,other
1972,aftermath_aug,16,4,6,2,0.25,0.3333333333333333,other
1973,aftermath_aug,11,6,5,3,0.5454545454545454,0.6,other
1974,aftermath_aug,17,5,11,3,0.29411764705882354,0.2727272727272727,other
1975,aftermath_aug,42,11,15,4,0.2619047619047619,0.26666666666666666,other
1976,aftermath_aug,14,10,6,4,0.7142857142857143,0.6666666666666666,other
1977,aftermath_aug,8,2,4,1,0.25,0.25,other
1978,aftermath_aug,13,2,5,1,0.15384615384615385,0.2,other
1979,aftermath_aug,6,3,3,2,0.5,0.6666666666666666,other
1980,aftermath_aug,16,3,5,1,0.1875,0.2,other
1981,aftermath_aug,31,14,12,4,0.45161290322580644,0.3333333333333333,other
1982,aftermath_aug,32,14,12,4,0.4375,0.3333333333333333,other
1983,aftermath_aug,6,1,4,1,0.16666666666666666,0.25,other
1984,aftermath_aug,5,4,3,2,0.8,0.6666666666666666,other
1985,aftermath_aug,9,5,5,3,0.5555555555555556,0.6,other
1986,aftermath_aug,8,3,8,3,0.375,0.375,other
1987,aftermath_aug,8,3,8,3,0.375,0.375,other
1988,aftermath_aug,8,3,8,3,0.375,0.375,other
1989,aftermath_aug,5,2,5,2,0.4,0.4,other
1990,aftermath_aug,14,7,6,3,0.5,0.5,other
1991,aftermath_aug,49,20,19,7,0.40816326530612246,0.3684210526315789,other
1992,aftermath_aug,25,12,9,4,0.48,0.4444444444444444,other
1993,aftermath_aug,23,11,12,6,0.4782608695652174,0.5,other
1994,aftermath_aug,18,7,8,3,0.3888888888888889,0.375,other
1995,aftermath_aug,23,9,10,4,0.391304347826087,0.4,other
1996,aftermath_aug,24,15,9,6,0.625,0.6666666666666666,other
1997,aftermath_aug,27,6,14,3,0.2222222222222222,0.21428571428571427,other
1998,aftermath_aug,25,2,18,1,0.08,0.05555555555555555,other
1999,aftermath_aug,30,8,15,4,0.26666666666666666,0.26666666666666666,other
2000,aftermath_aug,25,11,9,4,0.44,0.4444444444444444,other
2001,aftermath_aug,18,3,9,1,0.16666666666666666,0.1111111111111111,other
2002,aftermath_aug,14,7,6,3,0.5,0.5,other
2003,aftermath_aug,26,0,6,0,0.0,0.0,other
2004,aftermath_aug,40,0,15,0,0.0,0.0,other
2005,aftermath_aug,8,2,4,1,0.25,0.25,other
2006,aftermath_aug,32,15,16,8,0.46875,0.5,other
2007,aftermath_aug,10,0,2,0,0.0,0.0,other
2008,aftermath_aug,9,4,4,2,0.4444444444444444,0.5,other
2009,aftermath_aug,17,9,11,6,0.5294117647058824,0.5454545454545454,other
2010,aftermath_aug,9,2,5,1,0.2222222222222222,0.2,other
2011,aftermath_aug,5,5,2,2,1.0,1.0,other
2012,aftermath_aug,5,5,2,2,1.0,1.0,other
2013,aftermath_aug,18,4,8,1,0.2222222222222222,0.125,other
2014,aftermath_aug,14,4,5,1,0.2857142857142857,0.2,other
2015,aftermath_aug,47,21,21,8,0.44680851063829785,0.38095238095238093,other
2016,aftermath_aug,23,6,7,2,0.2608695652173913,0.2857142857142857,other
2017,aftermath_aug,23,6,7,2,0.2608695652173913,0.2857142857142857,other
2018,aftermath_aug,47,9,20,6,0.19148936170212766,0.3,other
2019,aftermath_aug,65,18,21,6,0.27692307692307694,0.2857142857142857,other
2020,aftermath_aug,20,10,8,4,0.5,0.5,other
2021,aftermath_aug,60,10,17,3,0.16666666666666666,0.17647058823529413,other
2022,aftermath_aug,60,13,21,5,0.21666666666666667,0.23809523809523808,other
2023,aftermath_aug,110,27,37,7,0.24545454545454545,0.1891891891891892,other
2024,aftermath_aug,63,20,26,7,0.31746031746031744,0.2692307692307692,other
2025,aftermath_aug,39,15,13,6,0.38461538461538464,0.46153846153846156,other
2026,aftermath_aug,49,5,20,2,0.10204081632653061,0.1,other
2027,aftermath_aug,79,12,41,6,0.1518987341772152,0.14634146341463414,other
2028,aftermath_aug,39,24,18,11,0.6153846153846154,0.6111111111111112,other
2029,aftermath_aug,53,4,18,1,0.07547169811320754,0.05555555555555555,other
2030,aftermath_aug,63,11,17,3,0.1746031746031746,0.17647058823529413,other
2031,aftermath_aug,43,10,13,3,0.23255813953488372,0.23076923076923078,other
2032,aftermath_aug,71,24,27,6,0.3380281690140845,0.2222222222222222,other
2033,aftermath_aug,23,9,7,2,0.391304347826087,0.2857142857142857,other
2034,aftermath_aug,52,5,18,2,0.09615384615384616,0.1111111111111111,other
2035,aftermath_aug,81,12,41,6,0.14814814814814814,0.14634146341463414,other
2036,aftermath_aug,37,4,11,1,0.10810810810810811,0.09090909090909091,other
2037,aftermath_aug,70,8,24,3,0.11428571428571428,0.125,other
2038,aftermath_aug,40,30,18,13,0.75,0.7222222222222222,other
2039,aftermath_aug,31,3,9,1,0.0967741935483871,0.1111111111111111,other
2040,aftermath_aug,62,0,31,0,0.0,0.0,other
2041,aftermath_aug,35,4,15,1,0.11428571428571428,0.06666666666666667,other
2042,aftermath_aug,47,5,24,2,0.10638297872340426,0.08333333333333333,other
2043,aftermath_aug,48,16,18,6,0.3333333333333333,0.3333333333333333,other
2044,aftermath_aug,39,25,19,12,0.6410256410256411,0.631578947368421,other
2045,aftermath_aug,53,8,27,4,0.1509433962264151,0.14814814814814814,other
2046,aftermath_aug,31,3,13,1,0.0967741935483871,0.07692307692307693,other
2047,aftermath_aug,34,0,16,0,0.0,0.0,other
2048,aftermath_aug,36,3,13,1,0.08333333333333333,0.07692307692307693,other
2049,aftermath_aug,31,5,12,3,0.16129032258064516,0.25,other
2050,aftermath_aug,38,3,19,1,0.07894736842105263,0.05263157894736842,other
2051,aftermath_aug,34,0,16,0,0.0,0.0,other
2052,aftermath_aug,26,0,10,0,0.0,0.0,other
2053,aftermath_aug,43,9,21,3,0.20930232558139536,0.14285714285714285,other
2054,aftermath_aug,47,8,20,2,0.1702127659574468,0.1,other
2055,aftermath_aug,41,15,16,6,0.36585365853658536,0.375,other
2056,aftermath_aug,61,3,27,1,0.04918032786885246,0.037037037037037035,other
2057,aftermath_aug,18,6,10,3,0.3333333333333333,0.3,other
2058,aftermath_aug,23,5,10,3,0.21739130434782608,0.3,other
2059,aftermath_aug,33,13,13,5,0.3939393939393939,0.38461538461538464,other
2060,aftermath_aug,25,4,9,1,0.16,0.1111111111111111,other
2061,aftermath_aug,7,3,3,1,0.42857142857142855,0.3333333333333333,other
2062,aftermath_aug,13,9,6,4,0.6923076923076923,0.6666666666666666,other
2063,aftermath_aug,22,11,6,3,0.5,0.5,other
2064,aftermath_aug,19,6,7,2,0.3157894736842105,0.2857142857142857,other
2065,aftermath_aug,31,3,10,1,0.0967741935483871,0.1,other
2066,aftermath_aug,42,9,17,4,0.21428571428571427,0.23529411764705882,other
2067,aftermath_aug,17,7,10,4,0.4117647058823529,0.4,other
2068,aftermath_aug,18,4,6,2,0.2222222222222222,0.3333333333333333,other
2069,aftermath_aug,36,20,17,9,0.5555555555555556,0.5294117647058824,other
2070,aftermath_aug,11,11,5,5,1.0,1.0,other
2071,aftermath_aug,36,20,17,9,0.5555555555555556,0.5294117647058824,other
2072,aftermath_aug,13,6,6,3,0.46153846153846156,0.5,other
2073,aftermath_aug,15,7,4,2,0.4666666666666667,0.5,other
2074,aftermath_aug,26,3,9,1,0.11538461538461539,0.1111111111111111,other
2075,aftermath_aug,29,4,7,1,0.13793103448275862,0.14285714285714285,other
2076,aftermath_aug,25,11,9,4,0.44,0.4444444444444444,other
2077,aftermath_aug,23,5,10,2,0.21739130434782608,0.2,other
2078,aftermath_aug,30,15,8,4,0.5,0.5,other
2079,aftermath_aug,11,7,5,3,0.6363636363636364,0.6,other
2080,aftermath_aug,20,4,8,1,0.2,0.125,other
2081,aftermath_aug,26,7,12,3,0.2692307692307692,0.25,other
2082,aftermath_aug,37,11,8,2,0.2972972972972973,0.25,other
2083,aftermath_aug,27,7,12,3,0.25925925925925924,0.25,other
2084,aftermath_aug,11,4,6,3,0.36363636363636365,0.5,other
2085,aftermath_aug,12,2,4,1,0.16666666666666666,0.25,other
2086,aftermath_aug,30,6,16,3,0.2,0.1875,other
2087,aftermath_aug,22,3,8,1,0.13636363636363635,0.125,other
2088,aftermath_aug,10,0,2,0,0.0,0.0,other
2089,aftermath_aug,85,37,30,12,0.43529411764705883,0.4,other
2090,aftermath_aug,8,4,2,1,0.5,0.5,other
2091,aftermath_aug,119,31,47,18,0.2605042016806723,0.3829787234042553,other
2092,aftermath_aug,34,15,13,7,0.4411764705882353,0.5384615384615384,other
2093,aftermath_aug,26,0,6,0,0.0,0.0,other
2094,aftermath_aug,190,111,89,58,0.5842105263157895,0.651685393258427,other
2095,aftermath_aug,113,63,61,34,0.5575221238938053,0.5573770491803278,other
2096,aftermath_aug,12,3,4,1,0.25,0.25,other
2097,aftermath_aug,6,0,3,0,0.0,0.0,other
2098,aftermath_aug,17,6,6,2,0.35294117647058826,0.3333333333333333,other
2099,aftermath_aug,8,3,3,1,0.375,0.3333333333333333,other
2100,aftermath_aug,18,8,10,5,0.4444444444444444,0.5,other
2101,aftermath_aug,4,0,2,0,0.0,0.0,other
2102,aftermath_aug,5,1,4,1,0.2,0.25,other
2103,aftermath_aug,4,1,3,1,0.25,0.3333333333333333,other
2104,aftermath_aug,9,3,4,1,0.3333333333333333,0.25,other
2105,aftermath_aug,20,4,8,1,0.2,0.125,other
2106,aftermath_aug,11,0,4,0,0.0,0.0,other
2107,aftermath_aug,5,3,2,1,0.6,0.5,other
2108,aftermath_aug,12,3,4,1,0.25,0.25,other
2109,aftermath_aug,6,0,2,0,0.0,0.0,other
2110,aftermath_aug,2,1,2,1,0.5,0.5,other
2111,aftermath_aug,16,7,8,4,0.4375,0.5,other
2112,aftermath_aug,2,0,1,0,0.0,0.0,other
2113,aftermath_aug,11,3,8,2,0.2727272727272727,0.25,other
2114,aftermath_aug,23,6,7,2,0.2608695652173913,0.2857142857142857,other
2115,aftermath_aug,1,1,1,1,1.0,1.0,other
2116,aftermath_aug,49,14,24,5,0.2857142857142857,0.20833333333333334,other
2117,aftermath_aug,66,11,28,5,0.16666666666666666,0.17857142857142858,other
2118,aftermath_aug,63,18,25,5,0.2857142857142857,0.2,other
2119,aftermath_aug,86,22,28,6,0.2558139534883721,0.21428571428571427,other
2120,aftermath_aug,26,9,12,4,0.34615384615384615,0.3333333333333333,other
2121,aftermath_aug,65,10,26,3,0.15384615384615385,0.11538461538461539,other
2122,aftermath_aug,62,20,26,7,0.3225806451612903,0.2692307692307692,other
2123,aftermath_aug,88,21,36,7,0.23863636363636365,0.19444444444444445,other
2124,aftermath_aug,79,21,33,7,0.26582278481012656,0.21212121212121213,other
2125,aftermath_aug,67,5,43,4,0.07462686567164178,0.09302325581395349,other
2126,aftermath_aug,40,9,14,3,0.225,0.21428571428571427,other
2127,aftermath_aug,39,15,13,6,0.38461538461538464,0.46153846153846156,other
2128,aftermath_aug,43,6,11,2,0.13953488372093023,0.18181818181818182,other
2129,aftermath_aug,82,21,34,7,0.25609756097560976,0.20588235294117646,other
2130,aftermath_aug,53,20,13,5,0.37735849056603776,0.38461538461538464,other
2131,aftermath_aug,49,25,30,15,0.5102040816326531,0.5,other
2132,aftermath_aug,41,2,18,1,0.04878048780487805,0.05555555555555555,other
2133,aftermath_aug,44,9,11,2,0.20454545454545456,0.18181818181818182,other
2134,aftermath_aug,57,10,27,3,0.17543859649122806,0.1111111111111111,other
2135,aftermath_aug,41,11,13,3,0.2682926829268293,0.23076923076923078,other
2136,aftermath_aug,14,8,7,3,0.5714285714285714,0.42857142857142855,other
2137,aftermath_aug,57,10,27,3,0.17543859649122806,0.1111111111111111,other
2138,aftermath_aug,38,3,13,1,0.07894736842105263,0.07692307692307693,other
2139,aftermath_aug,20,0,8,0,0.0,0.0,other
2140,aftermath_aug,32,3,13,1,0.09375,0.07692307692307693,other
2141,aftermath_aug,39,29,16,11,0.7435897435897436,0.6875,other
2142,aftermath_aug,70,23,30,9,0.32857142857142857,0.3,other
2143,aftermath_aug,71,9,30,4,0.1267605633802817,0.13333333333333333,other
2144,aftermath_aug,61,18,26,6,0.29508196721311475,0.23076923076923078,other
2145,aftermath_aug,42,3,18,1,0.07142857142857142,0.05555555555555555,other
2146,aftermath_aug,61,3,19,1,0.04918032786885246,0.05263157894736842,other
2147,aftermath_aug,50,8,21,2,0.16,0.09523809523809523,other
2148,aftermath_aug,37,3,23,1,0.08108108108108109,0.043478260869565216,other
2149,aftermath_aug,72,12,34,4,0.16666666666666666,0.11764705882352941,other
2150,aftermath_aug,40,4,27,2,0.1,0.07407407407407407,other
2151,aftermath_aug,47,2,17,1,0.0425531914893617,0.058823529411764705,other
2152,aftermath_aug,40,2,19,1,0.05,0.05263157894736842,other
2153,aftermath_aug,20,3,8,1,0.15,0.125,other
2154,aftermath_aug,62,2,29,1,0.03225806451612903,0.034482758620689655,other
2155,aftermath_aug,30,3,9,1,0.1,0.1111111111111111,other
2156,aftermath_aug,14,4,9,3,0.2857142857142857,0.3333333333333333,other
2157,aftermath_aug,44,0,18,0,0.0,0.0,other
2158,aftermath_aug,18,7,8,4,0.3888888888888889,0.5,other
2159,aftermath_aug,33,4,13,1,0.12121212121212122,0.07692307692307693,other
2160,aftermath_aug,8,7,5,4,0.875,0.8,other
2161,aftermath_aug,76,25,34,11,0.32894736842105265,0.3235294117647059,other
2162,aftermath_aug,74,21,31,7,0.28378378378378377,0.22580645161290322,other
2163,aftermath_aug,41,3,15,1,0.07317073170731707,0.06666666666666667,other
2164,aftermath_aug,36,3,12,1,0.08333333333333333,0.08333333333333333,other
2165,aftermath_aug,25,0,10,0,0.0,0.0,other
2166,aftermath_aug,34,5,14,2,0.14705882352941177,0.14285714285714285,other
2167,aftermath_aug,21,0,7,0,0.0,0.0,other
2168,aftermath_aug,22,1,11,1,0.045454545454545456,0.09090909090909091,other
2169,aftermath_aug,51,10,20,3,0.19607843137254902,0.15,other
2170,aftermath_aug,45,0,19,0,0.0,0.0,other
2171,aftermath_aug,31,3,11,1,0.0967741935483871,0.09090909090909091,other
2172,aftermath_aug,31,0,12,0,0.0,0.0,other
2173,aftermath_aug,15,6,5,2,0.4,0.4,other
2174,aftermath_aug,21,0,9,0,0.0,0.0,other
2175,aftermath_aug,29,7,12,2,0.2413793103448276,0.16666666666666666,other
2176,aftermath_aug,24,0,9,0,0.0,0.0,other
2177,aftermath_aug,51,32,25,16,0.6274509803921569,0.64,other
2178,aftermath_aug,49,30,24,15,0.6122448979591837,0.625,other
2179,aftermath_aug,17,0,8,0,0.0,0.0,other
2180,aftermath_aug,30,5,15,2,0.16666666666666666,0.13333333333333333,other
2181,aftermath_aug,38,12,13,3,0.3157894736842105,0.23076923076923078,other
2182,aftermath_aug,42,0,20,0,0.0,0.0,other
2183,aftermath_aug,40,4,10,1,0.1,0.1,other
2184,aftermath_aug,42,34,19,15,0.8095238095238095,0.7894736842105263,other
2185,aftermath_aug,40,32,18,14,0.8,0.7777777777777778,other
2186,aftermath_aug,10,3,7,2,0.3,0.2857142857142857,other
2187,aftermath_aug,25,7,9,2,0.28,0.2222222222222222,other
2188,aftermath_aug,17,0,6,0,0.0,0.0,other
2189,aftermath_aug,28,0,12,0,0.0,0.0,other
2190,aftermath_aug,41,7,24,3,0.17073170731707318,0.125,other
2191,aftermath_aug,39,20,21,9,0.5128205128205128,0.42857142857142855,other
2192,aftermath_aug,23,13,12,9,0.5652173913043478,0.75,other
2193,aftermath_aug,17,17,10,10,1.0,1.0,other
2194,aftermath_aug,6,0,2,0,0.0,0.0,other
2195,aftermath_aug,21,11,11,8,0.5238095238095238,0.7272727272727273,other
2196,aftermath_aug,31,3,13,1,0.0967741935483871,0.07692307692307693,other
2197,aftermath_aug,17,6,6,2,0.35294117647058826,0.3333333333333333,other
2198,aftermath_aug,20,0,7,0,0.0,0.0,other
2199,aftermath_aug,21,0,9,0,0.0,0.0,other
2200,aftermath_aug,100,35,41,14,0.35,0.34146341463414637,other
2201,aftermath_aug,13,7,7,4,0.5384615384615384,0.5714285714285714,other
2202,aftermath_aug,4,2,2,1,0.5,0.5,other
2203,aftermath_aug,21,5,6,1,0.23809523809523808,0.16666666666666666,other
2204,aftermath_aug,31,3,14,1,0.0967741935483871,0.07142857142857142,other
2205,aftermath_aug,3,1,3,1,0.3333333333333333,0.3333333333333333,other
2206,aftermath_aug,17,0,5,0,0.0,0.0,other
2207,aftermath_aug,42,8,15,2,0.19047619047619047,0.13333333333333333,other
2208,aftermath_aug,12,7,5,3,0.5833333333333334,0.6,other
2209,aftermath_aug,4,0,2,0,0.0,0.0,other
2210,aftermath_aug,13,0,5,0,0.0,0.0,other
2211,aftermath_aug,11,2,6,1,0.18181818181818182,0.16666666666666666,other
2212,aftermath_aug,19,17,10,8,0.8947368421052632,0.8,other
2213,aftermath_aug,23,16,10,6,0.6956521739130435,0.6,other
2214,aftermath_aug,12,7,5,2,0.5833333333333334,0.4,other
2215,aftermath_aug,16,0,9,0,0.0,0.0,other
2216,aftermath_aug,8,6,5,4,0.75,0.8,other
2217,aftermath_aug,16,0,9,0,0.0,0.0,other
2218,aftermath_aug,16,5,4,1,0.3125,0.25,other
2219,aftermath_aug,18,1,10,1,0.05555555555555555,0.1,other
2220,aftermath_aug,26,4,7,1,0.15384615384615385,0.14285714285714285,other
2221,aftermath_aug,13,6,4,2,0.46153846153846156,0.5,other
2222,aftermath_aug,22,4,6,1,0.18181818181818182,0.16666666666666666,other
2223,aftermath_aug,25,4,6,1,0.16,0.16666666666666666,other
2224,aftermath_aug,25,4,6,1,0.16,0.16666666666666666,other
2225,aftermath_aug,26,10,8,3,0.38461538461538464,0.375,other
2226,aftermath_aug,88,23,38,9,0.26136363636363635,0.23684210526315788,other
2227,aftermath_aug,22,8,7,2,0.36363636363636365,0.2857142857142857,other
2228,aftermath_aug,15,0,3,0,0.0,0.0,other
2229,aftermath_aug,24,6,6,1,0.25,0.16666666666666666,other
2230,aftermath_aug,12,2,5,1,0.16666666666666666,0.2,other
2231,aftermath_aug,14,6,10,4,0.42857142857142855,0.4,other
2232,aftermath_aug,11,2,6,1,0.18181818181818182,0.16666666666666666,other
2233,aftermath_aug,23,0,7,0,0.0,0.0,other
2234,aftermath_aug,16,8,7,4,0.5,0.5714285714285714,other
2235,aftermath_aug,20,11,8,5,0.55,0.625,other
2236,aftermath_aug,48,8,25,5,0.16666666666666666,0.2,other
2237,aftermath_aug,19,7,7,2,0.3684210526315789,0.2857142857142857,other
2238,aftermath_aug,33,9,13,4,0.2727272727272727,0.3076923076923077,other
2239,aftermath_aug,20,5,5,1,0.25,0.2,other
2240,aftermath_aug,11,2,4,1,0.18181818181818182,0.25,other
2242,aftermath_aug,6,0,2,0,0.0,0.0,other
2243,aftermath_aug,6,0,2,0,0.0,0.0,other
